farm_id,Days_cycle,Administration_antimicrobials,day,substance_from_product,concentration_from_label,Active_moiety_per_mg_of_derivative,du_amt,entire_batch,route,route_amtfeed_kg,route_amtwater_litres,waterintake_24h_litter,the_concentration_in_diluted_amtwater_mgL,alive_start_of_day,predicted_weight_kg,total_active_flock_dose_mg_or_IU,Dose_in_mg_or_IU_per_chicken,Dose_in_mg_kg_day,du_why_use,du_ifthera_disease
1,107,Amoxicillin,0,Amoxicillin trihydrate; Colistin sulfate,"Amoxicillin (20g/100g); Colistin (25,000,000 IU/100g)",0.87,15 gram,Yes,Mixed in water,NA,8,10,NA (water prepare < water consumption),"1,100",0.06,"2,610",2.37,38.23,2,NA
1,107,Colistin,0,Amoxicillin trihydrate; Colistin sulfate,"Amoxicillin (20g/100g); Colistin (25,000,000 IU/100g)",1,15 gram,Yes,Mixed in water,NA,8,10,NA (water prepare < water consumption),"1,100",0.06,125,0.11,1.83,2,NA
1,107,Amoxicillin,1,Amoxicillin trihydrate; Colistin sulfate,"Amoxicillin (20g/100g); Colistin (25,000,000 IU/100g)",0.87,15 gram,Yes,Mixed in water,NA,8,10,NA (water prepare < water consumption),"1,100",0.07,"2,610",2.37,35.24,2,NA
1,107,Colistin,1,Amoxicillin trihydrate; Colistin sulfate,"Amoxicillin (20g/100g); Colistin (25,000,000 IU/100g)",1,15 gram,Yes,Mixed in water,NA,8,10,NA (water prepare < water consumption),"1,100",0.07,125,0.11,1.69,2,NA
1,107,Amoxicillin,2,Amoxicillin trihydrate; Colistin sulfate,"Amoxicillin (20g/100g); Colistin (25,000,000 IU/100g)",0.87,15 gram,Yes,Mixed in water,NA,8,20,NA (water prepare < water consumption),"1,100",0.07,"2,610",2.37,32.47,2,NA
1,107,Colistin,2,Amoxicillin trihydrate; Colistin sulfate,"Amoxicillin (20g/100g); Colistin (25,000,000 IU/100g)",1,15 gram,Yes,Mixed in water,NA,8,20,NA (water prepare < water consumption),"1,100",0.07,125,0.11,1.56,2,NA
1,107,Amoxicillin,3,Amoxicillin trihydrate; Colistin sulfate,"Amoxicillin (20g/100g); Colistin (25,000,000 IU/100g)",0.87,15 gram,Yes,Mixed in water,NA,8,30,NA (water prepare < water consumption),"1,100",0.08,"2,610",2.37,29.93,2,NA
1,107,Colistin,3,Amoxicillin trihydrate; Colistin sulfate,"Amoxicillin (20g/100g); Colistin (25,000,000 IU/100g)",1,15 gram,Yes,Mixed in water,NA,8,30,NA (water prepare < water consumption),"1,100",0.08,125,0.11,1.43,2,NA
1,107,Amoxicillin,4,Amoxicillin trihydrate; Colistin sulfate,"Amoxicillin (20g/100g); Colistin (25,000,000 IU/100g)",0.87,15 gram,Yes,Mixed in water,NA,8,40,NA (water prepare < water consumption),"1,100",0.09,"2,610",2.37,27.58,2,NA
1,107,Colistin,4,Amoxicillin trihydrate; Colistin sulfate,"Amoxicillin (20g/100g); Colistin (25,000,000 IU/100g)",1,15 gram,Yes,Mixed in water,NA,8,40,NA (water prepare < water consumption),"1,100",0.09,125,0.11,1.32,2,NA
1,107,Amoxicillin,5,Amoxicillin trihydrate; Colistin sulfate,"Amoxicillin (20g/100g); Colistin (25,000,000 IU/100g)",0.87,15 gram,Yes,Mixed in water,NA,8,50,NA (water prepare < water consumption),"1,100",0.09,"2,610",2.37,25.42,2,NA
1,107,Colistin,5,Amoxicillin trihydrate; Colistin sulfate,"Amoxicillin (20g/100g); Colistin (25,000,000 IU/100g)",1,15 gram,Yes,Mixed in water,NA,8,50,NA (water prepare < water consumption),"1,100",0.09,125,0.11,1.22,2,NA
1,107,Amoxicillin,6,Amoxicillin trihydrate; Colistin sulfate,"Amoxicillin (20g/100g); Colistin (25,000,000 IU/100g)",0.87,15 gram,Yes,Mixed in water,NA,8,50,NA (water prepare < water consumption),"1,100",0.1,"2,610",2.37,23.43,2,NA
1,107,Colistin,6,Amoxicillin trihydrate; Colistin sulfate,"Amoxicillin (20g/100g); Colistin (25,000,000 IU/100g)",1,15 gram,Yes,Mixed in water,NA,8,50,NA (water prepare < water consumption),"1,100",0.1,125,0.11,1.12,2,NA
1,107,Amoxicillin,7,Amoxicillin trihydrate; Colistin sulfate,"Amoxicillin (20g/100g); Colistin (25,000,000 IU/100g)",0.87,15 gram,Yes,Mixed in water,NA,8,60,NA (water prepare < water consumption),"1,100",0.11,"2,610",2.37,21.59,2,NA
1,107,Colistin,7,Amoxicillin trihydrate; Colistin sulfate,"Amoxicillin (20g/100g); Colistin (25,000,000 IU/100g)",1,15 gram,Yes,Mixed in water,NA,8,60,NA (water prepare < water consumption),"1,100",0.11,125,0.11,1.03,2,NA
1,107,Amoxicillin,61,Colistin Sulfate; Amoxicillin Trihydrate,"Colistin (2,000,000,000 IU/1kg); Amoxycillin (500g/1kg)",0.87,1 gram/12 kg chicken,Yes,Mixed in water,NA,100,280,NA (water prepare < water consumption),"1,082",2.06,"80,910",74.78,36.28,1,Asthma
1,107,Colistin,61,Colistin Sulfate; Amoxicillin Trihydrate,"Colistin (2,000,000,000 IU/1kg); Amoxycillin (500g/1kg)",1,1 gram/12 kg chicken,Yes,Mixed in water,NA,100,280,NA (water prepare < water consumption),"1,082",2.06,"12,400",11.46,5.56,1,Asthma
1,107,Amoxicillin,62,Colistin Sulfate; Amoxicillin Trihydrate,"Colistin (2,000,000,000 IU/1kg); Amoxycillin (500g/1kg)",0.87,1 gram/12 kg chicken,Yes,Mixed in water,NA,100,280,NA (water prepare < water consumption),"1,082",2.11,"80,910",74.78,35.43,1,Asthma
1,107,Colistin,62,Colistin Sulfate; Amoxicillin Trihydrate,"Colistin (2,000,000,000 IU/1kg); Amoxycillin (500g/1kg)",1,1 gram/12 kg chicken,Yes,Mixed in water,NA,100,280,NA (water prepare < water consumption),"1,082",2.11,"12,400",11.46,5.43,1,Asthma
1,107,Amoxicillin,63,Colistin Sulfate; Amoxicillin Trihydrate,"Colistin (2,000,000,000 IU/1kg); Amoxycillin (500g/1kg)",0.87,1 gram/12 kg chicken,Yes,Mixed in water,NA,100,280,NA (water prepare < water consumption),"1,082",2.16,"80,910",74.78,34.64,1,Asthma
1,107,Colistin,63,Colistin Sulfate; Amoxicillin Trihydrate,"Colistin (2,000,000,000 IU/1kg); Amoxycillin (500g/1kg)",1,1 gram/12 kg chicken,Yes,Mixed in water,NA,100,280,NA (water prepare < water consumption),"1,082",2.16,"12,400",11.46,5.31,1,Asthma
2,109,Florfenicol,0,Florfenicol,Florfenicol (230g/ 1000ml),1,10 ml,Yes,Mixed in water,NA,10,5,230,950,0.04,"1,150",1.21,29.19,2,NA
2,109,Florfenicol,1,Florfenicol,Florfenicol (230g/ 1000ml),1,10 ml,Yes,Mixed in water,NA,10,5,230,950,0.05,"1,150",1.21,26.5,2,NA
2,109,Florfenicol,2,Florfenicol,Florfenicol (230g/ 1000ml),1,10 ml,Yes,Mixed in water,NA,10,5,230,950,0.05,"1,150",1.21,24.05,2,NA
2,109,Florfenicol,3,Florfenicol,Florfenicol (230g/ 1000ml),1,10 ml,Yes,Mixed in water,NA,10,8,230,950,0.06,"1,840",1.94,34.92,2,NA
2,109,Amoxicillin,44,Amoxicillin trihydrate; Colistin sulfate,"Amoxicillin (500g/1000g); Colistin (2,800,000,000 IU/1000g)",0.87,70 grams/meal,Yes,Mixed in water,NA,40,180,NA (water prepare < water consumption),943,0.99,"30,450",32.29,32.52,2,NA
2,109,Colistin,44,Amoxicillin trihydrate; Colistin sulfate,"Amoxicillin (500g/1000g); Colistin (2,800,000,000 IU/1000g)",1,70 grams/meal,Yes,Mixed in water,NA,40,180,NA (water prepare < water consumption),943,0.99,"6,533",6.93,6.98,2,NA
2,109,Amoxicillin,45,Amoxicillin trihydrate; Colistin sulfate,"Amoxicillin (500g/1000g); Colistin (2,800,000,000 IU/1000g)",0.87,70 grams/meal,Yes,Mixed in water,NA,40,180,NA (water prepare < water consumption),943,1.04,"30,450",32.29,31.02,2,NA
2,109,Colistin,45,Amoxicillin trihydrate; Colistin sulfate,"Amoxicillin (500g/1000g); Colistin (2,800,000,000 IU/1000g)",1,70 grams/meal,Yes,Mixed in water,NA,40,180,NA (water prepare < water consumption),943,1.04,"6,533",6.93,6.66,2,NA
2,109,Amoxicillin,46,Amoxicillin trihydrate; Colistin sulfate,"Amoxicillin (500g/1000g); Colistin (2,800,000,000 IU/1000g)",0.87,70 grams/meal,Yes,Mixed in water,NA,40,180,NA (water prepare < water consumption),943,1.09,"30,450",32.29,29.6,2,NA
2,109,Colistin,46,Amoxicillin trihydrate; Colistin sulfate,"Amoxicillin (500g/1000g); Colistin (2,800,000,000 IU/1000g)",1,70 grams/meal,Yes,Mixed in water,NA,40,180,NA (water prepare < water consumption),943,1.09,"6,533",6.93,6.35,2,NA
2,109,Sulfamonomethoxine_TMP,49,Sulfamonomethoxine; Trimethoprim,Sulfamonomethoxine (800g/1000g); Trimethoprim (200g/1000g),1,30 grams/meal,Yes,Mixed in water,NA,50,200,NA (water prepare < water consumption),943,1.25,"24,000",25.45,20.41,2,NA
2,109,Trimethoprim,49,Sulfamonomethoxine; Trimethoprim,Sulfamonomethoxine (800g/1000g); Trimethoprim (200g/1000g),1,30 grams/meal,Yes,Mixed in water,NA,50,200,NA (water prepare < water consumption),943,1.25,"6,000",6.36,5.1,2,NA
2,109,Sulfamonomethoxine_TMP,50,Sulfamonomethoxine; Trimethoprim,Sulfamonomethoxine (800g/1000g); Trimethoprim (200g/1000g),1,30 grams/meal,Yes,Mixed in water,NA,50,200,NA (water prepare < water consumption),943,1.3,"24,000",25.45,19.62,2,NA
2,109,Trimethoprim,50,Sulfamonomethoxine; Trimethoprim,Sulfamonomethoxine (800g/1000g); Trimethoprim (200g/1000g),1,30 grams/meal,Yes,Mixed in water,NA,50,200,NA (water prepare < water consumption),943,1.3,"6,000",6.36,4.9,2,NA
2,109,Sulfamonomethoxine_TMP,51,Sulfamonomethoxine; Trimethoprim,Sulfamonomethoxine (800g/1000g); Trimethoprim (200g/1000g),1,30 grams/meal,Yes,Mixed in water,NA,50,200,NA (water prepare < water consumption),943,1.34,"24,000",25.45,18.93,2,NA
2,109,Trimethoprim,51,Sulfamonomethoxine; Trimethoprim,Sulfamonomethoxine (800g/1000g); Trimethoprim (200g/1000g),1,30 grams/meal,Yes,Mixed in water,NA,50,200,NA (water prepare < water consumption),943,1.34,"6,000",6.36,4.73,2,NA
2,109,Florfenicol,72,Florfenicol; Doxycycline,Florfenicol (200 mg/1ml); Doxycycline (100 mg/1ml),1,200ml,Yes,Mixed in water,NA,60,290,NA (water prepare < water consumption),637,1.61,"40,000",62.79,39.09,2,NA
2,109,Doxycycline,72,Florfenicol; Doxycycline,Florfenicol (200 mg/1ml); Doxycycline (100 mg/1ml),1,200ml,Yes,Mixed in water,NA,60,290,NA (water prepare < water consumption),637,1.61,"20,000",31.4,19.55,2,NA
2,109,Florfenicol,73,Florfenicol; Doxycycline,Florfenicol (200 mg/1ml); Doxycycline (100 mg/1ml),1,200ml,Yes,Mixed in water,NA,60,290,NA (water prepare < water consumption),637,1.61,"40,000",62.79,39.01,2,NA
2,109,Doxycycline,73,Florfenicol; Doxycycline,Florfenicol (200 mg/1ml); Doxycycline (100 mg/1ml),1,200ml,Yes,Mixed in water,NA,60,290,NA (water prepare < water consumption),637,1.61,"20,000",31.4,19.51,2,NA
2,109,Florfenicol,74,Florfenicol; Doxycycline,Florfenicol (200 mg/1ml); Doxycycline (100 mg/1ml),1,200ml,Yes,Mixed in water,NA,60,290,NA (water prepare < water consumption),647,1.61,"40,000",61.82,38.3,2,NA
2,109,Doxycycline,74,Florfenicol; Doxycycline,Florfenicol (200 mg/1ml); Doxycycline (100 mg/1ml),1,200ml,Yes,Mixed in water,NA,60,290,NA (water prepare < water consumption),647,1.61,"20,000",30.91,19.15,2,NA
3,130,Amoxicillin,3,Amoxicillin trihydrate; Colistin sulfate,"Amoxicillin (500,000mg/1kg); Colistin (4,000,000,000 IU/1kg)",0.87,10 gram,Yes,Mixed in water,NA,20,10,218,"1,000",0.09,"2,175",2.18,25.35,2,NA
3,130,Enrofloxacin,3,Enrofloxacin,Enrofloxacin (200mg/1ml),1,10 ml,Yes,Mixed in water,NA,20,10,100,"1,000",0.09,"1,000",1,11.66,2,NA
3,130,Colistin,3,Amoxicillin trihydrate; Colistin sulfate,"Amoxicillin (500,000mg/1kg); Colistin (400,000,000 IU/1kg)",1,10 gram,Yes,Mixed in water,NA,20,10,7,"1,000",0.09,67,0.07,0.78,2,NA
3,130,Amoxicillin,4,Amoxicillin trihydrate; Colistin sulfate,"Amoxicillin (500,000mg/1kg); Colistin (4,000,000,000 IU/1kg)",0.87,10 gram,Yes,Mixed in water,NA,10,15,NA (water prepare < water consumption),"1,000",0.09,"4,350",4.35,46.29,2,NA
3,130,Enrofloxacin,4,Enrofloxacin,Enrofloxacin (200mg/1ml),1,10 ml,Yes,Mixed in water,NA,20,15,100,"1,000",0.09,"1,500",1.5,15.96,2,NA
3,130,Colistin,4,Amoxicillin trihydrate; Colistin sulfate,"Amoxicillin (500,000mg/1kg); Colistin (400,000,000 IU/1kg)",1,10 gram,Yes,Mixed in water,NA,10,15,NA (water prepare < water consumption),"1,000",0.09,133,0.13,1.42,2,NA
3,130,Amoxicillin,5,Amoxicillin trihydrate; Colistin sulfate,"Amoxicillin (500,000mg/1kg); Colistin (4,000,000,000 IU/1kg)",0.87,10 gram,Yes,Mixed in water,NA,20,15,218,990,0.1,"3,263",3.3,32.01,2,NA
3,130,Enrofloxacin,5,Enrofloxacin,Enrofloxacin (200mg/1ml),1,10 ml,Yes,Mixed in water,NA,20,15,100,990,0.1,"1,500",1.52,14.72,2,NA
3,130,Colistin,5,Amoxicillin trihydrate; Colistin sulfate,"Amoxicillin (500,000mg/1kg); Colistin (400,000,000 IU/1kg)",1,10 gram,Yes,Mixed in water,NA,20,15,7,990,0.1,100,0.1,0.98,2,NA
3,130,Enrofloxacin,18,Enrofloxacin,Enrofloxacin (200mg/1ml),1,50ml,Yes,Mixed in water,NA,100,80,100,980,0.32,"8,000",8.16,25.23,2,NA
3,130,Amoxicillin,18,Amoxicillin trihydrate; Colistin sulfate,"Amoxicillin (500,000mg/1kg); Colistin (400,000,000 IU/1kg)",0.87,1 gram/25 kg chicken,Yes,Mixed in water,NA,100,80,52,980,0.32,"4,176",4.26,13.17,2,NA
3,130,Colistin,18,Amoxicillin trihydrate; Colistin sulfate,"Amoxicillin (500,000mg/1kg); Colistin (400,000,000 IU/1kg)",1,1 gram/25 kg chicken,Yes,Mixed in water,NA,100,80,2,980,0.32,139,0.14,0.44,2,NA
3,130,Enrofloxacin,19,Enrofloxacin,Enrofloxacin (200mg/1ml),1,50ml,Yes,Mixed in water,NA,100,80,100,980,0.35,"8,000",8.16,23.58,2,NA
3,130,Amoxicillin,19,Amoxicillin trihydrate; Colistin sulfate,"Amoxicillin (500,000mg/1kg); Colistin (400,000,000 IU/1kg)",0.87,1 gram/25 kg chicken,Yes,Mixed in water,NA,100,80,52,980,0.35,"4,176",4.26,12.31,2,NA
3,130,Colistin,19,Amoxicillin trihydrate; Colistin sulfate,"Amoxicillin (500,000mg/1kg); Colistin (400,000,000 IU/1kg)",1,1 gram/25 kg chicken,Yes,Mixed in water,NA,100,80,2,980,0.35,139,0.14,0.41,2,NA
3,130,Enrofloxacin,20,Enrofloxacin,Enrofloxacin (200mg/1ml),1,50ml,Yes,Mixed in water,NA,100,100,NA (water prepare < water consumption),980,0.37,"10,000",10.2,27.69,2,NA
3,130,Amoxicillin,20,Amoxicillin trihydrate; Colistin sulfate,"Amoxicillin (500,000mg/1kg); Colistin (400,000,000 IU/1kg)",0.87,1 gram/25 kg chicken,Yes,Mixed in water,NA,100,100,NA (water prepare < water consumption),980,0.37,"5,220",5.33,14.46,2,NA
3,130,Colistin,20,Amoxicillin trihydrate; Colistin sulfate,"Amoxicillin (500,000mg/1kg); Colistin (400,000,000 IU/1kg)",1,1 gram/25 kg chicken,Yes,Mixed in water,NA,100,100,NA (water prepare < water consumption),980,0.37,173,0.18,0.48,2,NA
3,130,Doxycycline,59,Doxycycline Hyclate,Doxycycline (500mg/1g),0.82,50 grams/meal,Yes,Mixed in feed,50,NA,260,NA (water prepare < water consumption),980,1.39,"20,500",20.92,22.41,1,Asthma
3,130,Colistin,59,Colistin sulfate,"Colistin (4,800,000 IU/1g)",1,50 grams/meal,Yes,Mixed in feed,50,NA,260,NA (water prepare < water consumption),980,1.39,"8,000",8.16,2.3,1,Asthma
3,130,Doxycycline,60,Doxycycline Hyclate,Doxycycline (500mg/1g),0.82,50 grams/meal,Yes,Mixed in feed,50,NA,260,NA (water prepare < water consumption),980,1.43,"20,500",20.92,22.41,1,Asthma
3,130,Colistin,60,Colistin sulfate,"Colistin (4,800,000 IU/1g)",1,50 grams/meal,Yes,Mixed in feed,50,NA,260,NA (water prepare < water consumption),980,1.43,"8,000",8.16,2.3,1,Asthma
3,130,Doxycycline,61,Doxycycline Hyclate,Doxycycline (500mg/1g),0.82,50 grams/meal,Yes,Mixed in feed,50,NA,260,NA (water prepare < water consumption),980,1.46,"20,500",20.92,22.41,1,Asthma
3,130,Colistin,61,Colistin sulfate,"Colistin (4,800,000 IU/1g)",1,50 grams/meal,Yes,Mixed in feed,50,NA,260,NA (water prepare < water consumption),980,1.46,"8,000",8.16,2.3,1,Asthma
3,130,Doxycycline,62,Doxycycline Hyclate,Doxycycline (500mg/1g),0.82,50 grams/meal,Yes,Mixed in feed,50,NA,260,NA (water prepare < water consumption),980,1.5,"20,500",20.92,22.41,1,Asthma
3,130,Colistin,62,Colistin sulfate,"Colistin (4,800,000 IU/1g)",1,50 grams/meal,Yes,Mixed in feed,50,NA,260,NA (water prepare < water consumption),980,1.5,"8,000",8.16,2.3,1,Asthma
3,130,Amoxicillin,89,Amoxicillin,Amoxicillin (50g/100g),1,300 grams/meal,Yes,Mixed in feed,100,NA,320,NA (water prepare < water consumption),974,2.82,"150,000",154,54.69,2,NA
3,130,Amoxicillin,90,Amoxicillin,Amoxicillin (50g/100g),1,300 grams/meal,Yes,Mixed in feed,100,NA,320,NA (water prepare < water consumption),974,2.87,"150,000",154,53.66,2,NA
3,130,Amoxicillin,91,Amoxicillin,Amoxicillin (50g/100g),1,300 grams/meal,Yes,Mixed in feed,100,NA,320,NA (water prepare < water consumption),974,2.92,"150,000",154,52.71,2,NA
4,31,Gentamicin,0,Gentamicin sulfate; Ampicillin Sodium,Gentamicin (40mg/1g); Ampicillin (30mg/1g),0.83,20 g,Yes,Mixed in water,NA,5,5,NA (water prepare < water consumption),"1,000",0.04,664,0.66,15.72,2,NA
4,31,Ampicillin,0,Gentamicin sulfate; Ampicillin Sodium,Gentamicin (40mg/1g); Ampicillin (30mg/1g),0.87,20 g,Yes,Mixed in water,NA,5,5,NA (water prepare < water consumption),"1,000",0.04,522,0.52,12.36,2,NA
4,31,Gentamicin,1,Gentamicin sulfate; Ampicillin Sodium,Gentamicin (40mg/1g); Ampicillin (30mg/1g),0.83,20 g,Yes,Mixed in water,NA,5,5,NA (water prepare < water consumption),"1,000",0.05,664,0.66,14.13,2,NA
4,31,Ampicillin,1,Gentamicin sulfate; Ampicillin Sodium,Gentamicin (40mg/1g); Ampicillin (30mg/1g),0.87,20 g,Yes,Mixed in water,NA,5,5,NA (water prepare < water consumption),"1,000",0.05,522,0.52,11.11,2,NA
4,31,Gentamicin,2,Gentamicin sulfate; Ampicillin Sodium,Gentamicin (40mg/1g); Ampicillin (30mg/1g),0.83,20 g,Yes,Mixed in water,NA,5,10,NA (water prepare < water consumption),"1,000",0.05,664,0.66,12.7,2,NA
4,31,Ampicillin,2,Gentamicin sulfate; Ampicillin Sodium,Gentamicin (40mg/1g); Ampicillin (30mg/1g),0.87,20 g,Yes,Mixed in water,NA,5,10,NA (water prepare < water consumption),"1,000",0.05,522,0.52,9.98,2,NA
4,31,Gentamicin,3,Gentamicin sulfate; Ampicillin Sodium,Gentamicin (40mg/1g); Ampicillin (30mg/1g),0.83,20 g,Yes,Mixed in water,NA,5,10,NA (water prepare < water consumption),"1,000",0.06,664,0.66,11.41,2,NA
4,31,Ampicillin,3,Gentamicin sulfate; Ampicillin Sodium,Gentamicin (40mg/1g); Ampicillin (30mg/1g),0.87,20 g,Yes,Mixed in water,NA,5,10,NA (water prepare < water consumption),"1,000",0.06,522,0.52,8.97,2,NA
4,31,Gentamicin,4,Gentamicin sulfate; Ampicillin Sodium,Gentamicin (40mg/1g); Ampicillin (30mg/1g),0.83,20 g,Yes,Mixed in water,NA,5,10,NA (water prepare < water consumption),"1,000",0.06,664,0.66,10.26,2,NA
4,31,Ampicillin,4,Gentamicin sulfate; Ampicillin Sodium,Gentamicin (40mg/1g); Ampicillin (30mg/1g),0.87,20 g,Yes,Mixed in water,NA,5,10,NA (water prepare < water consumption),"1,000",0.06,522,0.52,8.07,2,NA
4,31,Gentamicin,5,Gentamicin sulfate; Ampicillin Sodium,Gentamicin (40mg/1g); Ampicillin (30mg/1g),0.83,20 g,Yes,Mixed in water,NA,5,10,NA (water prepare < water consumption),990,0.07,664,0.67,9.32,2,NA
4,31,Ampicillin,5,Gentamicin sulfate; Ampicillin Sodium,Gentamicin (40mg/1g); Ampicillin (30mg/1g),0.87,20 g,Yes,Mixed in water,NA,5,10,NA (water prepare < water consumption),990,0.07,522,0.53,7.32,2,NA
4,31,Gentamicin,6,Gentamicin sulfate; Ampicillin Sodium,Gentamicin (40mg/1g); Ampicillin (30mg/1g),0.83,50 g,Yes,Mixed in water,NA,10,20,NA (water prepare < water consumption),990,0.08,"1,660",1.68,20.93,2,NA
4,31,Ampicillin,6,Gentamicin sulfate; Ampicillin Sodium,Gentamicin (40mg/1g); Ampicillin (30mg/1g),0.87,50 g,Yes,Mixed in water,NA,10,20,NA (water prepare < water consumption),990,0.08,"1,305",1.32,16.46,2,NA
4,31,Gentamicin,7,Gentamicin sulfate; Ampicillin Sodium,Gentamicin (40mg/1g); Ampicillin (30mg/1g),0.83,50 g,Yes,Mixed in water,NA,10,20,NA (water prepare < water consumption),990,0.09,"1,660",1.68,18.82,2,NA
4,31,Ampicillin,7,Gentamicin sulfate; Ampicillin Sodium,Gentamicin (40mg/1g); Ampicillin (30mg/1g),0.87,50 g,Yes,Mixed in water,NA,10,20,NA (water prepare < water consumption),990,0.09,"1,305",1.32,14.79,2,NA
4,31,Gentamicin,8,Gentamicin sulfate; Ampicillin Sodium,Gentamicin (40mg/1g); Ampicillin (30mg/1g),0.83,50 g,Yes,Mixed in water,NA,10,30,NA (water prepare < water consumption),974,0.1,"1,660",1.7,17.19,2,NA
4,31,Ampicillin,8,Gentamicin sulfate; Ampicillin Sodium,Gentamicin (40mg/1g); Ampicillin (30mg/1g),0.87,50 g,Yes,Mixed in water,NA,10,30,NA (water prepare < water consumption),974,0.1,"1,305",1.34,13.51,2,NA
4,31,Gentamicin,9,Gentamicin sulfate; Ampicillin Sodium,Gentamicin (40mg/1g); Ampicillin (30mg/1g),0.83,50 g,Yes,Mixed in water,NA,10,40,NA (water prepare < water consumption),974,0.11,"1,660",1.7,15.45,2,NA
4,31,Ampicillin,9,Gentamicin sulfate; Ampicillin Sodium,Gentamicin (40mg/1g); Ampicillin (30mg/1g),0.87,50 g,Yes,Mixed in water,NA,10,40,NA (water prepare < water consumption),974,0.11,"1,305",1.34,12.14,2,NA
4,31,Amoxicillin,30,Amoxicillin trihydrate,Amoxicillin (500g/1kg),1,100 g,Yes,Mixed in water,NA,20,120,NA (water prepare < water consumption),971,0.63,"50,000",51.49,81.74,1,Coccidiosis
4,31,Amoxicillin,31,Amoxicillin trihydrate,Amoxicillin (500g/1kg),1,100 g,Yes,Mixed in water,NA,20,120,NA (water prepare < water consumption),971,0.67,"50,000",51.49,77.41,1,Coccidiosis
5,116,Enrofloxacin,12,Enrofloxacin,Enrofloxacin (100mg/1ml),1,50 g,Yes,Mixed in feed,25,NA,100,NA (water prepare < water consumption),"3,470",0.21,"5,000",1.44,6.98,2,NA
5,116,Enrofloxacin,13,Enrofloxacin,Enrofloxacin (100mg/1ml),1,50g,Yes,Mixed in feed,25,NA,120,NA (water prepare < water consumption),"3,470",0.23,"5,000",1.44,6.25,2,NA
5,116,Enrofloxacin,14,Enrofloxacin,Enrofloxacin (100mg/1ml),1,50g,Yes,Mixed in feed,25,NA,120,NA (water prepare < water consumption),"3,470",0.26,"5,000",1.44,5.6,2,NA
5,116,Sulfamonomethoxine,18,Sulfamonomethoxine sodium,Sulfamonomethoxine (800mg/1g),0.93,50 g,Yes,Mixed in feed,25,NA,200,NA (water prepare < water consumption),"3,465",0.38,"37,200",10.74,44.13,1,Blackhead disease
5,116,Sulfamonomethoxine,19,Sulfamonomethoxine sodium,Sulfamonomethoxine (800mg/1g),0.93,50 g,Yes,Mixed in feed,25,NA,300,NA (water prepare < water consumption),"3,465",0.42,"37,200",10.74,44.13,1,Blackhead disease
5,116,Sulfamonomethoxine,20,Sulfamonomethoxine sodium,Sulfamonomethoxine (800mg/1g),0.93,50 g,Yes,Mixed in feed,25,NA,300,NA (water prepare < water consumption),"3,465",0.45,"37,200",10.74,44.13,1,Blackhead disease
5,116,Florfenicol,25,Florfenicol,Florfenicol (100 mg/1ml),1,100 ml,Yes,Mixed in feed,25,NA,400,NA (water prepare < water consumption),"3,465",0.62,"10,000",2.89,4.63,2,NA
5,116,Florfenicol,26,Florfenicol,Florfenicol (100 mg/1ml),1,100 ml,Yes,Mixed in feed,25,NA,400,NA (water prepare < water consumption),"3,465",0.66,"10,000",2.89,4.39,2,NA
5,116,Florfenicol,27,Florfenicol,Florfenicol (100 mg/1ml),1,100 ml,Yes,Mixed in feed,25,NA,400,NA (water prepare < water consumption),"3,465",0.69,"10,000",2.89,4.18,2,NA
6,123,Amoxicillin,24,Amoxicillin trihydrate,Amoxicillin (50g/100g),0.87,20g,Yes,Mixed in water,NA,40,120,NA (water prepare < water consumption),932,0.66,"8,700",9.33,14.09,2,NA
6,123,Amoxicillin,25,Amoxicillin trihydrate,Amoxicillin (50g/100g),0.87,20g,Yes,Mixed in water,NA,40,120,NA (water prepare < water consumption),932,0.7,"8,700",9.33,13.41,2,NA
6,123,Amoxicillin,26,Amoxicillin trihydrate,Amoxicillin (50g/100g),0.87,20g,Yes,Mixed in water,NA,40,140,NA (water prepare < water consumption),932,0.73,"8,700",9.33,12.82,2,NA
6,123,Ampicillin,60,Ampicillin trihydrate; Colistin sulfate,"Ampicillin (5g/100g); Colistin (20,000,000 IU/100g)",0.87,150g,Yes,Mixed in water,NA,90,220,NA (water prepare < water consumption),926,1.86,"6,525",7.05,3.78,2,NA
6,123,Colistin,60,Ampicillin trihydrate; Colistin sulfate,"Ampicillin (5g/100g); Colistin (20,000,000 IU/100g)",1,150g,Yes,Mixed in water,NA,90,220,NA (water prepare < water consumption),926,1.86,"1,000",1.08,0.58,2,NA
6,123,Ampicillin,61,Ampicillin trihydrate; Colistin sulfate,"Ampicillin (5g/100g); Colistin (20,000,000 IU/100g)",0.87,150g,Yes,Mixed in water,NA,90,220,NA (water prepare < water consumption),926,1.89,"6,525",7.05,3.73,2,NA
6,123,Colistin,61,Ampicillin trihydrate; Colistin sulfate,"Ampicillin (5g/100g); Colistin (20,000,000 IU/100g)",1,150g,Yes,Mixed in water,NA,90,220,NA (water prepare < water consumption),926,1.89,"1,000",1.08,0.57,2,NA
7,140,Doxycycline,5,Doxycycline HCL; Colistin sulfate,"Doxycycline (50mg/1g); Colistin (500,000 IU/1g)",0.82,30 g,Yes,Mixed in water,NA,20,60,NA (water prepare < water consumption),"3,135",0.06,"1,230",0.39,6.07,2,NA
7,140,Colistin,5,Doxycycline HCL; Colistin sulfate,"Doxycycline (50mg/1g); Colistin (500,000 IU/1g)",1,30 g,Yes,Mixed in water,NA,20,60,NA (water prepare < water consumption),"3,135",0.06,500,0.16,2.47,2,NA
7,140,Doxycycline,6,Doxycycline HCL; Colistin sulfate,"Doxycycline (50mg/1g); Colistin (500,000 IU/1g)",0.82,30 g,Yes,Mixed in water,NA,20,60,NA (water prepare < water consumption),"3,132",0.07,"1,230",0.39,5.5,2,NA
7,140,Colistin,6,Doxycycline HCL; Colistin sulfate,"Doxycycline (50mg/1g); Colistin (500,000 IU/1g)",1,30 g,Yes,Mixed in water,NA,20,60,NA (water prepare < water consumption),"3,132",0.07,500,0.16,2.24,2,NA
7,140,Doxycycline,7,Doxycycline HCL; Colistin sulfate,"Doxycycline (50mg/1g); Colistin (500,000 IU/1g)",0.82,30 g,Yes,Mixed in water,NA,20,60,NA (water prepare < water consumption),"3,126",0.08,"1,230",0.39,4.99,2,NA
7,140,Colistin,7,Doxycycline HCL; Colistin sulfate,"Doxycycline (50mg/1g); Colistin (500,000 IU/1g)",1,30 g,Yes,Mixed in water,NA,20,60,NA (water prepare < water consumption),"3,126",0.08,500,0.16,2.03,2,NA
7,140,Sulfamonomethoxine_TMP,16,Sulfamonomethoxine sodium; Trimethoprim,Sulfamonomethoxine (761.9mg/1g); Trimethoprim (190.5mg/1g),0.93,30 g,Yes,Mixed in water,NA,60,170,NA (water prepare < water consumption),"3,113",0.19,"21,257",6.83,35.4,2,NA
7,140,Trimethoprim,16,Sulfamonomethoxine sodium; Trimethoprim,Sulfamonomethoxine (761.9mg/1g); Trimethoprim (190.5mg/1g),1,30 g,Yes,Mixed in water,NA,60,170,NA (water prepare < water consumption),"3,113",0.19,"5,715",1.84,9.52,2,NA
7,140,Sulfamonomethoxine_TMP,17,Sulfamonomethoxine sodium; Trimethoprim,Sulfamonomethoxine (761.9mg/1g); Trimethoprim (190.5mg/1g),0.93,30 g,Yes,Mixed in water,NA,60,180,NA (water prepare < water consumption),"3,113",0.21,"21,257",6.83,32.4,2,NA
7,140,Trimethoprim,17,Sulfamonomethoxine sodium; Trimethoprim,Sulfamonomethoxine (761.9mg/1g); Trimethoprim (190.5mg/1g),1,30 g,Yes,Mixed in water,NA,60,180,NA (water prepare < water consumption),"3,113",0.21,"5,715",1.84,8.71,2,NA
7,140,Sulfamonomethoxine_TMP,18,Sulfamonomethoxine sodium; Trimethoprim,Sulfamonomethoxine (761.9mg/1g); Trimethoprim (190.5mg/1g),0.93,30 g,Yes,Mixed in water,NA,60,180,NA (water prepare < water consumption),"3,113",0.23,"21,257",6.83,29.8,2,NA
7,140,Trimethoprim,18,Sulfamonomethoxine sodium; Trimethoprim,Sulfamonomethoxine (761.9mg/1g); Trimethoprim (190.5mg/1g),1,30 g,Yes,Mixed in water,NA,60,180,NA (water prepare < water consumption),"3,113",0.23,"5,715",1.84,8.01,2,NA
7,140,Doxycycline,31,Doxycycline HCL; Colistin sulfate,"Doxycycline (50mg/1g); Colistin (500,000 IU/1g)",0.82,100 g,Yes,Mixed in water,NA,100,320,NA (water prepare < water consumption),"3,106",0.47,"4,100",1.32,2.81,2,NA
7,140,Colistin,31,Doxycycline HCL; Colistin sulfate,"Doxycycline (50mg/1g); Colistin (500,000 IU/1g)",1,100 g,Yes,Mixed in water,NA,100,320,NA (water prepare < water consumption),"3,106",0.47,"1,667",0.54,1.14,2,NA
7,140,Doxycycline,32,Doxycycline HCL; Colistin sulfate,"Doxycycline (50mg/1g); Colistin (500,000 IU/1g)",0.82,100 g,Yes,Mixed in water,NA,100,340,NA (water prepare < water consumption),"3,104",0.49,"4,100",1.32,2.7,2,NA
7,140,Colistin,32,Doxycycline HCL; Colistin sulfate,"Doxycycline (50mg/1g); Colistin (500,000 IU/1g)",1,100 g,Yes,Mixed in water,NA,100,340,NA (water prepare < water consumption),"3,104",0.49,"1,667",0.54,1.1,2,NA
7,140,Doxycycline,33,Doxycycline HCL; Colistin sulfate,"Doxycycline (50mg/1g); Colistin (500,000 IU/1g)",0.82,100 g,Yes,Mixed in water,NA,100,350,NA (water prepare < water consumption),"3,104",0.51,"4,100",1.32,2.59,2,NA
7,140,Colistin,33,Doxycycline HCL; Colistin sulfate,"Doxycycline (50mg/1g); Colistin (500,000 IU/1g)",1,100 g,Yes,Mixed in water,NA,100,350,NA (water prepare < water consumption),"3,104",0.51,"1,667",0.54,1.05,2,NA
7,140,Amoxicillin,35,Amoxicillin trihydrate,Amoxicillin (50g/100g),0.87,60 g,Yes,Mixed in water,NA,100,350,NA (water prepare < water consumption),"3,104",0.55,"26,100",8.41,15.21,2,NA
7,140,Amoxicillin,36,Amoxicillin trihydrate,Amoxicillin (50g/100g),0.87,60 g,Yes,Mixed in water,NA,100,350,NA (water prepare < water consumption),"3,104",0.58,"26,100",8.41,14.59,2,NA
7,140,Amoxicillin,37,Amoxicillin trihydrate,Amoxicillin (50g/100g),0.87,60 g,Yes,Mixed in water,NA,100,350,NA (water prepare < water consumption),"3,104",0.6,"26,100",8.41,14,2,NA
7,140,Sulfamonomethoxine_TMP,57,Sulfamonomethoxine sodium; Trimethoprim,Sulfamonomethoxine (761.9mg/1g); Trimethoprim (190.5mg/1g),0.93,150 g,Yes,Mixed in water,NA,100,600,NA (water prepare < water consumption),"3,101",0.95,"106,285",34.27,35.97,1,Blackhead disease
7,140,Trimethoprim,57,Sulfamonomethoxine sodium; Trimethoprim,Sulfamonomethoxine (761.9mg/1g); Trimethoprim (190.5mg/1g),1,150 g,Yes,Mixed in water,NA,100,600,NA (water prepare < water consumption),"3,101",0.95,"28,575",9.21,9.67,1,Blackhead disease
7,140,Sulfamonomethoxine_TMP,58,Sulfamonomethoxine sodium; Trimethoprim,Sulfamonomethoxine (761.9mg/1g); Trimethoprim (190.5mg/1g),0.93,150 g,Yes,Mixed in water,NA,100,600,NA (water prepare < water consumption),"3,101",0.96,"106,285",34.27,35.63,1,Blackhead disease
7,140,Trimethoprim,58,Sulfamonomethoxine sodium; Trimethoprim,Sulfamonomethoxine (761.9mg/1g); Trimethoprim (190.5mg/1g),1,150 g,Yes,Mixed in water,NA,100,600,NA (water prepare < water consumption),"3,101",0.96,"28,575",9.21,9.58,1,Blackhead disease
7,140,Sulfamonomethoxine_TMP,59,Sulfamonomethoxine sodium; Trimethoprim,Sulfamonomethoxine (761.9mg/1g); Trimethoprim (190.5mg/1g),0.93,150 g,Yes,Mixed in water,NA,100,600,NA (water prepare < water consumption),"3,101",0.97,"106,285",34.27,35.28,1,Blackhead disease
7,140,Trimethoprim,59,Sulfamonomethoxine sodium; Trimethoprim,Sulfamonomethoxine (761.9mg/1g); Trimethoprim (190.5mg/1g),1,150 g,Yes,Mixed in water,NA,100,600,NA (water prepare < water consumption),"3,101",0.97,"28,575",9.21,9.49,1,Blackhead disease
7,140,Gentamicin,64,Gentamicin sulfate; Doxycycline hyclate,Gentamicin (200mg/1g); Doxycycline (200mg/1g),0.83,60 g,Yes,Mixed in water,NA,200,640,NA (water prepare < water consumption),"3,101",1.03,"9,960",3.21,3.13,2,NA
7,140,Doxycycline,64,Gentamicin sulfate; Doxycycline hyclate,Gentamicin (200mg/1g); Doxycycline (200mg/1g),0.82,60 g,Yes,Mixed in water,NA,200,640,NA (water prepare < water consumption),"3,101",1.03,"9,840",3.17,3.09,2,NA
7,140,Gentamicin,65,Gentamicin sulfate; Doxycycline hyclate,Gentamicin (200mg/1g); Doxycycline (200mg/1g),0.83,60 g,Yes,Mixed in water,NA,200,640,NA (water prepare < water consumption),"3,101",1.04,"9,960",3.21,3.09,2,NA
7,140,Doxycycline,65,Gentamicin sulfate; Doxycycline hyclate,Gentamicin (200mg/1g); Doxycycline (200mg/1g),0.82,60 g,Yes,Mixed in water,NA,200,640,NA (water prepare < water consumption),"3,101",1.04,"9,840",3.17,3.05,2,NA
7,140,Gentamicin,66,Gentamicin sulfate; Doxycycline hyclate,Gentamicin (200mg/1g); Doxycycline (200mg/1g),0.83,60 g,Yes,Mixed in water,NA,200,640,NA (water prepare < water consumption),"3,101",1.05,"9,960",3.21,3.05,2,NA
7,140,Doxycycline,66,Gentamicin sulfate; Doxycycline hyclate,Gentamicin (200mg/1g); Doxycycline (200mg/1g),0.82,60 g,Yes,Mixed in water,NA,200,640,NA (water prepare < water consumption),"3,101",1.05,"9,840",3.17,3.01,2,NA
7,140,Gentamicin,67,Gentamicin sulfate; Doxycycline hyclate,Gentamicin (200mg/1g); Doxycycline (200mg/1g),0.83,60 g,Yes,Mixed in water,NA,200,640,NA (water prepare < water consumption),"3,101",1.07,"9,960",3.21,3,2,NA
7,140,Doxycycline,67,Gentamicin sulfate; Doxycycline hyclate,Gentamicin (200mg/1g); Doxycycline (200mg/1g),0.82,60 g,Yes,Mixed in water,NA,200,640,NA (water prepare < water consumption),"3,101",1.07,"9,840",3.17,2.97,2,NA
8,114,Ampicillin,0,"Ampicillin trihydrate, Colistin sulfate","Ampicillin trihydrate (32g/kg); Colistin sulfate (160,000,000 UI)",0.87,30 g,Yes,Mixed in water,NA,3,4,NA (water prepare < water consumption),"1,520",0.07,835,0.55,7.85,2,NA
8,114,Colistin,0,Ampicillin trihydrate; Colistin sulfate,"Ampicillin trihydrate (32g/kg); Colistin sulfate (160,000,000 UI/1KG)",1,30 g,Yes,Mixed in water,NA,3,4,NA (water prepare < water consumption),"1,520",0.07,160,0.11,2.3,2,NA
8,114,Ampicillin,1,"Ampicillin trihydrate, Colistin sulfate","Ampicillin trihydrate (32g/kg); Colistin sulfate (160,000,000 UI)",0.87,30 g,Yes,Mixed in water,NA,3,4,NA (water prepare < water consumption),"1,520",0.08,835,0.55,7.21,2,NA
8,114,Colistin,1,Ampicillin trihydrate; Colistin sulfate,"Ampicillin trihydrate (32g/kg); Colistin sulfate (160,000,000 UI/1KG)",1,30 g,Yes,Mixed in water,NA,3,4,NA (water prepare < water consumption),"1,520",0.08,160,0.11,2.3,2,NA
8,114,Ampicillin,2,"Ampicillin trihydrate, Colistin sulfate","Ampicillin trihydrate (32g/kg); Colistin sulfate (160,000,000 UI)",0.87,30 g,Yes,Mixed in water,NA,3,10,NA (water prepare < water consumption),"1,520",0.08,835,0.55,6.62,2,NA
8,114,Colistin,2,Ampicillin trihydrate; Colistin sulfate,"Ampicillin trihydrate (32g/kg); Colistin sulfate (160,000,000 UI/1KG)",1,30 g,Yes,Mixed in water,NA,3,10,NA (water prepare < water consumption),"1,520",0.08,160,0.11,2.3,2,NA
8,114,Ampicillin,3,"Ampicillin trihydrate, Colistin sulfate","Ampicillin trihydrate (32g/kg); Colistin sulfate (160,000,000 UI)",0.87,30 g,Yes,Mixed in water,NA,3,15,NA (water prepare < water consumption),"1,520",0.09,835,0.55,6.08,2,NA
8,114,Colistin,3,Ampicillin trihydrate; Colistin sulfate,"Ampicillin trihydrate (32g/kg); Colistin sulfate (160,000,000 UI/1KG)",1,30 g,Yes,Mixed in water,NA,3,15,NA (water prepare < water consumption),"1,520",0.09,160,0.11,2.3,2,NA
8,114,Ampicillin,4,"Ampicillin trihydrate, Colistin sulfate","Ampicillin trihydrate (32g/kg); Colistin sulfate (160,000,000 UI)",0.87,30 g,Yes,Mixed in water,NA,3,20,NA (water prepare < water consumption),"1,520",0.1,835,0.55,5.59,2,NA
8,114,Colistin,4,Ampicillin trihydrate; Colistin sulfate,"Ampicillin trihydrate (32g/kg); Colistin sulfate (160,000,000 UI/1KG)",1,30 g,Yes,Mixed in water,NA,3,20,NA (water prepare < water consumption),"1,520",0.1,160,0.11,2.3,2,NA
8,114,Doxycycline,11,"Doxycycline hyclate, Florfenicol",Florfenicol (10g/100g); Doxycycline (10g/100g),0.82,30 g,Yes,Mixed in feed,25,NA,20,NA (water prepare < water consumption),"1,491",0.18,"2,460",1.65,9.22,1,Asthma
10,117,Florfenicol,74,"Doxycycline hyclate, Florfenicol; Sulfadimidine",Doxycycline (500mg/1g); Florfenicol (500 mg/1g); Sulfamonomethoxine (800mg/1g),1,"300 g, 600 g, 600 g",Yes,Mixed in feed,25,NA,200,NA (water prepare < water consumption),979,1.56,"300,000",306.44,196.13,1,Asthma
10,117,Doxycycline,74,"Doxycycline hyclate, Florfenicol; Sulfadimidine",Doxycycline (500mg/1g); Florfenicol (500 mg/1g); Sulfamonomethoxine (800mg/1g),0.82,"300 g, 600 g, 600 g",Yes,Mixed in feed,25,NA,200,NA (water prepare < water consumption),979,1.56,"123,000",125.64,80.41,1,Asthma
8,114,Colistin,19,Colistin sulfate,"Colistin (4,800,000 IU/1g)",1,100 g,Yes,Mixed in water,NA,50,80,NA (water prepare < water consumption),"1,485",0.34,"16,000",10.77,32.14,1,Diarrhea
8,114,Colistin,20,Colistin sulfate,"Colistin (4,800,000 IU/1g)",1,100 g,Yes,Mixed in water,NA,50,100,NA (water prepare < water consumption),"1,485",0.36,"16,000",10.77,30.26,1,Diarrhea
8,114,Colistin,21,Colistin sulfate,"Colistin (4,800,000 IU/1g)",1,100 g,Yes,Mixed in water,NA,50,100,NA (water prepare < water consumption),"1,485",0.38,"16,000",10.77,28.61,1,Diarrhea
10,117,Sulfadimidine,74,"Doxycycline hyclate, Florfenicol; Sulfadimidine",Doxycycline (500mg/1g); Florfenicol (500 mg/1g); Sulfadimidin (5g/100g),1,"300 g, 600 g, 600 g",Yes,Mixed in feed,25,NA,200,NA (water prepare < water consumption),979,1.56,"30,000",30.64,19.61,1,Asthma
10,117,Florfenicol,75,"Doxycycline hyclate, Florfenicol; Sulfadimidine",Doxycycline (500mg/1g); Florfenicol (500 mg/1g); Sulfamonomethoxine (800mg/1g),1,"300 g, 600 g, 600 g",Yes,Mixed in feed,25,NA,200,NA (water prepare < water consumption),979,1.59,"300,000",306.44,192.84,1,Asthma
10,117,Doxycycline,75,"Doxycycline hyclate, Florfenicol; Sulfadimidine",Doxycycline (500mg/1g); Florfenicol (500 mg/1g); Sulfamonomethoxine (800mg/1g),0.82,"300 g, 600 g, 600 g",Yes,Mixed in feed,25,NA,200,NA (water prepare < water consumption),979,1.59,"123,000",125.64,79.06,1,Asthma
10,117,Sulfadimidine,75,"Doxycycline hyclate, Florfenicol; Sulfadimidine",Doxycycline (500mg/1g); Florfenicol (500 mg/1g); Sulfadimidin (5g/100g),1,"300 g, 600 g, 600 g",Yes,Mixed in feed,25,NA,200,NA (water prepare < water consumption),979,1.59,"30,000",30.64,19.28,1,Asthma
10,117,Florfenicol,76,"Doxycycline hyclate, Florfenicol; Sulfadimidine",Doxycycline (500mg/1g); Florfenicol (500 mg/1g); Sulfamonomethoxine (800mg/1g),1,"300 g, 600 g, 600 g",Yes,Mixed in feed,25,NA,200,NA (water prepare < water consumption),979,1.62,"300,000",306.44,189.46,1,Asthma
10,117,Doxycycline,76,"Doxycycline hyclate, Florfenicol; Sulfadimidine",Doxycycline (500mg/1g); Florfenicol (500 mg/1g); Sulfamonomethoxine (800mg/1g),0.82,"300 g, 600 g, 600 g",Yes,Mixed in feed,25,NA,200,NA (water prepare < water consumption),979,1.62,"123,000",125.64,77.68,1,Asthma
8,114,Norfloxacin,35,Norfloxacin HCl,"Norfloxacin (500,000 mg/1kg)",0.9,100 g,Yes,Mixed in water,NA,50,100,NA (water prepare < water consumption),"1,485",0.63,"45,000",30.3,48.29,1,Diarrhea
8,114,Norfloxacin,36,Norfloxacin HCl,"Norfloxacin (500,000 mg/1kg)",0.9,100 g,Yes,Mixed in water,NA,50,120,NA (water prepare < water consumption),"1,485",0.65,"45,000",30.3,46.57,1,Asthma
8,114,Ampicillin,66,Ampicillin trihydrate; Colistin sulfate,"Ampicillin trihydrate (32g/kg); Colistin sulfate (160,000,000 UI)",0.87,100g,Yes,Mixed in water,NA,72,210,NA (water prepare < water consumption),"1,482",1.44,"2,784",1.88,1.3,2,NA
8,114,Colistin,66,Ampicillin trihydrate; Colistin sulfate,"Ampicillin trihydrate (32g/kg); Colistin sulfate (160,000,000 UI/1KG)",1,100g,Yes,Mixed in water,NA,72,210,NA (water prepare < water consumption),"1,482",1.44,533,0.36,0.25,2,NA
8,114,Ampicillin,67,Ampicillin trihydrate; Colistin sulfate,"Ampicillin trihydrate (32g/kg); Colistin sulfate (160,000,000 UI)",0.87,100 g,Yes,Mixed in water,NA,72,210,NA (water prepare < water consumption),"1,230",1.46,"2,784",2.26,1.55,2,NA
8,114,Colistin,67,Ampicillin trihydrate; Colistin sulfate,"Ampicillin trihydrate (32g/kg); Colistin sulfate (160,000,000 UI/1KG)",1,100 g,Yes,Mixed in water,NA,72,210,NA (water prepare < water consumption),"1,230",1.46,533,0.43,0.3,2,NA
8,114,Amoxicillin,74,Amoxicillin trihydrate,Amoxicillin (50g/100g),0.87,100 g,Yes,Mixed in water,NA,72,220,NA (water prepare < water consumption),987,1.56,"43,500",44.07,28.24,2,NA
8,114,Amoxicillin,75,Amoxicillin trihydrate,Amoxicillin (50g/100g),0.87,100 g,Yes,Mixed in water,NA,72,220,NA (water prepare < water consumption),987,1.58,"43,500",44.07,27.93,2,NA
8,114,Amoxicillin,76,Amoxicillin trihydrate,Amoxicillin (50g/100g),0.87,100 g,Yes,Mixed in water,NA,72,220,NA (water prepare < water consumption),987,1.6,"43,500",44.07,27.6,2,NA
8,114,Amoxicillin,102,Amoxicillin trihydrate,Amoxicillin (50g/100g),0.87,150 g,Yes,Mixed in water,NA,80,150,NA (water prepare < water consumption),987,2.8,"65,250",66.11,23.58,2,NA
8,114,Amoxicillin,103,Amoxicillin trihydrate,Amoxicillin (50g/100g),0.87,150 g,Yes,Mixed in water,NA,80,150,NA (water prepare < water consumption),987,2.86,"65,250",66.11,23.1,2,NA
8,114,Amoxicillin,104,Amoxicillin trihydrate,Amoxicillin (50g/100g),0.87,150 g,Yes,Mixed in water,NA,80,150,NA (water prepare < water consumption),657,2.91,"65,250",99.32,34.09,2,NA
9,107,Amoxicillin,16,Amoxicillin trihydrate; Colistin sulfate,"Amoxicillin (750g/1kg); Colistin (2,500,000,000 IU/1kg)",0.87,80 g,Yes,Mixed in water,NA,20,60,NA (water prepare < water consumption),"1,475",0.25,"52,200",35.39,143.37,1,"Coccidiosis, pink stool"
9,107,Colistin,16,Amoxicillin trihydrate; Colistin sulfate,"Amoxicillin (750g/1kg); Colistin (2,500,000,000 IU/1kg)",1,80 g,Yes,Mixed in water,NA,20,60,NA (water prepare < water consumption),"1,475",0.25,"6,667",4.52,18.31,1,"Coccidiosis, pink stool"
9,107,Amoxicillin,17,Amoxicillin trihydrate; Colistin sulfate,"Amoxicillin (750g/1kg); Colistin (2,500,000,000 IU/1kg)",0.87,80 g,Yes,Mixed in water,NA,20,80,NA (water prepare < water consumption),"1,475",0.27,"52,200",35.39,133.05,1,"Coccidiosis, pink stool"
9,107,Colistin,17,Amoxicillin trihydrate; Colistin sulfate,"Amoxicillin (750g/1kg); Colistin (2,500,000,000 IU/1kg)",1,80 g,Yes,Mixed in water,NA,20,80,NA (water prepare < water consumption),"1,475",0.27,"6,667",4.52,16.99,1,"Coccidiosis, pink stool"
9,107,Amoxicillin,18,Amoxicillin trihydrate; Colistin sulfate,"Amoxicillin (750g/1kg); Colistin (2,500,000,000 IU/1kg)",0.87,80 g,Yes,Mixed in water,NA,20,80,NA (water prepare < water consumption),"1,475",0.29,"52,200",35.39,124.04,1,"Coccidiosis, pink stool"
9,107,Colistin,18,Amoxicillin trihydrate; Colistin sulfate,"Amoxicillin (750g/1kg); Colistin (2,500,000,000 IU/1kg)",1,80 g,Yes,Mixed in water,NA,20,80,NA (water prepare < water consumption),"1,475",0.29,"6,667",4.52,15.84,1,"Coccidiosis, pink stool"
9,107,Tilmicosin,63,Tilmicosin Phosphate,Tilmicosin (250 g/1lit),0.9,300 ml,Yes,Mixed in water,NA,90,250,NA (water prepare < water consumption),"1,469",1.28,"67,500",45.95,35.83,2,NA
9,107,Tilmicosin,64,Tilmicosin Phosphate,Tilmicosin (250 g/1lit),0.9,300 ml,Yes,Mixed in water,NA,90,250,NA (water prepare < water consumption),"1,219",1.3,"67,500",55.37,42.45,2,NA
9,107,Tilmicosin,65,Tilmicosin Phosphate,Tilmicosin (250 g/1lit),0.9,300 ml,Yes,Mixed in water,NA,90,250,NA (water prepare < water consumption),"1,219",1.33,"67,500",55.37,41.73,2,NA
10,117,Florfenicol,20,Florfenicol,Florfenicol (300 mg/1ml),1,50 ml,Yes,Mixed in water,NA,20,80,NA (water prepare < water consumption),986,0.34,"15,000",15.21,45.37,1,Diarrhea
10,117,Florfenicol,21,Florfenicol,Florfenicol (300 mg/1ml),1,50 ml,Yes,Mixed in water,NA,20,80,NA (water prepare < water consumption),986,0.36,"15,000",15.21,42.79,1,Diarrhea
10,117,Florfenicol,22,Florfenicol,Florfenicol (300 mg/1ml),1,50 ml,Yes,Mixed in water,NA,20,80,NA (water prepare < water consumption),986,0.38,"15,000",15.21,40.54,1,Diarrhea
10,117,Amoxicillin,24,Amoxicillin trihydrate; Colistin sulfate,"Amoxicillin (50g/100g); Colistin (25,000,000UI/100g)",0.87,25 g,Yes,Mixed in water,NA,30,100,NA (water prepare < water consumption),986,0.41,"10,875",11.03,26.68,1,Blackhead disease
10,117,Sulfamonomethoxine_TMP,24,Sulfamonomethoxine Sodium;  Trimethoprim,Sulfamonomethoxine (40g/100g); Trimethoprim (8g/100g),0.93,25 g,Yes,Mixed in water,NA,30,100,NA (water prepare < water consumption),986,0.41,"9,300",9.43,22.82,1,Blackhead disease
10,117,Trimethoprim,24,Sulfamonomethoxine Sodium;  Trimethoprim,Sulfamonomethoxine (40g/100g); Trimethoprim (8g/100g),1,25 g,Yes,Mixed in water,NA,30,100,NA (water prepare < water consumption),986,0.41,"2,000",2.03,4.91,1,Blackhead disease
10,117,Colistin,24,Amoxicillin trihydrate; Colistin sulfate,"Amoxicillin (50g/100g); Colistin (25,000,000UI/100g)",1,25 g,Yes,Mixed in water,NA,30,100,NA (water prepare < water consumption),986,0.41,208,0.21,0.51,1,Blackhead disease
10,117,Amoxicillin,25,Amoxicillin trihydrate; Colistin sulfate,"Amoxicillin (50g/100g); Colistin (25,000,000UI/100g)",0.87,25 g,Yes,Mixed in water,NA,30,100,NA (water prepare < water consumption),986,0.43,"10,875",11.03,25.56,1,Blackhead disease
10,117,Sulfamonomethoxine_TMP,25,Sulfamonomethoxine Sodium;  Trimethoprim,Sulfamonomethoxine (40g/100g); Trimethoprim (8g/100g),0.93,25 g,Yes,Mixed in water,NA,30,100,NA (water prepare < water consumption),986,0.43,"9,300",9.43,21.86,1,Blackhead disease
10,117,Trimethoprim,25,Sulfamonomethoxine Sodium;  Trimethoprim,Sulfamonomethoxine (40g/100g); Trimethoprim (8g/100g),1,25 g,Yes,Mixed in water,NA,30,100,NA (water prepare < water consumption),986,0.43,"2,000",2.03,4.7,1,Blackhead disease
10,117,Colistin,25,Amoxicillin trihydrate; Colistin sulfate,"Amoxicillin (50g/100g); Colistin (25,000,000UI/100g)",1,25 g,Yes,Mixed in water,NA,30,100,NA (water prepare < water consumption),986,0.43,208,0.21,0.49,1,Blackhead disease
10,117,Amoxicillin,26,Amoxicillin trihydrate; Colistin sulfate,"Amoxicillin (50g/100g); Colistin (25,000,000UI/100g)",0.87,25 g,Yes,Mixed in water,NA,30,150,NA (water prepare < water consumption),986,0.45,"10,875",11.03,24.56,1,Blackhead disease
10,117,Sulfamonomethoxine_TMP,26,Sulfamonomethoxine Sodium;  Trimethoprim,Sulfamonomethoxine (40g/100g); Trimethoprim (8g/100g),0.93,25 g,Yes,Mixed in water,NA,30,150,NA (water prepare < water consumption),986,0.45,"9,300",9.43,21,1,Blackhead disease
10,117,Trimethoprim,26,Sulfamonomethoxine Sodium;  Trimethoprim,Sulfamonomethoxine (40g/100g); Trimethoprim (8g/100g),1,25 g,Yes,Mixed in water,NA,30,150,NA (water prepare < water consumption),986,0.45,"2,000",2.03,4.52,1,Blackhead disease
10,117,Colistin,26,Amoxicillin trihydrate; Colistin sulfate,"Amoxicillin (50g/100g); Colistin (25,000,000UI/100g)",1,25 g,Yes,Mixed in water,NA,30,150,NA (water prepare < water consumption),986,0.45,208,0.21,0.47,1,Blackhead disease
10,117,Amoxicillin,27,Amoxicillin trihydrate; Colistin sulfate,"Amoxicillin (50g/100g); Colistin (25,000,000UI/100g)",0.87,25 g,Yes,Mixed in water,NA,30,150,NA (water prepare < water consumption),986,0.47,"10,875",11.03,23.67,1,Blackhead disease
10,117,Sulfamonomethoxine_TMP,27,Sulfamonomethoxine Sodium;  Trimethoprim,Sulfamonomethoxine (40g/100g); Trimethoprim (8g/100g),0.93,25 g,Yes,Mixed in water,NA,30,150,NA (water prepare < water consumption),986,0.47,"9,300",9.43,20.25,1,Blackhead disease
10,117,Trimethoprim,27,Sulfamonomethoxine Sodium;  Trimethoprim,Sulfamonomethoxine (40g/100g); Trimethoprim (8g/100g),1,25 g,Yes,Mixed in water,NA,30,150,NA (water prepare < water consumption),986,0.47,"2,000",2.03,4.35,1,Blackhead disease
10,117,Colistin,27,Amoxicillin trihydrate; Colistin sulfate,"Amoxicillin (50g/100g); Colistin (25,000,000UI/100g)",1,25 g,Yes,Mixed in water,NA,30,150,NA (water prepare < water consumption),986,0.47,208,0.21,0.45,1,Blackhead disease
10,117,Sulfadimidine,28,Sulfadimidine,Sulfadimidin (5g/100g),1,50 g,Yes,Mixed in water,NA,30,150,NA (water prepare < water consumption),986,0.48,"2,500",2.54,5.26,1,Coccidia
10,117,Sulfadimidine,29,Sulfadimidine,Sulfadimidin (5g/100g),1,50 g,Yes,Mixed in water,NA,30,150,NA (water prepare < water consumption),986,0.5,"2,500",2.54,5.09,1,Coccidia
10,117,Florfenicol,40,Florfenicol,Florfenicol (300 mg/1ml),1,100 ml,Yes,Mixed in feed,25,NA,160,NA (water prepare < water consumption),986,0.75,"30,000",30.43,40.47,1,Asthma
10,117,Florfenicol,41,Florfenicol,Florfenicol (300 mg/1ml),1,100 ml,Yes,Mixed in feed,25,NA,160,NA (water prepare < water consumption),982,0.78,"30,000",30.55,39.13,1,Asthma
10,117,Florfenicol,42,Florfenicol,Florfenicol (300 mg/1ml),1,100 ml,Yes,Mixed in feed,25,NA,160,NA (water prepare < water consumption),982,0.81,"30,000",30.55,37.74,1,Asthma
10,117,Doxycycline,50,Doxycycline Hyclate,Doxycycline (500mg/1g),0.82,100 g,Yes,Mixed in feed,25,NA,220,NA (water prepare < water consumption),982,1.04,"41,000",41.75,40.15,1,Asthma
10,117,Doxycycline,51,Doxycycline Hyclate,Doxycycline (500mg/1g),0.82,100 g,Yes,Mixed in feed,25,NA,220,NA (water prepare < water consumption),982,1.07,"41,000",41.75,39.17,1,Asthma
10,117,Doxycycline,52,Doxycycline Hyclate,Doxycycline (500mg/1g),0.82,100 g,Yes,Mixed in feed,25,NA,240,NA (water prepare < water consumption),982,1.09,"41,000",41.75,38.28,1,Asthma
10,117,Tilmicosin,65,Tilmicosin phosphate,Tilmicosin (250 g/1lit),0.9,100 ml,Yes,Mixed in feed,25,NA,270,NA (water prepare < water consumption),982,1.37,"22,500",22.91,16.69,1,Asthma
10,117,Tilmicosin,66,Tilmicosin phosphate,Tilmicosin (250 g/1lit),0.9,100 ml,Yes,Mixed in feed,25,NA,270,NA (water prepare < water consumption),979,1.39,"22,500",22.98,16.5,1,Asthma
10,117,Tilmicosin,67,Tilmicosin phosphate,Tilmicosin (250 g/1lit),0.9,100 ml,Yes,Mixed in feed,25,NA,270,NA (water prepare < water consumption),979,1.41,"22,500",22.98,16.27,1,Asthma
10,117,Sulfadimidine,76,"Doxycycline hyclate, Florfenicol; Sulfadimidine",Doxycycline (500mg/1g); Florfenicol (500 mg/1g); Sulfadimidin (5g/100g),1,"300 g, 600 g, 600 g",Yes,Mixed in feed,25,NA,200,NA (water prepare < water consumption),979,1.62,"30,000",30.64,18.95,1,Asthma
14,113,Doxycycline,87,"Doxycycline Hyclate, Tilmicosin Phosphate",Doxycycline (500mg/1g); Tilmicosin (250mg/1g);,0.82,150 g,Yes,Mixed in feed,25,NA,140,NA (water prepare < water consumption),481,2.26,"61,500",127.86,56.58,2,NA
14,113,Tilmicosin,87,"Doxycycline Hyclate, Tilmicosin Phosphate",Doxycycline (500mg/1g); Tilmicosin (250mg/1g);,0.9,150 g,Yes,Mixed in feed,25,NA,140,NA (water prepare < water consumption),481,2.26,"33,750",70.17,31.05,2,NA
14,113,Doxycycline,88,"Doxycycline Hyclate, Tilmicosin Phosphate",Doxycycline (500mg/1g); Tilmicosin (250mg/1g);,0.82,150g,Yes,Mixed in feed,25,NA,140,NA (water prepare < water consumption),481,2.3,"61,500",127.86,55.59,2,NA
14,113,Tilmicosin,88,"Doxycycline Hyclate, Tilmicosin Phosphate",Doxycycline (500mg/1g); Tilmicosin (250mg/1g);,0.9,150g,Yes,Mixed in feed,25,NA,140,NA (water prepare < water consumption),481,2.3,"33,750",70.17,30.5,2,NA
14,113,Doxycycline,89,"Doxycycline Hyclate, Tilmicosin Phosphate",Doxycycline (500mg/1g); Tilmicosin (250mg/1g);,0.82,150 g,Yes,Mixed in feed,25,NA,140,NA (water prepare < water consumption),481,2.34,"61,500",127.86,54.63,2,NA
14,113,Tilmicosin,89,"Doxycycline Hyclate, Tilmicosin Phosphate",Doxycycline (500mg/1g); Tilmicosin (250mg/1g);,0.9,150 g,Yes,Mixed in feed,25,NA,140,NA (water prepare < water consumption),481,2.34,"33,750",70.17,29.98,2,NA
10,117,Doxycycline,91,"Doxycycline Hyclate, Tilmicosin Phosphate, Amoxicillin trihydrate, Colistin sulphate","Doxycycline (500mg/1g); Tilmicosin (250mg/1g); Amoxicillin (500mg/1g); Colistin (4,800,000 IU/1g)",0.82,"375 g, 375 g, 500 g",Yes,Mixed in feed,25,NA,260,NA (water prepare < water consumption),896,2.1,"153,750",171.6,81.56,1,Asthma
10,117,Doxycycline,92,"Doxycycline Hyclate, Tilmicosin Phosphate, Amoxicillin trihydrate, Colistin sulphate","Doxycycline (500mg/1g); Tilmicosin (250mg/1g); Amoxicillin (500mg/1g); Colistin (4,800,000 IU/1g)",0.82,"375 g, 375 g, 500 g",Yes,Mixed in feed,25,NA,260,NA (water prepare < water consumption),896,2.13,"153,750",171.6,80.43,1,Asthma
10,117,Doxycycline,93,"Doxycycline Hyclate, Tilmicosin Phosphate, Amoxicillin trihydrate, Colistin sulphate","Doxycycline (500mg/1g); Tilmicosin (250mg/1g); Amoxicillin (500mg/1g); Colistin (4,800,000 IU/1g)",0.82,"375 g, 375 g, 500 g",Yes,Mixed in feed,25,NA,220,NA (water prepare < water consumption),896,2.16,"153,750",171.6,79.39,1,Asthma
10,117,Amoxicillin,92,"Doxycycline Hyclate, Tilmicosin Phosphate, Amoxicillin trihydrate, Colistin sulphate","Doxycycline (500mg/1g); Tilmicosin (250mg/1g); Amoxicillin (500mg/1g); Colistin (4,800,000 IU/1g)",0.87,"375 g, 375 g, 500 g",Yes,Mixed in feed,25,NA,260,NA (water prepare < water consumption),896,2.13,"217,500",242.75,113.78,1,Asthma
10,117,Amoxicillin,93,"Doxycycline Hyclate, Tilmicosin Phosphate, Amoxicillin trihydrate, Colistin sulphate","Doxycycline (500mg/1g); Tilmicosin (250mg/1g); Amoxicillin (500mg/1g); Colistin (4,800,000 IU/1g)",0.87,"375 g, 375 g, 500 g",Yes,Mixed in feed,25,NA,220,NA (water prepare < water consumption),896,2.16,"217,500",242.75,112.31,1,Asthma
10,117,Tilmicosin,91,"Doxycycline Hyclate, Tilmicosin Phosphate, Ampicillin trihydrate, Colistin sulphate","Doxycycline (500mg/1g); Tilmicosin (250mg/1g); Amoxicillin (500mg/1g); Colistin (4,800,000 IU/1g)",0.9,"375 g, 375 g, 500 g",Yes,Mixed in feed,25,NA,260,NA (water prepare < water consumption),896,2.1,"84,375",94.17,44.76,1,Asthma
10,117,Colistin,91,"Doxycycline Hyclate, Tilmicosin Phosphate, Ampicillin trihydrate, Colistin sulphate","Doxycycline (500mg/1g); Tilmicosin (250mg/1g); Amoxicillin (500mg/1g); Colistin (4,800,000 IU/1g)",1,"375 g, 375 g, 500 g",Yes,Mixed in feed,25,NA,260,NA (water prepare < water consumption),896,2.1,"80,000",89.29,42.44,1,Asthma
10,117,Tilmicosin,92,"Doxycycline Hyclate, Tilmicosin Phosphate, Ampicillin trihydrate, Colistin sulphate","Doxycycline (500mg/1g); Tilmicosin (250mg/1g); Amoxicillin (500mg/1g); Colistin (4,800,000 IU/1g)",0.9,"375 g, 375 g, 500 g",Yes,Mixed in feed,25,NA,260,NA (water prepare < water consumption),896,2.13,"84,375",94.17,44.14,1,Asthma
10,117,Colistin,92,"Doxycycline Hyclate, Tilmicosin Phosphate, Ampicillin trihydrate, Colistin sulphate","Doxycycline (500mg/1g); Tilmicosin (250mg/1g); Amoxicillin (500mg/1g); Colistin (4,800,000 IU/1g)",1,"375 g, 375 g, 500 g",Yes,Mixed in feed,25,NA,260,NA (water prepare < water consumption),896,2.13,"80,000",89.29,41.85,1,Asthma
10,117,Tilmicosin,93,"Doxycycline Hyclate, Tilmicosin Phosphate, Ampicillin trihydrate, Colistin sulphate","Doxycycline (500mg/1g); Tilmicosin (250mg/1g); Amoxicillin (500mg/1g); Colistin (4,800,000 IU/1g)",0.9,"375 g, 375 g, 500 g",Yes,Mixed in feed,25,NA,220,NA (water prepare < water consumption),896,2.16,"84,375",94.17,43.57,1,Asthma
10,117,Colistin,93,"Doxycycline Hyclate, Tilmicosin Phosphate, Ampicillin trihydrate, Colistin sulphate","Doxycycline (500mg/1g); Tilmicosin (250mg/1g); Amoxicillin (500mg/1g); Colistin (4,800,000 IU/1g)",1,"375 g, 375 g, 500 g",Yes,Mixed in feed,25,NA,220,NA (water prepare < water consumption),896,2.16,"80,000",89.29,41.31,1,Asthma
10,117,Amoxicillin,91,"Doxycycline Hyclate, Tilmicosin Phosphate,Amoxicillin trihydrate, Colistin sulphate","Doxycycline (500mg/1g); Tilmicosin (250mg/1g); Amoxicillin (500mg/1g); Colistin (4,800,000 IU/1g)",0.87,"375 g, 375 g, 500 g",Yes,Mixed in feed,25,NA,260,NA (water prepare < water consumption),896,2.1,"217,500",242.75,115.37,1,Asthma
40,143,Tilmicosin,89,Doxycycline hyclate; Tilmicosin phosphate,"Doxycycline (100mg/1ml), Tilmicosin (300mg/lml)",0.9,100ml,Yes,Mixed in water,NA,60,70,NA (water prepare < water consumption),951,1.21,"27,000",28.39,23.44,2,NA
40,143,Doxycycline,89,Doxycycline hyclate; Tilmicosin phosphate,"Doxycycline (100mg/1ml), Tilmicosin (300mg/lml)",0.82,100ml,Yes,Mixed in water,NA,60,70,NA (water prepare < water consumption),951,1.21,"8,200",8.62,7.12,2,NA
11,105,Colistin,16,Amoxicillin trihydrate; Colistin sulfate,"Amoxicillin (500g/1000g); Colistin (2,000,000,000 IU/1000g)",1,50 g,Yes,Mixed in water,NA,20,60,NA (water prepare < water consumption),993,0.29,"33,333",33.57,116.07,2,NA
11,105,Amoxicillin,16,Amoxicillin trihydrate; Colistin sulfate,"Amoxicillin (500g/1000g); Colistin (2,000,000,000 IU/1000g)",0.87,50 g,Yes,Mixed in water,NA,20,60,NA (water prepare < water consumption),993,0.29,"21,750",21.9,75.74,2,NA
11,105,Colistin,17,Amoxicillin trihydrate; Colistin sulfate,"Amoxicillin (500g/1000g); Colistin (2,000,000,000 IU/1000g)",1,50 g,Yes,Mixed in water,NA,20,80,NA (water prepare < water consumption),993,0.32,"33,333",33.57,104.73,2,NA
11,105,Amoxicillin,17,Amoxicillin trihydrate; Colistin sulfate,"Amoxicillin (500g/1000g); Colistin (2,000,000,000 IU/1000g)",0.87,50 g,Yes,Mixed in water,NA,20,80,NA (water prepare < water consumption),993,0.32,"21,750",21.9,68.33,2,NA
11,105,Colistin,18,Amoxicillin trihydrate; Colistin sulfate,"Amoxicillin (500g/1000g); Colistin (2,000,000,000 IU/1000g)",1,50 g,Yes,Mixed in water,NA,20,80,NA (water prepare < water consumption),993,0.35,"33,333",33.57,95.06,2,NA
11,105,Amoxicillin,18,Amoxicillin trihydrate; Colistin sulfate,"Amoxicillin (500g/1000g); Colistin (2,000,000,000 IU/1000g)",0.87,50 g,Yes,Mixed in water,NA,20,80,NA (water prepare < water consumption),993,0.35,"21,750",21.9,62.02,2,NA
11,105,Sulfamonomethoxine_TMP,22,"Sulfamonomethoxine, Trimethoprim",Sulfamonomethoxine (800g/1000g); Trimethoprim (200g/1000g),1,50 g,Yes,Mixed in water,NA,20,100,NA (water prepare < water consumption),993,0.49,"40,000",40.28,82.51,2,NA
11,105,Trimethoprim,22,"Sulfamonomethoxine, Trimethoprim",Sulfamonomethoxine (800g/1000g); Trimethoprim (200g/1000g),1,50 g,Yes,Mixed in water,NA,20,100,NA (water prepare < water consumption),993,0.49,"10,000",10.07,20.63,2,NA
11,105,Sulfamonomethoxine_TMP,23,"Sulfamonomethoxine, Trimethoprim",Sulfamonomethoxine (800g/1000g); Trimethoprim (200g/1000g),1,50 g,Yes,Mixed in water,NA,20,100,NA (water prepare < water consumption),993,0.52,"40,000",40.28,77.27,2,NA
11,105,Trimethoprim,23,"Sulfamonomethoxine, Trimethoprim",Sulfamonomethoxine (800g/1000g); Trimethoprim (200g/1000g),1,50 g,Yes,Mixed in water,NA,20,100,NA (water prepare < water consumption),993,0.52,"10,000",10.07,19.32,2,NA
11,105,Sulfamonomethoxine_TMP,24,"Sulfamonomethoxine, Trimethoprim",Sulfamonomethoxine (800g/1000g); Trimethoprim (200g/1000g),1,50 g,Yes,Mixed in water,NA,20,100,NA (water prepare < water consumption),993,0.55,"40,000",40.28,72.77,2,NA
11,105,Trimethoprim,24,"Sulfamonomethoxine, Trimethoprim",Sulfamonomethoxine (800g/1000g); Trimethoprim (200g/1000g),1,50 g,Yes,Mixed in water,NA,20,100,NA (water prepare < water consumption),993,0.55,"10,000",10.07,18.19,2,NA
11,105,Colistin,30,Amoxicillin trihydrate; Colistin sulfate,"Amoxicillin (500g/1000g); Colistin (2,000,000,000 IU/1000g)",1,50 g,Yes,Mixed in water,NA,20,140,NA (water prepare < water consumption),993,0.71,"33,333",33.57,46.99,2,NA
11,105,Amoxicillin,30,Amoxicillin trihydrate; Colistin sulfate,"Amoxicillin (500g/1000g); Colistin (2,000,000,000 IU/1000g)",0.87,50 g,Yes,Mixed in water,NA,20,140,NA (water prepare < water consumption),993,0.71,"21,750",21.9,30.66,2,NA
11,105,Colistin,31,Amoxicillin trihydrate; Colistin sulfate,"Amoxicillin (500g/1000g); Colistin (2,000,000,000 IU/1000g)",1,50 g,Yes,Mixed in water,NA,20,140,NA (water prepare < water consumption),993,0.74,"33,333",33.57,45.55,2,NA
11,105,Amoxicillin,31,Amoxicillin trihydrate; Colistin sulfate,"Amoxicillin (500g/1000g); Colistin (2,000,000,000 IU/1000g)",0.87,50 g,Yes,Mixed in water,NA,20,140,NA (water prepare < water consumption),993,0.74,"21,750",21.9,29.72,2,NA
11,105,Colistin,32,Amoxicillin trihydrate; Colistin sulfate,"Amoxicillin (500g/1000g); Colistin (2,000,000,000 IU/1000g)",1,50 g,Yes,Mixed in water,NA,20,150,NA (water prepare < water consumption),993,0.76,"33,333",33.57,44.19,2,NA
11,105,Amoxicillin,32,Amoxicillin trihydrate; Colistin sulfate,"Amoxicillin (500g/1000g); Colistin (2,000,000,000 IU/1000g)",0.87,50 g,Yes,Mixed in water,NA,20,150,NA (water prepare < water consumption),993,0.76,"21,750",21.9,28.83,2,NA
11,105,Sulfamonomethoxine_TMP,47,Sulfamonomethoxine; Trimethoprim,Sulfamonomethoxine (800g/1000g); Trimethoprim (200g/1000g),1,50 g,Yes,Mixed in water,NA,40,210,NA (water prepare < water consumption),989,1.2,"40,000",40.44,33.78,2,NA
11,105,Trimethoprim,47,Sulfamonomethoxine; Trimethoprim,Sulfamonomethoxine (800g/1000g); Trimethoprim (200g/1000g),1,50 g,Yes,Mixed in water,NA,40,210,NA (water prepare < water consumption),989,1.2,"10,000",10.11,8.45,2,NA
11,105,Sulfamonomethoxine_TMP,48,Sulfamonomethoxine; Trimethoprim,Sulfamonomethoxine (800g/1000g); Trimethoprim (200g/1000g),1,50 g,Yes,Mixed in water,NA,40,210,NA (water prepare < water consumption),989,1.23,"40,000",40.44,32.91,2,NA
11,105,Trimethoprim,48,Sulfamonomethoxine; Trimethoprim,Sulfamonomethoxine (800g/1000g); Trimethoprim (200g/1000g),1,50 g,Yes,Mixed in water,NA,40,210,NA (water prepare < water consumption),989,1.23,"10,000",10.11,8.23,2,NA
11,105,Sulfamonomethoxine_TMP,49,Sulfamonomethoxine; Trimethoprim,Sulfamonomethoxine (800g/1000g); Trimethoprim (200g/1000g),1,50 g,Yes,Mixed in water,NA,40,210,NA (water prepare < water consumption),989,1.26,"40,000",40.44,32.09,2,NA
11,105,Trimethoprim,49,Sulfamonomethoxine; Trimethoprim,Sulfamonomethoxine (800g/1000g); Trimethoprim (200g/1000g),1,50 g,Yes,Mixed in water,NA,40,210,NA (water prepare < water consumption),989,1.26,"10,000",10.11,8.02,2,NA
11,105,Amoxicillin,50,Amoxicillin trihydrate; Colistin sulfate,Amoxicillin (50g/100g); Colistin (200 Trillion IU/100g),0.87,100 g,Yes,Mixed in water,NA,50,210,NA (water prepare < water consumption),989,1.29,"43,500",43.98,34.06,2,NA
11,105,Colistin,50,Amoxicillin trihydrate; Colistin sulfate,Amoxicillin (50g/100g); Colistin (200 Trillion IU/100g),1,100 g,Yes,Mixed in water,NA,50,210,NA (water prepare < water consumption),989,1.29,"6,667",6.74,5.22,2,NA
11,105,Amoxicillin,51,Amoxicillin trihydrate; Colistin sulfate,Amoxicillin (50g/100g); Colistin (200 Trillion IU/100g),0.87,100 g,Yes,Mixed in water,NA,50,250,NA (water prepare < water consumption),989,1.32,"43,500",43.98,33.3,2,NA
11,105,Colistin,51,Amoxicillin trihydrate; Colistin sulfate,Amoxicillin (50g/100g); Colistin (200 Trillion IU/100g),1,100 g,Yes,Mixed in water,NA,50,250,NA (water prepare < water consumption),989,1.32,"6,667",6.74,5.1,2,NA
11,105,Amoxicillin,52,Amoxicillin trihydrate; Colistin sulfate,Amoxicillin (50g/100g); Colistin (200 Trillion IU/100g),0.87,100g,Yes,Mixed in water,NA,50,250,NA (water prepare < water consumption),989,1.35,"43,500",43.98,32.59,2,NA
11,105,Colistin,52,Amoxicillin trihydrate; Colistin sulfate,Amoxicillin (50g/100g); Colistin (200 Trillion IU/100g),1,100g,Yes,Mixed in water,NA,50,250,NA (water prepare < water consumption),989,1.35,"6,667",6.74,5,2,NA
11,105,Doxycycline,61,Doxycycline hyclate,Doxycycline(500g/1kg),0.82,100 g,Yes,Mixed in water,NA,80,270,NA (water prepare < water consumption),989,1.6,"41,000",41.46,25.87,2,NA
11,105,Doxycycline,62,Doxycycline hyclate,Doxycycline(500g/1kg),0.82,100 g,Yes,Mixed in water,NA,80,270,NA (water prepare < water consumption),989,1.63,"41,000",41.46,25.37,2,NA
11,105,Doxycycline,63,Doxycycline hyclate,Doxycycline(500g/1kg),0.82,100 g,Yes,Mixed in water,NA,80,270,NA (water prepare < water consumption),989,1.67,"41,000",41.46,24.87,2,NA
11,105,Tilmicosin,85,Tilmicosin phosphate,Tilmicosin (250 mg/1ml),0.9,130 ml,Yes,Mixed in water,NA,90,320,NA (water prepare < water consumption),987,2.82,"29,250",29.64,20.55,1,Asthma
11,105,Tilmicosin,86,Tilmicosin phosphate,Tilmicosin (250 mg/1ml),0.9,130 ml,Yes,Mixed in water,NA,90,320,NA (water prepare < water consumption),987,2.87,"29,250",29.64,20.55,1,Asthma
11,105,Tilmicosin,87,Tilmicosin phosphate,Tilmicosin (250 mg/1ml),0.9,130 ml,Yes,Mixed in water,NA,90,320,NA (water prepare < water consumption),987,2.92,"29,250",29.64,20.55,1,Asthma
11,105,Tilmicosin,88,Tilmicosin phosphate,Tilmicosin (250 mg/1ml),0.9,130 ml,Yes,Mixed in water,NA,90,320,NA (water prepare < water consumption),987,2.97,"29,250",29.64,20.55,1,Asthma
12,122,Amoxicillin,1,Amoxicillin trihydrate; Colistin sulfate,Amoxicillin (5g/100g); Colistin (19 Trillion IU/100g),0.87,50 g,Yes,Mixed in water,NA,10,20,NA (water prepare < water consumption),"3,500",0.07,"2,175",0.62,9.53,2,NA
12,122,Colistin,1,Amoxicillin trihydrate; Colistin sulfate,Amoxicillin (5g/100g); Colistin (19 Trillion IU/100g),1,50 g,Yes,Mixed in water,NA,10,20,NA (water prepare < water consumption),"3,500",0.07,317,0.09,1.39,2,NA
12,122,Amoxicillin,2,Amoxicillin trihydrate; Colistin sulfate,Amoxicillin (5g/100g); Colistin (19 Trillion IU/100g),0.87,50 g,Yes,Mixed in water,NA,10,40,NA (water prepare < water consumption),"3,480",0.07,"2,175",0.63,8.73,2,NA
12,122,Colistin,2,Amoxicillin trihydrate; Colistin sulfate,Amoxicillin (5g/100g); Colistin (19 Trillion IU/100g),1,50 g,Yes,Mixed in water,NA,10,40,NA (water prepare < water consumption),"3,480",0.07,317,0.09,1.27,2,NA
12,122,Amoxicillin,3,Amoxicillin trihydrate; Colistin sulfate,Amoxicillin (5g/100g); Colistin (19 Trillion IU/100g),0.87,50 g,Yes,Mixed in water,NA,10,40,NA (water prepare < water consumption),"3,480",0.08,"2,175",0.63,7.94,2,NA
12,122,Colistin,3,Amoxicillin trihydrate; Colistin sulfate,Amoxicillin (5g/100g); Colistin (19 Trillion IU/100g),1,50 g,Yes,Mixed in water,NA,10,40,NA (water prepare < water consumption),"3,480",0.08,317,0.09,1.16,2,NA
12,122,Amoxicillin,4,Amoxicillin trihydrate; Colistin sulfate,Amoxicillin (5g/100g); Colistin (19 Trillion IU/100g),0.87,100 g,Yes,Mixed in water,NA,20,60,NA (water prepare < water consumption),"3,480",0.09,"4,350",1.25,14.46,2,NA
12,122,Colistin,4,Amoxicillin trihydrate; Colistin sulfate,Amoxicillin (5g/100g); Colistin (19 Trillion IU/100g),1,100 g,Yes,Mixed in water,NA,20,60,NA (water prepare < water consumption),"3,480",0.09,633,0.18,2.11,2,NA
12,122,Amoxicillin,5,Amoxicillin trihydrate; Colistin sulfate,Amoxicillin (5g/100g); Colistin (19 Trillion IU/100g),0.87,100g,Yes,Mixed in water,NA,20,60,NA (water prepare < water consumption),"3,480",0.09,"4,350",1.25,13.16,2,NA
12,122,Colistin,5,Amoxicillin trihydrate; Colistin sulfate,Amoxicillin (5g/100g); Colistin (19 Trillion IU/100g),1,100g,Yes,Mixed in water,NA,20,60,NA (water prepare < water consumption),"3,480",0.09,633,0.18,1.92,2,NA
12,122,Amoxicillin,6,Amoxicillin trihydrate; Colistin sulfate,Amoxicillin (5g/100g); Colistin (19 Trillion IU/100g),0.87,100 g,Yes,Mixed in water,NA,30,60,NA (water prepare < water consumption),"3,480",0.1,"4,350",1.25,11.98,2,NA
12,122,Colistin,6,Amoxicillin trihydrate; Colistin sulfate,Amoxicillin (5g/100g); Colistin (19 Trillion IU/100g),1,100 g,Yes,Mixed in water,NA,30,60,NA (water prepare < water consumption),"3,480",0.1,633,0.18,1.74,2,NA
12,122,Apramycin,7,Apramycin,Apramycin (50g/100g),1,100 G,Yes,Mixed in water,NA,60,80,NA (water prepare < water consumption),"3,480",0.11,"50,000",14.37,125.36,2,NA
12,122,Apramycin,8,Apramycin,Apramycin (50g/100g),1,100 g,Yes,Mixed in water,NA,60,80,NA (water prepare < water consumption),"3,480",0.13,"50,000",14.37,114.1,2,NA
12,122,Apramycin,9,Apramycin,Apramycin (50g/100g),1,100 g,Yes,Mixed in water,NA,60,80,NA (water prepare < water consumption),"3,480",0.14,"50,000",14.37,103.84,2,NA
12,122,Florfenicol,19,Florfenicol,Florfenicol (500 g/1000g),1,100 g,Yes,Mixed in water,NA,60,250,NA (water prepare < water consumption),"3,452",0.32,"50,000",14.48,44.89,2,NA
12,122,Florfenicol,20,Florfenicol,Florfenicol (500 g/1000g),1,100 g,Yes,Mixed in water,NA,60,250,NA (water prepare < water consumption),"3,452",0.34,"50,000",14.48,42.48,2,NA
12,122,Amoxicillin,20,Amoxicillin trihydrate; Colistin sulfate,Amoxicillin (5g/100g); Colistin (19 Trillion IU/100g),0.87,100 G,Yes,Mixed in water,NA,60,250,NA (water prepare < water consumption),"3,452",0.34,"4,350",1.26,3.7,2,NA
12,122,Colistin,20,Amoxicillin trihydrate; Colistin sulfate,Amoxicillin (5g/100g); Colistin (19 Trillion IU/100g),1,100 G,Yes,Mixed in water,NA,60,250,NA (water prepare < water consumption),"3,452",0.34,633,0.18,0.54,2,NA
12,122,Florfenicol,21,Florfenicol,Florfenicol (500 g/1000g),1,100 g,Yes,Mixed in water,NA,60,250,NA (water prepare < water consumption),"3,452",0.36,"50,000",14.48,40.46,2,NA
12,122,Amoxicillin,21,Amoxicillin trihydrate; Colistin sulfate,Amoxicillin (5g/100g); Colistin (19 Trillion IU/100g),0.87,100 g,Yes,Mixed in water,NA,60,250,NA (water prepare < water consumption),"3,452",0.36,"4,350",1.26,3.52,2,NA
12,122,Colistin,21,Amoxicillin trihydrate; Colistin sulfate,Amoxicillin (5g/100g); Colistin (19 Trillion IU/100g),1,100 g,Yes,Mixed in water,NA,60,250,NA (water prepare < water consumption),"3,452",0.36,633,0.18,0.51,2,NA
12,122,Amoxicillin,22,Amoxicillin trihydrate; Colistin sulfate,Amoxicillin (5g/100g); Colistin (19 Trillion IU/100g),0.87,100 g,Yes,Mixed in water,NA,60,250,NA (water prepare < water consumption),"3,452",0.37,"4,350",1.26,3.37,2,NA
12,122,Colistin,22,Amoxicillin trihydrate; Colistin sulfate,Amoxicillin (5g/100g); Colistin (19 Trillion IU/100g),1,100 g,Yes,Mixed in water,NA,60,250,NA (water prepare < water consumption),"3,452",0.37,633,0.18,0.49,2,NA
12,122,Gentamicin,23,"Gentamicin sulfate, Doxycycline hyclate",Gentamicin (200mg/1g); Doxycycline (200mg/1g),0.83,100 g,Yes,Mixed in water,NA,60,280,NA (water prepare < water consumption),"3,452",0.39,"16,600",4.81,12.4,2,NA
12,122,Doxycycline,23,"Gentamicin sulfate, Doxycycline hyclate",Gentamicin (200mg/1g); Doxycycline (200mg/1g),0.82,100 g,Yes,Mixed in water,NA,60,280,NA (water prepare < water consumption),"3,452",0.39,"16,400",4.75,12.25,2,NA
12,122,Gentamicin,24,"Gentamicin sulfate, Doxycycline hyclate",Gentamicin (200mg/1g); Doxycycline (200mg/1g),0.83,100 g,Yes,Mixed in water,NA,60,280,NA (water prepare < water consumption),"3,452",0.4,"16,600",4.81,11.99,2,NA
12,122,Doxycycline,24,"Gentamicin sulfate, Doxycycline hyclate",Gentamicin (200mg/1g); Doxycycline (200mg/1g),0.82,100 g,Yes,Mixed in water,NA,60,280,NA (water prepare < water consumption),"3,452",0.4,"16,400",4.75,11.85,2,NA
12,122,Neomycin,24,"Nystatin, Neomycin","Nystatin (150,000 IU/1g); Neomycin (20mg/1g)",1,100 g,Yes,Mixed in water,NA,60,280,NA (water prepare < water consumption),"3,452",0.4,"2,000",0.58,1.44,2,NA
12,122,Gentamicin,25,"Gentamicin sulfate, Doxycycline hyclate",Gentamicin (200mg/1g); Doxycycline (200mg/1g),0.83,100 g,Yes,Mixed in water,NA,60,280,NA (water prepare < water consumption),"3,452",0.41,"16,600",4.81,11.64,2,NA
12,122,Doxycycline,25,"Gentamicin sulfate, Doxycycline hyclate",Gentamicin (200mg/1g); Doxycycline (200mg/1g),0.82,100 g,Yes,Mixed in water,NA,60,280,NA (water prepare < water consumption),"3,452",0.41,"16,400",4.75,11.5,2,NA
12,122,Neomycin,25,"Nystatin, Neomycin","Nystatin (150,000 IU/1g); Neomycin (20mg/1g)",1,100 g,Yes,Mixed in water,NA,60,280,NA (water prepare < water consumption),"3,452",0.41,"2,000",0.58,1.4,2,NA
12,122,Neomycin,26,"Nystatin, Neomycin","Nystatin (150,000 IU/1g); Neomycin (20mg/1g)",1,100 g,Yes,Mixed in water,NA,60,280,NA (water prepare < water consumption),"3,452",0.42,"2,000",0.58,1.37,2,NA
12,122,Neomycin,27,"Nystatin, Neomycin","Nystatin (150,000 IU/1g); Neomycin (20mg/1g)",1,100 g,Yes,Mixed in water,NA,60,280,NA (water prepare < water consumption),"3,452",0.43,"2,000",0.58,1.33,2,NA
12,122,Ampicillin,65,Ampicillin trihydrate;  Colistin sulfate,"Ampicillin (500g/1kg); Colistin (2,000,000,000 IU/1kg)",0.87,300 g,Yes,Mixed in water,NA,200,580,NA (water prepare < water consumption),"3,444",1.35,"130,500",37.89,28.16,2,NA
12,122,Colistin,65,Ampicillin trihydrate;  Colistin sulfate,"Ampicillin (500g/1kg); Colistin (2,000,000,000 IU/1kg)",1,300 g,Yes,Mixed in water,NA,200,580,NA (water prepare < water consumption),"3,444",1.35,"20,000",5.81,4.32,2,NA
12,122,Ampicillin,66,Ampicillin trihydrate;  Colistin sulfate,"Ampicillin (500g/1kg); Colistin (2,000,000,000 IU/1kg)",0.87,300 g,Yes,Mixed in water,NA,200,580,NA (water prepare < water consumption),"3,444",1.38,"130,500",37.89,27.48,2,NA
12,122,Colistin,66,Ampicillin trihydrate;  Colistin sulfate,"Ampicillin (500g/1kg); Colistin (2,000,000,000 IU/1kg)",1,300 g,Yes,Mixed in water,NA,200,580,NA (water prepare < water consumption),"3,444",1.38,"20,000",5.81,4.21,2,NA
12,122,Ampicillin,67,Ampicillin trihydrate;  Colistin sulfate,"Ampicillin (500g/1kg); Colistin (2,000,000,000 IU/1kg)",0.87,300 g,Yes,Mixed in water,NA,200,600,NA (water prepare < water consumption),"3,444",1.41,"130,500",37.89,26.8,2,NA
12,122,Colistin,67,Ampicillin trihydrate;  Colistin sulfate,"Ampicillin (500g/1kg); Colistin (2,000,000,000 IU/1kg)",1,300 g,Yes,Mixed in water,NA,200,600,NA (water prepare < water consumption),"3,444",1.41,"20,000",5.81,4.11,2,NA
12,122,Sulfamonomethoxine_TMP,73,Sulfamonomethoxine sodium; Trimethoprim,Sulfamonomethoxine (400g/1000g); Trimethoprim (80g/1000g),0.93,100 g,Yes,Mixed in water,NA,200,600,NA (water prepare < water consumption),"3,444",1.66,"37,200",10.8,6.52,2,NA
12,122,Trimethoprim,73,Sulfamonomethoxine sodium; Trimethoprim,Sulfamonomethoxine (400g/1000g); Trimethoprim (80g/1000g),1,100 g,Yes,Mixed in water,NA,200,600,NA (water prepare < water consumption),"3,444",1.66,"8,000",2.32,1.4,2,NA
12,122,Sulfamonomethoxine_TMP,74,Sulfamonomethoxine sodium; Trimethoprim,Sulfamonomethoxine (400g/1000g); Trimethoprim (80g/1000g),0.93,100 g,Yes,Mixed in water,NA,200,600,NA (water prepare < water consumption),"3,444",1.7,"37,200",10.8,6.35,2,NA
12,122,Trimethoprim,74,Sulfamonomethoxine sodium; Trimethoprim,Sulfamonomethoxine (400g/1000g); Trimethoprim (80g/1000g),1,100 g,Yes,Mixed in water,NA,200,600,NA (water prepare < water consumption),"3,444",1.7,"8,000",2.32,1.37,2,NA
12,122,Sulfamonomethoxine_TMP,75,Sulfamonomethoxine sodium; Trimethoprim,Sulfamonomethoxine (400g/1000g); Trimethoprim (80g/1000g),0.93,100 g,Yes,Mixed in water,NA,200,600,NA (water prepare < water consumption),"3,444",1.75,"37,200",10.8,6.18,2,NA
12,122,Amoxicillin,75,Amoxicillin trihydrate; Colistin sulfate,Amoxicillin (5g/100g); Colistin (19 Trillion IU/100g),0.87,400 g,Yes,Mixed in water,NA,200,600,NA (water prepare < water consumption),"3,444",1.75,"17,400",5.05,2.89,2,NA
12,122,Trimethoprim,75,Sulfamonomethoxine sodium; Trimethoprim,Sulfamonomethoxine (400g/1000g); Trimethoprim (80g/1000g),1,100 g,Yes,Mixed in water,NA,200,600,NA (water prepare < water consumption),"3,444",1.75,"8,000",2.32,1.33,2,NA
12,122,Colistin,75,Amoxicillin trihydrate; Colistin sulfate,Amoxicillin (5g/100g); Colistin (19 Trillion IU/100g),1,400 g,Yes,Mixed in water,NA,200,600,NA (water prepare < water consumption),"3,444",1.75,"2,533",0.74,0.42,2,NA
12,122,Amoxicillin,76,Amoxicillin trihydrate; Colistin sulfate,Amoxicillin (5g/100g); Colistin (19 Trillion IU/100g),0.87,400 g,Yes,Mixed in water,NA,200,600,NA (water prepare < water consumption),"3,444",1.79,"17,400",5.05,2.81,2,NA
12,122,Colistin,76,Amoxicillin trihydrate; Colistin sulfate,Amoxicillin (5g/100g); Colistin (19 Trillion IU/100g),1,400 g,Yes,Mixed in water,NA,200,600,NA (water prepare < water consumption),"3,444",1.79,"2,533",0.74,0.41,2,NA
12,122,Amoxicillin,77,Amoxicillin trihydrate; Colistin sulfate,Amoxicillin (5g/100g); Colistin (19 Trillion IU/100g),0.87,400 g,Yes,Mixed in water,NA,200,600,NA (water prepare < water consumption),"3,444",1.84,"17,400",5.05,2.74,2,NA
12,122,Colistin,77,Amoxicillin trihydrate; Colistin sulfate,Amoxicillin (5g/100g); Colistin (19 Trillion IU/100g),1,400 g,Yes,Mixed in water,NA,200,600,NA (water prepare < water consumption),"3,444",1.84,"2,533",0.74,0.4,2,NA
12,122,Florfenicol,90,Florfenicol,Florfenicol (300g/1lit),1,400 ml,Yes,Mixed in water,NA,200,650,NA (water prepare < water consumption),"3,443",2.45,"120,000",34.85,14.2,2,NA
12,122,Sulfamonomethoxine_TMP,90,Sulfamonomethoxine sodium;  Trimethoprim,Sulfamonomethoxine (400g/1000g); Trimethoprim (80g/1000g),0.93,300g,Yes,Mixed in water,NA,200,650,NA (water prepare < water consumption),"3,443",2.45,"111,600",32.41,13.21,2,NA
12,122,Florfenicol,91,Florfenicol,Florfenicol (300g/1lit),1,400 ml,Yes,Mixed in water,NA,200,650,NA (water prepare < water consumption),"3,443",2.5,"120,000",34.85,13.95,2,NA
12,122,Sulfamonomethoxine_TMP,91,Sulfamonomethoxine sodium;  Trimethoprim,Sulfamonomethoxine (400g/1000g); Trimethoprim (80g/1000g),0.93,300g,Yes,Mixed in water,NA,200,650,NA (water prepare < water consumption),"3,443",2.5,"111,600",32.41,12.97,2,NA
12,122,Florfenicol,92,Florfenicol,Florfenicol (300g/1lit),1,400 ml,Yes,Mixed in water,NA,200,650,NA (water prepare < water consumption),"3,443",2.54,"120,000",34.85,13.71,2,NA
12,122,Sulfamonomethoxine_TMP,92,Sulfamonomethoxine sodium;  Trimethoprim,Sulfamonomethoxine (400g/1000g); Trimethoprim (80g/1000g),0.93,300g,Yes,Mixed in water,NA,200,650,NA (water prepare < water consumption),"3,443",2.54,"111,600",32.41,12.75,2,NA
12,122,Ampicillin,95,Ampicillin trihydrate; Colistin sulfate,"Ampicillin (500g/1kg); Colistin (1,250,000,000 IU/1kg)",0.87,300 g,Yes,Mixed in water,NA,200,650,NA (water prepare < water consumption),"3,443",2.66,"130,500",37.9,14.24,2,NA
12,122,Colistin,95,Ampicillin trihydrate; Colistin sulfate,"Ampicillin (500g/1kg); Colistin (1,250,000,000 IU/1kg)",1,300 g,Yes,Mixed in water,NA,200,650,NA (water prepare < water consumption),"3,443",2.66,"12,500",3.63,1.36,2,NA
12,122,Ampicillin,96,Ampicillin trihydrate; Colistin sulfate,"Ampicillin (500g/1kg); Colistin (1,250,000,000 IU/1kg)",0.87,300 g,Yes,Mixed in water,NA,200,650,NA (water prepare < water consumption),"3,443",2.7,"130,500",37.9,14.04,2,NA
12,122,Colistin,96,Ampicillin trihydrate; Colistin sulfate,"Ampicillin (500g/1kg); Colistin (1,250,000,000 IU/1kg)",1,300 g,Yes,Mixed in water,NA,200,650,NA (water prepare < water consumption),"3,443",2.7,"12,500",3.63,1.34,2,NA
12,122,Ampicillin,97,Ampicillin trihydrate; Colistin sulfate,"Ampicillin (500g/1kg); Colistin (1,250,000,000 IU/1kg)",0.87,300 g,Yes,Mixed in water,NA,200,650,NA (water prepare < water consumption),"3,443",2.74,"130,500",37.9,13.86,2,NA
12,122,Colistin,97,Ampicillin trihydrate; Colistin sulfate,"Ampicillin (500g/1kg); Colistin (1,250,000,000 IU/1kg)",1,300 g,Yes,Mixed in water,NA,200,650,NA (water prepare < water consumption),"3,443",2.74,"12,500",3.63,1.33,2,NA
12,122,Colistin,100,"Amoxicillin trihydrate, Colistin sulfate","Amoxicillin (50g/100g); Colistin (250,000,000 IU/100g)",1,300 g,Yes,Mixed in water,NA,200,650,NA (water prepare < water consumption),"3,443",2.82,"2,500,000",726.11,257.2,2,NA
12,122,Amoxicillin,100,"Amoxicillin trihydrate, Colistin sulfate","Amoxicillin (50g/100g); Colistin (250,000,000 IU/100g)",0.87,300 g,Yes,Mixed in water,NA,200,650,NA (water prepare < water consumption),"3,443",2.82,"130,500",37.9,13.43,2,NA
12,122,Colistin,101,"Amoxicillin trihydrate, Colistin sulfate","Amoxicillin (50g/100g); Colistin (250,000,000 IU/100g)",1,300 g,Yes,Mixed in water,NA,200,650,NA (water prepare < water consumption),"3,443",2.84,"2,500,000",726.11,255.32,2,NA
12,122,Amoxicillin,101,"Amoxicillin trihydrate, Colistin sulfate","Amoxicillin (50g/100g); Colistin (250,000,000 IU/100g)",0.87,300 g,Yes,Mixed in water,NA,200,650,NA (water prepare < water consumption),"3,443",2.84,"130,500",37.9,13.33,2,NA
12,122,Colistin,102,"Amoxicillin trihydrate, Colistin sulfate","Amoxicillin (50g/100g); Colistin (250,000,000 IU/100g)",1,300 g,Yes,Mixed in water,NA,200,600,NA (water prepare < water consumption),"3,442",2.86,"2,500,000",726.32,253.96,2,NA
12,122,Amoxicillin,102,"Amoxicillin trihydrate, Colistin sulfate","Amoxicillin (50g/100g); Colistin (250,000,000 IU/100g)",0.87,300 g,Yes,Mixed in water,NA,200,600,NA (water prepare < water consumption),"3,442",2.86,"130,500",37.91,13.26,2,NA
12,122,Ampicillin,104,Ampicillin trihydrate; Colistin sulfate,"Ampicillin (10g/100g); Colistin (250,000,000 IU/100g)",0.87,300 g,Yes,Mixed in water,NA,200,600,NA (water prepare < water consumption),"3,442",2.88,"26,100",7.58,2.63,2,NA
12,122,Colistin,104,Ampicillin trihydrate; Colistin sulfate,"Ampicillin (10g/100g); Colistin (250,000,000 IU/100g)",1,300 g,Yes,Mixed in water,NA,200,600,NA (water prepare < water consumption),"3,442",2.88,"25,000",7.26,2.52,2,NA
12,122,Sulfadiazine,105,Sulfadiazine; Trimethoprim,Sulfadiazine (160mg/1g); Trimethoprim (32mg/1g),1,400 g,Yes,Mixed in water,NA,200,600,NA (water prepare < water consumption),"3,442",2.89,"64,000",18.59,6.44,2,NA
12,122,Ampicillin,105,Ampicillin trihydrate; Colistin sulfate,"Ampicillin (10g/100g); Colistin (250,000,000 IU/100g)",0.87,300 g,Yes,Mixed in water,NA,200,600,NA (water prepare < water consumption),"3,442",2.89,"26,100",7.58,2.63,2,NA
12,122,Colistin,105,Ampicillin trihydrate; Colistin sulfate,"Ampicillin (10g/100g); Colistin (250,000,000 IU/100g)",1,300 g,Yes,Mixed in water,NA,200,600,NA (water prepare < water consumption),"3,442",2.89,"25,000",7.26,2.52,2,NA
12,122,Trimethoprim,105,Sulfadiazine; Trimethoprim,Sulfadiazine (160mg/1g); Trimethoprim (32mg/1g),1,400 g,Yes,Mixed in water,NA,200,600,NA (water prepare < water consumption),"3,442",2.89,"12,800",3.72,1.29,2,NA
12,122,Sulfadiazine,106,Sulfadiazine; Trimethoprim,Sulfadiazine (160mg/1g); Trimethoprim (32mg/1g),1,400 g,Yes,Mixed in water,NA,200,600,NA (water prepare < water consumption),"3,442",2.89,"64,000",18.59,6.43,2,NA
12,122,Ampicillin,106,Ampicillin trihydrate; Colistin sulfate,"Ampicillin (10g/100g); Colistin (250,000,000 IU/100g)",0.87,300 g,Yes,Mixed in water,NA,200,600,NA (water prepare < water consumption),"3,442",2.89,"26,100",7.58,2.62,2,NA
12,122,Colistin,106,Ampicillin trihydrate; Colistin sulfate,"Ampicillin (10g/100g); Colistin (250,000,000 IU/100g)",1,300 g,Yes,Mixed in water,NA,200,600,NA (water prepare < water consumption),"3,442",2.89,"25,000",7.26,2.51,2,NA
12,122,Trimethoprim,106,Sulfadiazine; Trimethoprim,Sulfadiazine (160mg/1g); Trimethoprim (32mg/1g),1,400 g,Yes,Mixed in water,NA,200,600,NA (water prepare < water consumption),"3,442",2.89,"12,800",3.72,1.29,2,NA
13,107,Ampicillin,4,Ampicillin trihydrate; Colistin sulfate,"Ampicillin (100,000mg/1kg); Colistin (250,000,000 IU/1kg)",0.87,10 g,Yes,Mixed in water,NA,5,50,NA (water prepare < water consumption),"2,994",0.07,870,0.29,4.26,2,NA
13,107,Colistin,4,Ampicillin trihydrate; Colistin sulfate,"Ampicillin (100,000mg/1kg); Colistin (250,000,000 IU/1kg)",1,10 g,Yes,Mixed in water,NA,5,50,NA (water prepare < water consumption),"2,994",0.07,83,0.03,0.41,2,NA
13,107,Ampicillin,5,Ampicillin trihydrate; Colistin sulfate,"Ampicillin (100,000mg/1kg); Colistin (250,000,000 IU/1kg)",0.87,10 g,Yes,Mixed in water,NA,5,50,NA (water prepare < water consumption),"2,994",0.07,870,0.29,3.97,2,NA
13,107,Colistin,5,Ampicillin trihydrate; Colistin sulfate,"Ampicillin (100,000mg/1kg); Colistin (250,000,000 IU/1kg)",1,10 g,Yes,Mixed in water,NA,5,50,NA (water prepare < water consumption),"2,994",0.07,83,0.03,0.38,2,NA
13,107,Ampicillin,6,Ampicillin trihydrate; Colistin sulfate,"Ampicillin (100,000mg/1kg); Colistin (250,000,000 IU/1kg)",0.87,10 g,Yes,Mixed in water,NA,5,50,NA (water prepare < water consumption),"2,994",0.08,870,0.29,3.7,2,NA
13,107,Colistin,6,Ampicillin trihydrate; Colistin sulfate,"Ampicillin (100,000mg/1kg); Colistin (250,000,000 IU/1kg)",1,10 g,Yes,Mixed in water,NA,5,50,NA (water prepare < water consumption),"2,994",0.08,83,0.03,0.35,2,NA
13,107,Florfenicol,28,Florfenicol,Florfenicol (200 mg/1ml),1,150 ml,Yes,Mixed in water,NA,20,170,NA (water prepare < water consumption),"2,978",0.29,"30,000",10.07,34.81,1,Asthma
13,107,Florfenicol,29,Florfenicol,Florfenicol (200 mg/1ml),1,150 ml,Yes,Mixed in water,NA,20,170,NA (water prepare < water consumption),"2,978",0.3,"30,000",10.07,33.3,1,Asthma
13,107,Florfenicol,61,Florfenicol,Florfenicol (200 mg/1ml),1,300 ml,Yes,Mixed in water,NA,200,500,NA (water prepare < water consumption),"2,934",1.42,"60,000",20.45,14.44,2,NA
13,107,Florfenicol,62,Florfenicol,Florfenicol (200 mg/1ml),1,300 ml,Yes,Mixed in water,NA,200,500,NA (water prepare < water consumption),"2,934",1.45,"60,000",20.45,14.06,2,NA
13,107,Florfenicol,63,Florfenicol,Florfenicol (200 mg/1ml),1,300 ml,Yes,Mixed in water,NA,200,500,NA (water prepare < water consumption),"2,934",1.49,"60,000",20.45,13.7,2,NA
13,107,Florfenicol,64,Florfenicol,Florfenicol (200 mg/1ml),1,300 ml,Yes,Mixed in water,NA,200,500,NA (water prepare < water consumption),"2,934",1.53,"60,000",20.45,13.36,2,NA
13,107,Trimethoprim,65,Colistin sulfate; Trimethoprim,"Colistin (1,200,000,000 IU/1kg); Trimethoprim (50g/1kg)",1,300 g,Yes,Mixed in water,NA,200,550,NA (water prepare < water consumption),"2,934",1.57,"15,000",5.11,3.26,2,NA
13,107,Colistin,65,Colistin sulfate; Trimethoprim,"Colistin (1,200,000,000 IU/1kg); Trimethoprim (50g/1kg)",1,300 g,Yes,Mixed in water,NA,200,550,NA (water prepare < water consumption),"2,934",1.57,"12,000",4.09,2.61,2,NA
13,107,Trimethoprim,66,Colistin sulfate; Trimethoprim,"Colistin (1,200,000,000 IU/1kg); Trimethoprim (50g/1kg)",1,300 g,Yes,Mixed in water,NA,200,550,NA (water prepare < water consumption),"2,934",1.61,"15,000",5.11,3.18,2,NA
13,107,Colistin,66,Colistin sulfate; Trimethoprim,"Colistin (1,200,000,000 IU/1kg); Trimethoprim (50g/1kg)",1,300 g,Yes,Mixed in water,NA,200,550,NA (water prepare < water consumption),"2,934",1.61,"12,000",4.09,2.55,2,NA
13,107,Trimethoprim,67,Colistin sulfate; Trimethoprim,"Colistin (1,200,000,000 IU/1kg); Trimethoprim (50g/1kg)",1,300 g,Yes,Mixed in water,NA,200,550,NA (water prepare < water consumption),"2,934",1.64,"15,000",5.11,3.11,2,NA
13,107,Colistin,67,Colistin sulfate; Trimethoprim,"Colistin (1,200,000,000 IU/1kg); Trimethoprim (50g/1kg)",1,300 g,Yes,Mixed in water,NA,200,550,NA (water prepare < water consumption),"2,934",1.64,"12,000",4.09,2.49,2,NA
13,107,Trimethoprim,68,Colistin sulfate; Trimethoprim,"Colistin (1,200,000,000 IU/1kg); Trimethoprim (50g/1kg)",1,300 g,Yes,Mixed in water,NA,200,550,NA (water prepare < water consumption),"2,928",1.68,"15,000",5.12,3.05,2,NA
13,107,Colistin,68,Colistin sulfate; Trimethoprim,"Colistin (1,200,000,000 IU/1kg); Trimethoprim (50g/1kg)",1,300 g,Yes,Mixed in water,NA,200,550,NA (water prepare < water consumption),"2,928",1.68,"12,000",4.1,2.44,2,NA
13,107,Doxycycline,73,Florfenicol; Doxycycline,Florfenicol (200 mg/1ml); Doxycycline (100 mg/1ml),1,500 ml,Yes,Mixed in water,NA,200,600,NA (water prepare < water consumption),"2,928",1.86,"50,000",17.08,9.16,2,NA
13,107,Doxycycline,74,Florfenicol; Doxycycline,Florfenicol (200 mg/1ml); Doxycycline (100 mg/1ml),1,500 ml,Yes,Mixed in water,NA,200,600,NA (water prepare < water consumption),"2,928",1.91,"50,000",17.08,8.95,2,NA
13,107,Doxycycline,75,Florfenicol; Doxycycline,Florfenicol (200 mg/1ml); Doxycycline (100 mg/1ml),1,500 ml,Yes,Mixed in water,NA,200,600,NA (water prepare < water consumption),"2,928",1.95,"50,000",17.08,8.74,2,NA
13,107,Amoxicillin,78,Amoxicillin trihydrate,Amoxicillin (500mg/1g),1,300 g,Yes,Mixed in water,NA,200,600,NA (water prepare < water consumption),"2,928",2.11,"150,000",51.23,24.3,2,NA
13,107,Amoxicillin,79,Amoxicillin trihydrate,Amoxicillin (500mg/1g),1,300 g,Yes,Mixed in water,NA,200,600,NA (water prepare < water consumption),"2,928",2.17,"150,000",51.23,23.66,2,NA
13,107,Amoxicillin,80,Amoxicillin trihydrate,Amoxicillin (500mg/1g),1,300 g,Yes,Mixed in water,NA,200,600,NA (water prepare < water consumption),"2,928",2.22,"150,000",51.23,23.04,2,NA
14,113,Amoxicillin,13,Amoxicillin trihydrate,Amoxicillin (500mg/1g),1,25 g,Yes,Mixed in water,NA,5,50,NA (water prepare < water consumption),494,0.16,"12,500",25.3,157.97,1,Blood in stool
14,113,Amoxicillin,14,Amoxicillin trihydrate,Amoxicillin (500mg/1g),1,25 g,Yes,Mixed in water,NA,5,50,NA (water prepare < water consumption),494,0.18,"12,500",25.3,139.26,1,Blood in stool
14,113,Amoxicillin,15,Amoxicillin trihydrate,Amoxicillin (500mg/1g),1,25 g,Yes,Mixed in water,NA,5,50,NA (water prepare < water consumption),494,0.21,"12,500",25.3,123.17,1,Blood in stool
14,113,Doxycycline,19,Doxycycline hyclate,Doxycycline (500mg/1g),0.82,20 g,Yes,Mixed in water,NA,10,60,NA (water prepare < water consumption),494,0.32,"8,200",16.6,22.41,2,NA
14,113,Doxycycline,20,Doxycycline hyclate,Doxycycline (500mg/1g),0.82,20 g,Yes,Mixed in water,NA,10,60,NA (water prepare < water consumption),494,0.35,"8,200",16.6,22.41,2,NA
14,113,Doxycycline,21,Doxycycline hyclate,Doxycycline (500mg/1g),0.82,20 g,Yes,Mixed in water,NA,10,60,NA (water prepare < water consumption),494,0.38,"8,200",16.6,22.41,2,NA
14,113,Florfenicol,68,Florfenicol,Florfenicol (200 mg/1ml),1,50 ml,Yes,Mixed in water,NA,30,130,NA (water prepare < water consumption),481,1.58,"10,000",20.79,13.19,1,Asthma
14,113,Florfenicol,68,Florfenicol; Doxycycline,Florfenicol (200 mg/1ml); Doxycycline (100 mg/1ml),1,50 ml,Yes,Mixed in water,NA,30,130,NA (water prepare < water consumption),481,1.58,"10,000",20.79,13.19,1,Asthma
14,113,Doxycycline,68,Florfenicol; Doxycycline,Florfenicol (200 mg/1ml); Doxycycline (100 mg/1ml),1,50 ml,Yes,Mixed in water,NA,30,130,NA (water prepare < water consumption),481,1.58,"5,000",10.4,6.59,1,Asthma
14,113,Florfenicol,69,Florfenicol,Florfenicol (200 mg/1ml),1,50 ml,Yes,Mixed in water,NA,30,140,NA (water prepare < water consumption),481,1.6,"10,000",20.79,12.96,1,Asthma
14,113,Florfenicol,69,Florfenicol; Doxycycline,Florfenicol (200 mg/1ml); Doxycycline (100 mg/1ml),1,50 ml,Yes,Mixed in water,NA,30,140,NA (water prepare < water consumption),481,1.6,"10,000",20.79,12.96,1,Asthma
14,113,Doxycycline,69,Florfenicol; Doxycycline,Florfenicol (200 mg/1ml); Doxycycline (100 mg/1ml),1,50 ml,Yes,Mixed in water,NA,30,140,NA (water prepare < water consumption),481,1.6,"5,000",10.4,6.48,1,Asthma
14,113,Florfenicol,70,Florfenicol,Florfenicol (200 mg/1ml),1,50 ml,Yes,Mixed in water,NA,30,140,NA (water prepare < water consumption),481,1.63,"10,000",20.79,12.72,1,Asthma
14,113,Florfenicol,70,Florfenicol; Doxycycline,Florfenicol (200 mg/1ml); Doxycycline (100 mg/1ml),1,50 ml,Yes,Mixed in water,NA,30,140,NA (water prepare < water consumption),481,1.63,"10,000",20.79,12.72,1,Asthma
14,113,Doxycycline,70,Florfenicol; Doxycycline,Florfenicol (200 mg/1ml); Doxycycline (100 mg/1ml),1,50 ml,Yes,Mixed in water,NA,30,140,NA (water prepare < water consumption),481,1.63,"5,000",10.4,6.36,1,Asthma
40,143,Tilmicosin,90,Doxycycline hyclate; Tilmicosin phosphate,"Doxycycline (100mg/1ml), Tilmicosin (300mg/lml)",0.9,100ml,Yes,Mixed in water,NA,60,70,NA (water prepare < water consumption),949,1.23,"27,000",28.45,23.2,2,NA
40,143,Doxycycline,90,Doxycycline hyclate; Tilmicosin phosphate,"Doxycycline (100mg/1ml), Tilmicosin (300mg/lml)",0.82,100ml,Yes,Mixed in water,NA,60,70,NA (water prepare < water consumption),949,1.23,"8,200",8.64,7.04,2,NA
40,143,Tilmicosin,91,Doxycycline hyclate; Tilmicosin phosphate,"Doxycycline (100mg/1ml), Tilmicosin (300mg/lml)",0.9,100ml,Yes,Mixed in water,NA,60,80,NA (water prepare < water consumption),949,1.24,"27,000",28.45,22.92,2,NA
40,143,Doxycycline,91,Doxycycline hyclate; Tilmicosin phosphate,"Doxycycline (100mg/1ml), Tilmicosin (300mg/lml)",0.82,100ml,Yes,Mixed in water,NA,60,80,NA (water prepare < water consumption),949,1.24,"8,200",8.64,6.96,2,NA
8,114,Florfenicol,10,"Florfenicol, Doxycycline hyclate",Florfenicol (10g/100g); Doxycycline (10g/100g),1,30 g,Yes,Mixed in feed,25,NA,20,NA (water prepare < water consumption),"1,491",0.16,"3,000",2.01,12.26,1,Asthma
8,114,Florfenicol,11,"Florfenicol, Doxycycline hyclate",Florfenicol (10g/100g); Doxycycline (10g/100g),1,30 g,Yes,Mixed in feed,25,NA,20,NA (water prepare < water consumption),"1,491",0.18,"3,000",2.01,11.24,1,Asthma
15,107,Florfenicol,1,Florfenicol,Florfenicol (200 mg/1ml),1,30 ml,Yes,Mixed in water,NA,5,5,NA (water prepare < water consumption),"1,300",0.08,"6,000",4.62,56.54,1,Asthma
15,107,Florfenicol,2,Florfenicol,Florfenicol (200 mg/1ml),1,30 ml,Yes,Mixed in water,NA,5,5,NA (water prepare < water consumption),"1,300",0.09,"6,000",4.62,51.41,1,Asthma
15,107,Florfenicol,3,Florfenicol,Florfenicol (200 mg/1ml),1,30 ml,Yes,Mixed in water,NA,5,10,NA (water prepare < water consumption),"1,300",0.1,"6,000",4.62,46.75,1,Asthma
15,107,Gentamicin,3,Gentamicin sulfate; Ampicillin Sodium,Gentamicin (40mg/1g); Ampicillin (30mg/1g),0.83,100g,Yes,Mixed in water,NA,5,10,NA (water prepare < water consumption),"1,300",0.1,"3,320",2.55,25.87,2,NA
15,107,Ampicillin,3,Gentamicin sulfate; Ampicillin Sodium,Gentamicin (40mg/1g); Ampicillin (30mg/1g),0.87,100g,Yes,Mixed in water,NA,5,10,NA (water prepare < water consumption),"1,300",0.1,"2,610",2.01,20.34,2,NA
15,107,Gentamicin,4,Gentamicin sulfate; Ampicillin Sodium,Gentamicin (40mg/1g); Ampicillin (30mg/1g),0.83,100 g,Yes,Mixed in water,NA,5,10,NA (water prepare < water consumption),"1,300",0.11,"3,320",2.55,23.52,2,NA
15,107,Ampicillin,4,Gentamicin sulfate; Ampicillin Sodium,Gentamicin (40mg/1g); Ampicillin (30mg/1g),0.87,100 g,Yes,Mixed in water,NA,5,10,NA (water prepare < water consumption),"1,300",0.11,"2,610",2.01,18.49,2,NA
15,107,Gentamicin,5,Gentamicin sulfate; Ampicillin Sodium,Gentamicin (40mg/1g); Ampicillin (30mg/1g),0.83,100 g,Yes,Mixed in water,NA,5,10,NA (water prepare < water consumption),"1,297",0.12,"3,320",2.56,21.44,2,NA
15,107,Ampicillin,5,Gentamicin sulfate; Ampicillin Sodium,Gentamicin (40mg/1g); Ampicillin (30mg/1g),0.87,100 g,Yes,Mixed in water,NA,5,10,NA (water prepare < water consumption),"1,297",0.12,"2,610",2.01,16.85,2,NA
15,107,Gentamicin,6,Gentamicin sulfate; Ampicillin Sodium,Gentamicin (40mg/1g); Ampicillin (30mg/1g),0.83,100 g,Yes,Mixed in water,NA,5,20,NA (water prepare < water consumption),"1,297",0.13,"3,320",2.56,19.49,2,NA
15,107,Ampicillin,6,Gentamicin sulfate; Ampicillin Sodium,Gentamicin (40mg/1g); Ampicillin (30mg/1g),0.87,100 g,Yes,Mixed in water,NA,5,20,NA (water prepare < water consumption),"1,297",0.13,"2,610",2.01,15.33,2,NA
15,107,Gentamicin,7,Gentamicin sulfate; Ampicillin Sodium,Gentamicin (40mg/1g); Ampicillin (30mg/1g),0.83,100 g,Yes,Mixed in water,NA,5,20,NA (water prepare < water consumption),"1,297",0.14,"3,320",2.56,17.73,2,NA
15,107,Ampicillin,7,Gentamicin sulfate; Ampicillin Sodium,Gentamicin (40mg/1g); Ampicillin (30mg/1g),0.87,100 g,Yes,Mixed in water,NA,5,20,NA (water prepare < water consumption),"1,297",0.14,"2,610",2.01,13.94,2,NA
15,107,Gentamicin,8,Gentamicin sulfate; Ampicillin Sodium,Gentamicin (40mg/1g); Ampicillin (30mg/1g),0.83,100 g,Yes,Mixed in water,NA,5,20,NA (water prepare < water consumption),"1,297",0.16,"3,320",2.56,16.12,2,NA
15,107,Ampicillin,8,Gentamicin sulfate; Ampicillin Sodium,Gentamicin (40mg/1g); Ampicillin (30mg/1g),0.87,100 g,Yes,Mixed in water,NA,5,20,NA (water prepare < water consumption),"1,297",0.16,"2,610",2.01,12.67,2,NA
15,107,Gentamicin,9,Gentamicin sulfate; Ampicillin Sodium,Gentamicin (40mg/1g); Ampicillin (30mg/1g),0.83,100 g,Yes,Mixed in water,NA,5,40,NA (water prepare < water consumption),"1,297",0.17,"3,320",2.56,14.65,2,NA
15,107,Ampicillin,9,Gentamicin sulfate; Ampicillin Sodium,Gentamicin (40mg/1g); Ampicillin (30mg/1g),0.87,100 g,Yes,Mixed in water,NA,5,40,NA (water prepare < water consumption),"1,297",0.17,"2,610",2.01,11.52,2,NA
15,107,Gentamicin,10,Gentamicin sulfate; Ampicillin Sodium,Gentamicin (40mg/1g); Ampicillin (30mg/1g),0.83,100 g,Yes,Mixed in water,NA,5,40,NA (water prepare < water consumption),"1,297",0.19,"3,320",2.56,13.32,2,NA
15,107,Ampicillin,10,Gentamicin sulfate; Ampicillin Sodium,Gentamicin (40mg/1g); Ampicillin (30mg/1g),0.87,100 g,Yes,Mixed in water,NA,5,40,NA (water prepare < water consumption),"1,297",0.19,"2,610",2.01,10.47,2,NA
15,107,Gentamicin,11,Gentamicin sulfate; Ampicillin Sodium,Gentamicin (40mg/1g); Ampicillin (30mg/1g),0.83,100 g,Yes,Mixed in water,NA,5,40,NA (water prepare < water consumption),"1,297",0.21,"3,320",2.56,12.1,2,NA
15,107,Ampicillin,11,Gentamicin sulfate; Ampicillin Sodium,Gentamicin (40mg/1g); Ampicillin (30mg/1g),0.87,100 g,Yes,Mixed in water,NA,5,40,NA (water prepare < water consumption),"1,297",0.21,"2,610",2.01,9.51,2,NA
15,107,Gentamicin,12,Gentamicin sulfate; Ampicillin Sodium,Gentamicin (40mg/1g); Ampicillin (30mg/1g),0.83,100 g,Yes,Mixed in water,NA,5,60,NA (water prepare < water consumption),"1,297",0.23,"3,320",2.56,10.99,2,NA
15,107,Ampicillin,12,Gentamicin sulfate; Ampicillin Sodium,Gentamicin (40mg/1g); Ampicillin (30mg/1g),0.87,100 g,Yes,Mixed in water,NA,5,60,NA (water prepare < water consumption),"1,297",0.23,"2,610",2.01,8.64,2,NA
15,107,Gentamicin,13,Gentamicin sulfate; Ampicillin Sodium,Gentamicin (40mg/1g); Ampicillin (30mg/1g),0.83,100 g,Yes,Mixed in water,NA,5,60,NA (water prepare < water consumption),"1,297",0.26,"3,320",2.56,9.99,2,NA
15,107,Ampicillin,13,Gentamicin sulfate; Ampicillin Sodium,Gentamicin (40mg/1g); Ampicillin (30mg/1g),0.87,100 g,Yes,Mixed in water,NA,5,60,NA (water prepare < water consumption),"1,297",0.26,"2,610",2.01,7.85,2,NA
15,107,Florfenicol,16,Florfenicol,Florfenicol (200g/1lit),1,50 ml,Yes,Mixed in water,NA,10,80,NA (water prepare < water consumption),"1,296",0.34,"10,000",7.72,22.94,1,Asthma
15,107,Florfenicol,17,Florfenicol,Florfenicol (200g/1lit),1,50 ml,Yes,Mixed in water,NA,10,100,NA (water prepare < water consumption),"1,296",0.37,"10,000",7.72,21.13,1,Asthma
15,107,Florfenicol,18,Florfenicol,Florfenicol (200g/1lit),1,50 ml,Yes,Mixed in water,NA,10,100,NA (water prepare < water consumption),"1,296",0.39,"10,000",7.72,19.56,1,Asthma
15,107,Sulfamonomethoxine,25,Sulfamonomethoxine sodium,Sulfamonomethoxine (800mg/1g),0.93,100 g,Yes,Mixed in water,NA,10,160,NA (water prepare < water consumption),"1,296",0.59,"74,400",57.41,44.13,1,Blackhead disease
15,107,Sulfamonomethoxine,26,Sulfamonomethoxine sodium,Sulfamonomethoxine (800mg/1g),0.93,100 G,Yes,Mixed in water,NA,10,160,NA (water prepare < water consumption),"1,296",0.62,"74,400",57.41,44.13,1,Blackhead disease
15,107,Sulfamonomethoxine,27,Sulfamonomethoxine sodium,Sulfamonomethoxine (800mg/1g),0.93,100 g,Yes,Mixed in water,NA,10,160,NA (water prepare < water consumption),"1,296",0.64,"74,400",57.41,44.13,1,Blackhead disease
15,107,Doxycycline,28,Doxycycline hyclate,Doxycycline(500g/1kg),0.82,50 g,Yes,Mixed in water,NA,30,180,NA (water prepare < water consumption),"1,296",0.66,"20,500",15.82,23.81,2,NA
15,107,Doxycycline,29,Doxycycline hyclate,Doxycycline(500g/1kg),0.82,50 g,Yes,Mixed in water,NA,30,180,NA (water prepare < water consumption),"1,296",0.69,"20,500",15.82,23.01,2,NA
15,107,Doxycycline,30,Doxycycline hyclate,Doxycycline(500g/1kg),0.82,50 g,Yes,Mixed in water,NA,30,180,NA (water prepare < water consumption),"1,296",0.71,"20,500",15.82,22.27,2,NA
15,107,Amoxicillin,36,Amoxicillin trihydrate,Amoxicillin (500g/1kg),1,200g,Yes,Mixed in water,NA,100,180,NA (water prepare < water consumption),"1,293",0.87,"100,000",77.34,89.02,2,NA
15,107,Colistin,36,Colistin sulfate,"Colistin (10,000,000,000 IU/1kg)",1,100 g,Yes,Mixed in water,NA,100,180,NA (water prepare < water consumption),"1,293",0.87,"33,333",25.78,29.67,2,NA
15,107,Amoxicillin,37,Amoxicillin trihydrate,Amoxicillin (500g/1kg),1,200 g,Yes,Mixed in water,NA,100,180,NA (water prepare < water consumption),"1,293",0.9,"100,000",77.34,85.92,2,NA
15,107,Colistin,37,Colistin sulfate,"Colistin (10,000,000,000 IU/1kg)",1,100 g,Yes,Mixed in water,NA,100,180,NA (water prepare < water consumption),"1,293",0.9,"33,333",25.78,28.64,2,NA
15,107,Amoxicillin,38,Amoxicillin trihydrate,Amoxicillin (500g/1kg),1,200 g,Yes,Mixed in water,NA,100,180,NA (water prepare < water consumption),"1,293",0.93,"100,000",77.34,82.97,2,NA
15,107,Colistin,38,Colistin sulfate,"Colistin (10,000,000,000 IU/1kg)",1,100 g,Yes,Mixed in water,NA,100,180,NA (water prepare < water consumption),"1,293",0.93,"33,333",25.78,27.66,2,NA
15,107,Amoxicillin,39,Amoxicillin trihydrate,Amoxicillin (500g/1kg),1,200 g,Yes,Mixed in water,NA,100,180,NA (water prepare < water consumption),"1,293",0.96,"100,000",77.34,80.21,2,NA
15,107,Colistin,39,Colistin sulfate,"Colistin (10,000,000,000 IU/1kg)",1,100 g,Yes,Mixed in water,NA,100,180,NA (water prepare < water consumption),"1,293",0.96,"33,333",25.78,26.74,2,NA
15,107,Amoxicillin,55,Amoxicillin trihydrate,Amoxicillin (500g/1kg),1,250 g,Yes,Mixed in water,NA,120,280,NA (water prepare < water consumption),"1,293",1.43,"125,000",96.67,67.37,2,NA
15,107,Amoxicillin,56,Amoxicillin trihydrate,Amoxicillin (500g/1kg),1,250 g,Yes,Mixed in water,NA,120,280,NA (water prepare < water consumption),"1,293",1.46,"125,000",96.67,66.1,2,NA
15,107,Amoxicillin,57,Amoxicillin trihydrate,Amoxicillin (500g/1kg),1,250 g,Yes,Mixed in water,NA,120,280,NA (water prepare < water consumption),"1,293",1.49,"125,000",96.67,64.86,2,NA
15,107,Cefalexin,75,Cefalexin,Cefalexin (500g/1kg),1,150 g,Yes,Mixed in water,NA,60,370,NA (water prepare < water consumption),"1,293",2.11,"75,000",58,27.46,2,NA
15,107,Doxycycline,75,Doxycycline hyclate,Doxycycline(500g/1kg),0.82,150 g,Yes,Mixed in water,NA,60,370,NA (water prepare < water consumption),"1,293",2.11,"61,500",47.56,22.52,2,NA
15,107,Florfenicol,75,Florfenicol,Florfenicol (200g/1lit),1,170 ml,Yes,Mixed in water,NA,60,370,NA (water prepare < water consumption),"1,293",2.11,"34,000",26.3,12.45,2,NA
15,107,Cefalexin,76,Cefalexin,Cefalexin (500g/1kg),1,150 g,Yes,Mixed in water,NA,60,380,NA (water prepare < water consumption),"1,293",2.15,"75,000",58,26.92,2,NA
15,107,Doxycycline,76,Doxycycline hyclate,Doxycycline(500g/1kg),0.82,150 g,Yes,Mixed in water,NA,60,380,NA (water prepare < water consumption),"1,293",2.15,"61,500",47.56,22.08,2,NA
15,107,Florfenicol,76,Florfenicol,Florfenicol (200g/1lit),1,170 ml,Yes,Mixed in water,NA,60,380,NA (water prepare < water consumption),"1,293",2.15,"34,000",26.3,12.2,2,NA
15,107,Cefalexin,77,Cefalexin,Cefalexin (500g/1kg),1,150 g,Yes,Mixed in water,NA,60,380,NA (water prepare < water consumption),"1,293",2.2,"75,000",58,26.4,2,NA
15,107,Doxycycline,77,Doxycycline hyclate,Doxycycline(500g/1kg),0.82,150 g,Yes,Mixed in water,NA,60,380,NA (water prepare < water consumption),"1,293",2.2,"61,500",47.56,21.65,2,NA
15,107,Florfenicol,77,Florfenicol,Florfenicol (200g/1lit),1,170 ml,Yes,Mixed in water,NA,60,380,NA (water prepare < water consumption),"1,293",2.2,"34,000",26.3,11.97,2,NA
15,107,Colistin,86,Colistin sulfate,"Colistin (10,000,000,000 IU/1kg)",1,100 g,Yes,Mixed in water,NA,60,400,NA (water prepare < water consumption),"1,293",2.59,"33,333",25.78,9.94,2,NA
15,107,Enrofloxacin,86,Enrofloxacin Hydrochloride,Enrofloxacin (200g/1 litre),0.91,50 ml,Yes,Mixed in water,NA,60,400,NA (water prepare < water consumption),"1,293",2.59,"9,100",7.04,2.71,2,NA
15,107,Colistin,87,Colistin sulfate,"Colistin (10,000,000,000 IU/1kg)",1,100 g,Yes,Mixed in water,NA,60,400,NA (water prepare < water consumption),"1,293",2.64,"33,333",25.78,9.77,2,NA
15,107,Enrofloxacin,87,Enrofloxacin Hydrochloride,Enrofloxacin (200g/1 litre),0.91,50 ml,Yes,Mixed in water,NA,60,400,NA (water prepare < water consumption),"1,293",2.64,"9,100",7.04,2.67,2,NA
15,107,Colistin,88,Colistin sulfate,"Colistin (10,000,000,000 IU/1kg)",1,100 g,Yes,Mixed in water,NA,60,400,NA (water prepare < water consumption),"1,293",2.69,"33,333",25.78,9.6,2,NA
15,107,Enrofloxacin,88,Enrofloxacin Hydrochloride,Enrofloxacin (200g/1 litre),0.91,50 ml,Yes,Mixed in water,NA,60,400,NA (water prepare < water consumption),"1,293",2.69,"9,100",7.04,2.62,2,NA
15,107,Amoxicillin,99,Amoxicillin trihydrate,Amoxicillin (500g/1kg),1,100 g,Yes,Mixed in water,NA,60,80,NA (water prepare < water consumption),541,3.08,"50,000",92.42,29.98,2,NA
16,124,Florfenicol,23,Florfenicol,Florfenicol (500mg/1g); ,1,100g,Yes,Mixed in water,NA,10,100,NA (water prepare < water consumption),"1,558",0.34,"50,000",32.09,23.36,2,NA
16,124,Florfenicol,24,Florfenicol,Florfenicol (500mg/1g); ,1,100 g,Yes,Mixed in water,NA,10,100,NA (water prepare < water consumption),"1,558",0.36,"50,000",32.09,23.36,2,NA
16,124,Florfenicol,25,Florfenicol,Florfenicol (500mg/1g); ,1,100 g,Yes,Mixed in water,NA,10,110,NA (water prepare < water consumption),"1,558",0.38,"50,000",32.09,23.36,2,NA
16,124,Amoxicillin,39,Amoxicillin trihydrate,Amoxicillin (500g/1kg),1,100 g,Yes,Mixed in water,NA,50,220,NA (water prepare < water consumption),"1,556",0.71,"50,000",32.13,44.99,1,Diarrhea
16,124,Amoxicillin,40,Amoxicillin trihydrate,Amoxicillin (500g/1kg),1,100 g,Yes,Mixed in water,NA,50,220,NA (water prepare < water consumption),"1,556",0.75,"50,000",32.13,42.9,1,Diarrhea
16,124,Amoxicillin,41,Amoxicillin trihydrate,Amoxicillin (500g/1kg),1,100 g,Yes,Mixed in water,NA,50,220,NA (water prepare < water consumption),"1,556",0.78,"50,000",32.13,40.97,1,Diarrhea
16,124,Amoxicillin,76,Amoxicillin trihydrate,Amoxicillin (640mg/1g),0.87,100 g,Yes,Mixed in water,NA,80,350,NA (water prepare < water consumption),"1,554",2.39,"55,680",35.83,14.97,1,Asthma
16,124,Amoxicillin,77,Amoxicillin trihydrate,Amoxicillin (640mg/1g),0.87,100 g,Yes,Mixed in water,NA,80,350,NA (water prepare < water consumption),"1,554",2.49,"55,680",35.83,14.4,1,Asthma
16,124,Sulfaclozine,77,Sulfachloropyrazine = Sulfaclozine  sodium,Sulfachloropyrazine (300g/1kg),0.93,100 g,Yes,Mixed in water,NA,80,350,NA (water prepare < water consumption),"1,554",2.49,"27,900",17.95,7.21,1,Asthma
16,124,Amoxicillin,78,Amoxicillin trihydrate,Amoxicillin (640mg/1g),0.87,100 g,Yes,Mixed in water,NA,80,350,NA (water prepare < water consumption),"1,554",2.59,"55,680",35.83,13.85,1,Asthma
16,124,Sulfaclozine,78,Sulfachloropyrazine = Sulfaclozine  sodium,Sulfachloropyrazine (300g/1kg),0.93,100 g,Yes,Mixed in water,NA,80,350,NA (water prepare < water consumption),"1,554",2.59,"27,900",17.95,6.94,1,Asthma
17,122,Sulfadimidine,7,Sulfadimidine,Sulfadimidine (21.3g/100g),1,10 g,Yes,Mixed in water,NA,5,30,NA (water prepare < water consumption),797,0.08,"2,130",2.67,31.6,2,NA
17,122,Doxycycline,7,Doxycycline hyclate,Doxycycline (5000mg/100g),0.82,10 g,Yes,Mixed in water,NA,5,30,NA (water prepare < water consumption),797,0.08,410,0.51,6.08,2,NA
17,122,Sulfadimidine,8,Sulfadimidine,Sulfadimidine (21.3g/100g),1,10 g,Yes,Mixed in water,NA,5,30,NA (water prepare < water consumption),797,0.09,"2,130",2.67,28.16,2,NA
17,122,Doxycycline,8,Doxycycline hyclate,Doxycycline (5000mg/100g),0.82,10 g,Yes,Mixed in water,NA,5,30,NA (water prepare < water consumption),797,0.09,410,0.51,5.42,2,NA
17,122,Sulfadimidine,9,Sulfadimidine,Sulfadimidine (21.3g/100g),1,10 g,Yes,Mixed in water,NA,5,40,NA (water prepare < water consumption),797,0.11,"2,130",2.67,25.09,2,NA
17,122,Doxycycline,9,Doxycycline hyclate,Doxycycline (5000mg/100g),0.82,10 g,Yes,Mixed in water,NA,5,40,NA (water prepare < water consumption),797,0.11,410,0.51,4.83,2,NA
17,122,Sulfadimidine,11,Sulfadimidine,Sulfadimidine (21.3g/100g),1,10 g,Yes,Mixed in water,NA,10,40,NA (water prepare < water consumption),797,0.13,"2,130",2.67,19.9,2,NA
17,122,Doxycycline,13,Doxycycline hyclate,Doxycycline (5000mg/100g),0.82,10 g,Yes,Mixed in water,NA,10,50,NA (water prepare < water consumption),797,0.17,410,0.51,3.04,2,NA
17,122,Amoxicillin,15,Amoxicillin trihydrate,Amoxicillin (50g/100g),1,10 g,Yes,Mixed in water,NA,10,50,NA (water prepare < water consumption),797,0.21,"5,000",6.27,29.74,2,NA
17,122,Sulfadimidine,17,Sulfadimidine,Sulfadimidine (21.3g/100g),1,10 g,Yes,Mixed in water,NA,10,60,NA (water prepare < water consumption),796,0.26,"2,130",2.68,10.37,2,NA
17,122,Doxycycline,19,Doxycycline hyclate,Doxycycline (5000mg/100g),0.82,10 g,Yes,Mixed in water,NA,10,80,NA (water prepare < water consumption),796,0.31,410,0.52,1.67,2,NA
17,122,Amoxicillin,21,Amoxicillin trihydrate,Amoxicillin (50g/100g),1,10 g,Yes,Mixed in water,NA,10,80,NA (water prepare < water consumption),596,0.36,"5,000",8.39,23.49,2,NA
17,122,Amoxicillin,43,Amoxicillin trihydrate,Amoxicillin (50g/100g),1,100 g,Yes,Mixed in water,NA,60,120,NA (water prepare < water consumption),590,0.99,"50,000",84.75,85.7,2,NA
17,122,Amoxicillin,44,Amoxicillin trihydrate,Amoxicillin (50g/100g),1,100 g,Yes,Mixed in water,NA,60,120,NA (water prepare < water consumption),590,1.03,"50,000",84.75,81.9,2,NA
17,122,Amoxicillin,45,Amoxicillin trihydrate,Amoxicillin (50g/100g),1,100 g,Yes,Mixed in water,NA,60,120,NA (water prepare < water consumption),590,1.08,"50,000",84.75,78.37,2,NA
17,122,Doxycycline,51,Doxycycline hyclate,Doxycycline (500g/1000g),0.82,200 g,Yes,Mixed in water,NA,60,120,NA (water prepare < water consumption),590,1.36,"82,000",138.98,102.34,1,Asthma
17,122,Doxycycline,52,Doxycycline hyclate,Doxycycline (500g/1000g),0.82,200 g,Yes,Mixed in water,NA,60,120,NA (water prepare < water consumption),590,1.4,"82,000",138.98,99.29,1,Asthma
17,122,Amoxicillin,59,Amoxicillin trihydrate,Amoxicillin (50g/100g),1,100 g,Yes,Mixed in water,NA,60,120,NA (water prepare < water consumption),589,1.68,"50,000",84.89,50.66,2,NA
17,122,Amoxicillin,60,Amoxicillin trihydrate,Amoxicillin (50g/100g),1,100 g,Yes,Mixed in water,NA,60,120,NA (water prepare < water consumption),589,1.72,"50,000",84.89,49.44,2,NA
17,122,Amoxicillin,61,Amoxicillin trihydrate,Amoxicillin (50g/100g),1,100 g,Yes,Mixed in water,NA,60,130,NA (water prepare < water consumption),589,1.76,"50,000",84.89,48.25,2,NA
17,122,Florfenicol,68,Florfenicol,Florfenicol (500 g/1000g),1,300 g,Yes,Mixed in feed,25,NA,210,NA (water prepare < water consumption),588,2.07,"150,000",255.1,123.05,1,Asthma
17,122,Florfenicol,69,Florfenicol,Florfenicol (500 g/1000g),1,300 g,Yes,Mixed in feed,25,NA,210,NA (water prepare < water consumption),588,2.12,"150,000",255.1,120.42,1,Asthma
17,122,Florfenicol,70,Florfenicol,Florfenicol (500 g/1000g),1,300 g,Yes,Mixed in feed,25,NA,200,NA (water prepare < water consumption),589,2.16,"150,000",254.67,117.74,1,Asthma
17,122,Amoxicillin,73,Amoxicillin trihydrate,Amoxicillin (50g/100g),1,100 g,Yes,Mixed in water,NA,60,220,NA (water prepare < water consumption),589,2.29,"50,000",84.89,37.07,2,NA
17,122,Amoxicillin,74,Amoxicillin trihydrate,Amoxicillin (50g/100g),1,100 g,Yes,Mixed in water,NA,60,220,NA (water prepare < water consumption),589,2.33,"50,000",84.89,36.44,2,NA
17,122,Amoxicillin,75,Amoxicillin trihydrate,Amoxicillin (50g/100g),1,100 g,Yes,Mixed in water,NA,60,220,NA (water prepare < water consumption),589,2.37,"50,000",84.89,35.84,2,NA
18,126,Amoxicillin,0,Amoxicillin trihydrate; Colistin sulfate,"Amoxicillin (500mg/1g); Colistin (2,000,000 IU/1g)",0.87,100g,Yes,Mixed in water,NA,10,20,NA (water prepare < water consumption),"3,100",0.06,"43,500",14.03,232.58,2,NA
18,126,Enrofloxacin,0,Enrofloxacin,Enrofloxacin (100g/1lit),1,200 ml,Yes,Mixed in water,NA,10,20,NA (water prepare < water consumption),"3,100",0.06,"20,000",6.45,106.93,2,NA
18,126,Colistin,0,Amoxicillin trihydrate; Colistin sulfate,"Amoxicillin (500mg/1g); Colistin (2,000,000 IU/1g)",1,100g,Yes,Mixed in water,NA,10,20,NA (water prepare < water consumption),"3,100",0.06,"6,667",2.15,35.64,2,NA
18,126,Amoxicillin,1,Amoxicillin trihydrate; Colistin sulfate,"Amoxicillin (500mg/1g); Colistin (2,000,000 IU/1g)",0.87,100g,Yes,Mixed in water,NA,NA,20,NA (water prepare < water consumption),"3,100",0.07,"43,500",14.03,215.69,2,NA
18,126,Enrofloxacin,1,Enrofloxacin,Enrofloxacin (100g/1lit),1,200 ml,Yes,Mixed in water,NA,10,20,NA (water prepare < water consumption),"3,100",0.07,"20,000",6.45,99.17,2,NA
18,126,Colistin,1,Amoxicillin trihydrate; Colistin sulfate,"Amoxicillin (500mg/1g); Colistin (2,000,000 IU/1g)",1,100g,Yes,Mixed in water,NA,NA,20,NA (water prepare < water consumption),"3,100",0.07,"6,667",2.15,33.06,2,NA
18,126,Amoxicillin,2,Amoxicillin trihydrate; Colistin sulfate,"Amoxicillin (500mg/1g); Colistin (2,000,000 IU/1g)",0.87,100g,Yes,Mixed in water,NA,20,40,NA (water prepare < water consumption),"3,100",0.07,"43,500",14.03,200.03,2,NA
18,126,Enrofloxacin,2,Enrofloxacin,Enrofloxacin (100g/1lit),1,200 ml,Yes,Mixed in water,NA,20,40,NA (water prepare < water consumption),"3,100",0.07,"20,000",6.45,91.97,2,NA
18,126,Colistin,2,Amoxicillin trihydrate; Colistin sulfate,"Amoxicillin (500mg/1g); Colistin (2,000,000 IU/1g)",1,100g,Yes,Mixed in water,NA,20,40,NA (water prepare < water consumption),"3,100",0.07,"6,667",2.15,30.66,2,NA
18,126,Amoxicillin,3,Amoxicillin trihydrate; Colistin sulfate,"Amoxicillin (500mg/1g); Colistin (2,000,000 IU/1g)",0.87,100g,Yes,Mixed in water,NA,20,40,NA (water prepare < water consumption),"3,080",0.08,"43,500",14.12,186.71,2,NA
18,126,Enrofloxacin,3,Enrofloxacin,Enrofloxacin (100g/1lit),1,200 ml,Yes,Mixed in water,NA,20,40,NA (water prepare < water consumption),"3,080",0.08,"20,000",6.49,85.85,2,NA
18,126,Colistin,3,Amoxicillin trihydrate; Colistin sulfate,"Amoxicillin (500mg/1g); Colistin (2,000,000 IU/1g)",1,100g,Yes,Mixed in water,NA,20,40,NA (water prepare < water consumption),"3,080",0.08,"6,667",2.16,28.62,2,NA
18,126,Amoxicillin,4,Amoxicillin trihydrate; Colistin sulfate,"Amoxicillin (500mg/1g); Colistin (2,000,000 IU/1g)",0.87,100g,Yes,Mixed in water,NA,20,60,NA (water prepare < water consumption),"3,080",0.08,"43,500",14.12,173.16,2,NA
18,126,Enrofloxacin,4,Enrofloxacin,Enrofloxacin (100g/1lit),1,200 ml,Yes,Mixed in water,NA,20,60,NA (water prepare < water consumption),"3,080",0.08,"20,000",6.49,79.61,2,NA
18,126,Colistin,4,Amoxicillin trihydrate; Colistin sulfate,"Amoxicillin (500mg/1g); Colistin (2,000,000 IU/1g)",1,100g,Yes,Mixed in water,NA,20,60,NA (water prepare < water consumption),"3,080",0.08,"6,667",2.16,26.54,2,NA
18,126,Amoxicillin,5,Amoxicillin trihydrate; Colistin sulfate,"Amoxicillin (500mg/1g); Colistin (2,000,000 IU/1g)",0.87,100g,Yes,Mixed in water,NA,30,60,NA (water prepare < water consumption),"3,080",0.09,"43,500",14.12,160.58,2,NA
18,126,Enrofloxacin,5,Enrofloxacin,Enrofloxacin (100g/1lit),1,200 ml,Yes,Mixed in water,NA,30,60,NA (water prepare < water consumption),"3,080",0.09,"20,000",6.49,73.83,2,NA
18,126,Colistin,5,Amoxicillin trihydrate; Colistin sulfate,"Amoxicillin (500mg/1g); Colistin (2,000,000 IU/1g)",1,100g,Yes,Mixed in water,NA,30,60,NA (water prepare < water consumption),"3,080",0.09,"6,667",2.16,24.61,2,NA
18,126,Amoxicillin,6,Amoxicillin trihydrate; Colistin sulfate,"Amoxicillin (500mg/1g); Colistin (2,000,000 IU/1g)",0.87,100g,Yes,Mixed in water,NA,30,60,NA (water prepare < water consumption),"3,060",0.09,"43,500",14.22,149.9,2,NA
18,126,Enrofloxacin,6,Enrofloxacin,Enrofloxacin (100g/1lit),1,200 ml,Yes,Mixed in water,NA,30,60,NA (water prepare < water consumption),"3,060",0.09,"20,000",6.54,68.92,2,NA
18,126,Colistin,6,Amoxicillin trihydrate; Colistin sulfate,"Amoxicillin (500mg/1g); Colistin (2,000,000 IU/1g)",1,100g,Yes,Mixed in water,NA,30,60,NA (water prepare < water consumption),"3,060",0.09,"6,667",2.18,22.97,2,NA
18,126,Doxycycline,10,Doxycycline,"Doxycycline (20,000mg/100g)",1,100 g,Yes,Mixed in water,NA,40,100,NA (water prepare < water consumption),"3,050",0.13,"20,000",6.56,51.09,1,Asthma
18,126,Doxycycline,11,Doxycycline,"Doxycycline (20,000mg/100g)",1,100 g,Yes,Mixed in water,NA,40,100,NA (water prepare < water consumption),"3,049",0.14,"20,000",6.56,47.34,1,Asthma
18,126,Doxycycline,12,Doxycycline,"Doxycycline (20,000mg/100g)",1,100 g,Yes,Mixed in water,NA,40,100,NA (water prepare < water consumption),"3,049",0.15,"20,000",6.56,43.85,1,Asthma
18,126,Doxycycline,13,Doxycycline,"Doxycycline (20,000mg/100g)",1,100 g,Yes,Mixed in water,NA,40,150,NA (water prepare < water consumption),"3,049",0.16,"20,000",6.56,40.62,1,Asthma
18,126,Sulfamonomethoxine,56,Sulfamonomethoxine sodium,Sulfamonomethoxine (800mg/1g),0.93,100 g,Yes,Mixed in water,NA,120,400,NA (water prepare < water consumption),"2,988",1.24,"74,400",24.9,20.09,2,NA
18,126,Sulfamonomethoxine,57,Sulfamonomethoxine sodium,Sulfamonomethoxine (800mg/1g),0.93,100 g,Yes,Mixed in water,NA,120,400,NA (water prepare < water consumption),"2,988",1.29,"74,400",24.9,19.25,2,NA
18,126,Sulfamonomethoxine,58,Sulfamonomethoxine sodium,Sulfamonomethoxine (800mg/1g),0.93,100 g,Yes,Mixed in water,NA,120,500,NA (water prepare < water consumption),"2,988",1.35,"74,400",24.9,18.47,2,NA
18,126,Florfenicol,63,Florfenicol,Florfenicol (300 mg/1ml),1,100 ml,Yes,Mixed in water,NA,120,550,NA (water prepare < water consumption),"2,983",1.64,"30,000",10.06,6.14,1,Asthma
18,126,Florfenicol,63,Florfenicol; Doxycycline HCl; Bromhexine HCl,"Florfenicol (100,000 mg/1kg); Doxycycline (50,000 mg/1kg); Bromhexine (200mg/1kg)",1,20g,Yes,Mixed in water,NA,120,550,NA (water prepare < water consumption),"2,983",1.64,"2,000",0.67,0.41,1,Asthma
18,126,Doxycycline,63,Florfenicol; Doxycycline HCl; Bromhexine HCl,"Florfenicol (100,000 mg/1kg); Doxycycline (50,000 mg/1kg); Bromhexine (200mg/1kg)",1,20g,Yes,Mixed in water,NA,120,550,NA (water prepare < water consumption),"2,983",1.64,"1,000",0.34,0.2,1,Asthma
18,126,Florfenicol,64,Florfenicol,Florfenicol (300 mg/1ml),1,100 ml,Yes,Mixed in water,NA,120,550,NA (water prepare < water consumption),"2,983",1.7,"30,000",10.06,5.93,1,Asthma
18,126,Florfenicol,64,Florfenicol; Doxycycline HCl; Bromhexine HCl,"Florfenicol (100,000 mg/1kg); Doxycycline (50,000 mg/1kg); Bromhexine (200mg/1kg)",1,20g,Yes,Mixed in water,NA,120,550,NA (water prepare < water consumption),"2,983",1.7,"2,000",0.67,0.4,1,Asthma
18,126,Doxycycline,64,Florfenicol; Doxycycline HCl; Bromhexine HCl,"Florfenicol (100,000 mg/1kg); Doxycycline (50,000 mg/1kg); Bromhexine (200mg/1kg)",1,20g,Yes,Mixed in water,NA,120,550,NA (water prepare < water consumption),"2,983",1.7,"1,000",0.34,0.2,1,Asthma
18,126,Florfenicol,65,Florfenicol,Florfenicol (300 mg/1ml),1,100 ml,Yes,Mixed in water,NA,120,550,NA (water prepare < water consumption),"2,983",1.75,"30,000",10.06,5.74,1,Asthma
18,126,Florfenicol,65,Florfenicol; Doxycycline HCl; Bromhexine HCl,"Florfenicol (100,000 mg/1kg); Doxycycline (50,000 mg/1kg); Bromhexine (200mg/1kg)",1,20g,Yes,Mixed in water,NA,120,550,NA (water prepare < water consumption),"2,983",1.75,"2,000",0.67,0.38,1,Asthma
18,126,Doxycycline,65,Florfenicol; Doxycycline HCl; Bromhexine HCl,"Florfenicol (100,000 mg/1kg); Doxycycline (50,000 mg/1kg); Bromhexine (200mg/1kg)",1,20g,Yes,Mixed in water,NA,120,550,NA (water prepare < water consumption),"2,983",1.75,"1,000",0.34,0.19,1,Asthma
18,126,Gentamicin,71,Gentamicin sulfate,Gentamicin (10g/100ml),0.83,30 ml mixed with antiseptic and diluted salt water,Yes,Other,NA,NA,600,NA (water prepare < water consumption),"2,972",2.06,"2,490",0.84,0.41,2,NA
18,126,Doxycycline,84,Doxycycline,"Doxycycline (20,000mg/100g)",1,300 g,Yes,Mixed in water,NA,120,750,NA (water prepare < water consumption),"2,972",2.45,"60,000",20.19,8.24,2,NA
18,126,Doxycycline,85,Doxycycline,"Doxycycline (20,000mg/100g)",1,300 g,Yes,Mixed in water,NA,120,750,NA (water prepare < water consumption),"2,972",2.48,"60,000",20.19,8.15,2,NA
18,126,Doxycycline,86,Doxycycline,"Doxycycline (20,000mg/100g)",1,300 g,Yes,Mixed in water,NA,120,750,NA (water prepare < water consumption),"2,972",2.5,"60,000",20.19,8.06,2,NA
18,126,Doxycycline,124,Doxycycline HCl,Doxycycline (50g/100g),0.82,200 g,Yes,Mixed in water,NA,5,40,NA (water prepare < water consumption),105,3.21,"82,000",780.95,243.24,2,NA
19,128,Amoxicillin,5,Amoxicillin trihydrate; Colistin sulfate,"Amoxicillin (500mg/1g); Colistin (2,000,000 IU/1g)",1,30g,Yes,Mixed in feed,25,NA,50,NA (water prepare < water consumption),"2,130",0.07,"15,000",7.04,101.94,2,NA
19,128,Colistin,5,Amoxicillin trihydrate; Colistin sulfate,"Amoxicillin (500mg/1g); Colistin (2,000,000 IU/1g)",1,30g,Yes,Mixed in feed,25,NA,50,NA (water prepare < water consumption),"2,130",0.07,"2,000",0.94,13.59,2,NA
19,128,Amoxicillin,6,Amoxicillin trihydrate; Colistin sulfate,"Amoxicillin (500mg/1g); Colistin (2,000,000 IU/1g)",1,30g,Yes,Mixed in feed,25,NA,60,NA (water prepare < water consumption),"2,130",0.08,"15,000",7.04,92.63,2,NA
19,128,Colistin,6,Amoxicillin trihydrate; Colistin sulfate,"Amoxicillin (500mg/1g); Colistin (2,000,000 IU/1g)",1,30g,Yes,Mixed in feed,25,NA,60,NA (water prepare < water consumption),"2,130",0.08,"2,000",0.94,12.35,2,NA
19,128,Amoxicillin,7,Amoxicillin trihydrate; Colistin sulfate,"Amoxicillin (500mg/1g); Colistin (2,000,000 IU/1g)",1,30g,Yes,Mixed in feed,25,NA,60,NA (water prepare < water consumption),"2,118",0.08,"15,000",7.08,84.64,2,NA
19,128,Colistin,7,Amoxicillin trihydrate; Colistin sulfate,"Amoxicillin (500mg/1g); Colistin (2,000,000 IU/1g)",1,30g,Yes,Mixed in feed,25,NA,60,NA (water prepare < water consumption),"2,118",0.08,"2,000",0.94,11.29,2,NA
19,128,Doxycycline,10,Doxycycline hyclate,Doxycycline (500g/1000g),0.82,100g,Yes,Mixed in feed,25,NA,60,NA (water prepare < water consumption),"2,118",0.11,"41,000",19.36,173.38,1,Asthma
19,128,Doxycycline,11,Doxycycline hyclate,Doxycycline (500g/1000g),0.82,100g,Yes,Mixed in feed,25,NA,80,NA (water prepare < water consumption),"2,118",0.12,"41,000",19.36,157.35,1,Asthma
19,128,Sulfamonomethoxine_TMP,15,Sulfamonomethoxine sodium; Trimethoprim,Sulfamonomethoxine (800mg/1g); Trimethoprim (200mg/1g),0.93,100 g,Yes,Mixed in feed,25,NA,140,NA (water prepare < water consumption),"2,113",0.18,"74,400",35.21,195.33,1,Blackhead disease
19,128,Trimethoprim,15,Sulfamonomethoxine sodium; Trimethoprim,Sulfamonomethoxine (800mg/1g); Trimethoprim (200mg/1g),1,100 g,Yes,Mixed in feed,25,NA,140,NA (water prepare < water consumption),"2,113",0.18,"20,000",9.47,52.51,1,Blackhead disease
19,128,Sulfamonomethoxine_TMP,16,Sulfamonomethoxine sodium; Trimethoprim,Sulfamonomethoxine (800mg/1g); Trimethoprim (200mg/1g),0.93,100 g,Yes,Mixed in feed,25,NA,150,NA (water prepare < water consumption),"2,113",0.2,"74,400",35.21,178.64,1,Asthma
19,128,Trimethoprim,16,Sulfamonomethoxine sodium; Trimethoprim,Sulfamonomethoxine (800mg/1g); Trimethoprim (200mg/1g),1,100 g,Yes,Mixed in feed,25,NA,150,NA (water prepare < water consumption),"2,113",0.2,"20,000",9.47,48.02,1,Asthma
19,128,Sulfamonomethoxine_TMP,17,Sulfamonomethoxine sodium; Trimethoprim,Sulfamonomethoxine (800mg/1g); Trimethoprim (200mg/1g),0.93,100 g,Yes,Mixed in feed,25,NA,160,NA (water prepare < water consumption),"2,110",0.21,"74,400",35.26,164.3,1,Asthma
19,128,Trimethoprim,17,Sulfamonomethoxine sodium; Trimethoprim,Sulfamonomethoxine (800mg/1g); Trimethoprim (200mg/1g),1,100 g,Yes,Mixed in feed,25,NA,160,NA (water prepare < water consumption),"2,110",0.21,"20,000",9.48,44.17,1,Asthma
19,128,Amoxicillin,18,Amoxicillin trihydrate; Colistin sulfate,"Amoxicillin (500mg/1g); Colistin (2,000,000 IU/1g)",0.87,200 g,Yes,Mixed in feed,25,NA,180,NA (water prepare < water consumption),"2,110",0.23,"87,000",41.23,177.31,1,Enteritis
19,128,Colistin,18,Amoxicillin trihydrate; Colistin sulfate,"Amoxicillin (500mg/1g); Colistin (2,000,000 IU/1g)",1,200 g,Yes,Mixed in feed,25,NA,180,NA (water prepare < water consumption),"2,110",0.23,"13,333",6.32,27.17,1,Enteritis
19,128,Amoxicillin,19,Amoxicillin trihydrate; Colistin sulfate,"Amoxicillin (500mg/1g); Colistin (2,000,000 IU/1g)",0.87,200 g,Yes,Mixed in feed,25,NA,190,NA (water prepare < water consumption),"2,110",0.25,"87,000",41.23,164.44,1,Enteritis
19,128,Colistin,19,Amoxicillin trihydrate; Colistin sulfate,"Amoxicillin (500mg/1g); Colistin (2,000,000 IU/1g)",1,200 g,Yes,Mixed in feed,25,NA,190,NA (water prepare < water consumption),"2,110",0.25,"13,333",6.32,25.2,1,Enteritis
19,128,Amoxicillin,20,Amoxicillin trihydrate; Colistin sulfate,"Amoxicillin (500mg/1g); Colistin (2,000,000 IU/1g)",0.87,200 g,Yes,Mixed in feed,25,NA,210,NA (water prepare < water consumption),"2,110",0.27,"87,000",41.23,153.23,1,Enteritis
19,128,Sulphaquinoxaline,20,Sulphaquinoxaline,Sulphaquinoxaline (166mg/1g),1,200g,Yes,Mixed in feed,25,NA,210,NA (water prepare < water consumption),"2,110",0.27,"33,200",15.73,58.48,1,Coccidia
19,128,Colistin,20,Amoxicillin trihydrate; Colistin sulfate,"Amoxicillin (500mg/1g); Colistin (2,000,000 IU/1g)",1,200 g,Yes,Mixed in feed,25,NA,210,NA (water prepare < water consumption),"2,110",0.27,"13,333",6.32,23.48,1,Enteritis
19,128,Sulphaquinoxaline,21,Sulphaquinoxaline,Sulphaquinoxaline (166mg/1g),1,200g,Yes,Mixed in feed,25,NA,230,NA (water prepare < water consumption),"2,109",0.29,"33,200",15.74,54.76,1,Coccidia
19,128,Sulphaquinoxaline,22,Sulphaquinoxaline,Sulphaquinoxaline (166mg/1g),1,200g,Yes,Mixed in feed,25,NA,250,NA (water prepare < water consumption),"2,108",0.31,"33,200",15.75,51.49,1,Coccidia
19,128,Amoxicillin,23,Amoxicillin trihydrate; Colistin sulfate,"Amoxicillin (500mg/1g); Colistin (2,000,000 IU/1g)",0.87,100 g,Yes,Mixed in feed,25,NA,260,NA (water prepare < water consumption),"2,108",0.32,"43,500",20.64,63.64,1,Enteritis
19,128,Colistin,23,Amoxicillin trihydrate; Colistin sulfate,"Amoxicillin (500mg/1g); Colistin (2,000,000 IU/1g)",1,100 g,Yes,Mixed in feed,25,NA,260,NA (water prepare < water consumption),"2,108",0.32,"6,667",3.16,9.75,1,Enteritis
19,128,Amoxicillin,24,Amoxicillin trihydrate; Colistin sulfate,"Amoxicillin (500mg/1g); Colistin (2,000,000 IU/1g)",0.87,100 g,Yes,Mixed in feed,25,NA,270,NA (water prepare < water consumption),"2,108",0.34,"43,500",20.64,60.25,1,Enteritis
19,128,Colistin,24,Amoxicillin trihydrate; Colistin sulfate,"Amoxicillin (500mg/1g); Colistin (2,000,000 IU/1g)",1,100 g,Yes,Mixed in feed,25,NA,270,NA (water prepare < water consumption),"2,108",0.34,"6,667",3.16,9.23,1,Enteritis
19,128,Sulfamonomethoxine_TMP,25,Sulfamonomethoxine sodium; Trimethoprim,Sulfamonomethoxine (400g/1000g); Trimethoprim (80g/1000g),0.93,100 g,Yes,Mixed in feed,25,NA,280,NA (water prepare < water consumption),"2,108",0.36,"37,200",17.65,48.94,1,Blackhead disease
19,128,Trimethoprim,25,Sulfamonomethoxine sodium; Trimethoprim,Sulfamonomethoxine (400g/1000g); Trimethoprim (80g/1000g),1,100 g,Yes,Mixed in feed,25,NA,280,NA (water prepare < water consumption),"2,108",0.36,"8,000",3.8,10.53,1,Blackhead disease
19,128,Sulfamonomethoxine_TMP,26,Sulfamonomethoxine sodium; Trimethoprim,Sulfamonomethoxine (400g/1000g); Trimethoprim (80g/1000g),0.93,100 g,Yes,Mixed in feed,25,NA,300,NA (water prepare < water consumption),"2,102",0.38,"37,200",17.7,46.77,1,Blackhead disease
19,128,Trimethoprim,26,Sulfamonomethoxine sodium; Trimethoprim,Sulfamonomethoxine (400g/1000g); Trimethoprim (80g/1000g),1,100 g,Yes,Mixed in feed,25,NA,300,NA (water prepare < water consumption),"2,102",0.38,"8,000",3.81,10.06,1,Blackhead disease
19,128,Sulfamonomethoxine_TMP,27,Sulfamonomethoxine sodium; Trimethoprim,Sulfamonomethoxine (400g/1000g); Trimethoprim (80g/1000g),0.93,100 g,Yes,Mixed in feed,25,NA,300,NA (water prepare < water consumption),"2,102",0.4,"37,200",17.7,44.7,1,Blackhead disease
19,128,Trimethoprim,27,Sulfamonomethoxine sodium; Trimethoprim,Sulfamonomethoxine (400g/1000g); Trimethoprim (80g/1000g),1,100 g,Yes,Mixed in feed,25,NA,300,NA (water prepare < water consumption),"2,102",0.4,"8,000",3.81,9.61,1,Blackhead disease
19,128,Doxycycline,47,Doxycycline hyclate,Doxycycline (500g/1000g),0.82,100 g,Yes,Mixed in feed,50,NA,530,NA (water prepare < water consumption),"2,091",0.91,"41,000",19.61,21.55,2,NA
19,128,Florfenicol,47,Florfenicol,Florfenicol (300g/1lit),1,100ml,Yes,Mixed in feed,50,NA,530,NA (water prepare < water consumption),"2,091",0.91,"30,000",14.35,15.76,2,NA
19,128,Doxycycline,48,Doxycycline hyclate,Doxycycline (500g/1000g),0.82,100 g,Yes,Mixed in feed,50,NA,540,NA (water prepare < water consumption),"2,091",0.95,"41,000",19.61,20.69,2,NA
19,128,Florfenicol,48,Florfenicol,Florfenicol (300g/1lit),1,100ml,Yes,Mixed in feed,50,NA,540,NA (water prepare < water consumption),"2,091",0.95,"30,000",14.35,15.14,2,NA
19,128,Doxycycline,49,Doxycycline hyclate,Doxycycline (500g/1000g),0.82,100 g,Yes,Mixed in feed,50,NA,550,NA (water prepare < water consumption),"2,091",0.99,"41,000",19.61,19.88,2,NA
19,128,Florfenicol,49,Florfenicol,Florfenicol (300g/1lit),1,100ml,Yes,Mixed in feed,50,NA,550,NA (water prepare < water consumption),"2,091",0.99,"30,000",14.35,14.54,2,NA
19,128,Doxycycline,50,Doxycycline hyclate,Doxycycline (500g/1000g),0.82,100 g,Yes,Mixed in feed,50,NA,550,NA (water prepare < water consumption),"2,091",1.03,"41,000",19.61,19.12,2,NA
19,128,Florfenicol,50,Florfenicol,Florfenicol (300g/1lit),1,100ml,Yes,Mixed in feed,50,NA,550,NA (water prepare < water consumption),"2,091",1.03,"30,000",14.35,13.99,2,NA
19,128,Doxycycline,59,Doxycycline hyclate,Doxycycline (500g/1000g),0.82,200g,Yes,Mixed in feed,75,NA,610,NA (water prepare < water consumption),"2,091",1.35,"82,000",39.22,28.95,2,NA
19,128,Doxycycline,60,Doxycycline hyclate,Doxycycline (500g/1000g),0.82,200g,Yes,Mixed in feed,75,NA,620,NA (water prepare < water consumption),"2,091",1.39,"82,000",39.22,28.27,2,NA
19,128,Doxycycline,61,Doxycycline hyclate,Doxycycline (500g/1000g),0.82,200g,Yes,Mixed in feed,75,NA,620,NA (water prepare < water consumption),"2,091",1.42,"82,000",39.22,27.66,2,NA
19,128,Doxycycline,62,Doxycycline hyclate,Doxycycline (500g/1000g),0.82,200g,Yes,Mixed in feed,75,NA,630,NA (water prepare < water consumption),"2,091",1.45,"82,000",39.22,27.1,2,NA
19,128,Colistin,68,Colistin sulfate,Colistin (500mg/1g),1,200 g,Yes,Mixed in feed,75,NA,670,NA (water prepare < water consumption),"2,091",1.59,"100,000",47.82,30.02,2,NA
19,128,Ampicillin,68,Ampicillin trihydrate,Amoxicillin (500mg/1g),0.87,200 g,Yes,Mixed in feed,75,NA,670,NA (water prepare < water consumption),"2,091",1.59,"87,000",41.61,26.12,2,NA
19,128,Colistin,69,Colistin sulfate,Colistin (500mg/1g),1,200 g,Yes,Mixed in feed,75,NA,680,NA (water prepare < water consumption),"2,091",1.62,"100,000",47.82,29.61,2,NA
19,128,Ampicillin,69,Ampicillin trihydrate,Amoxicillin (500mg/1g),0.87,200 g,Yes,Mixed in feed,75,NA,680,NA (water prepare < water consumption),"2,091",1.62,"87,000",41.61,25.76,2,NA
19,128,Colistin,70,Colistin sulfate,Colistin (500mg/1g),1,200 g,Yes,Mixed in feed,75,NA,690,NA (water prepare < water consumption),"2,091",1.64,"100,000",47.82,29.2,2,NA
19,128,Ampicillin,70,Ampicillin trihydrate,Amoxicillin (500mg/1g),0.87,200 g,Yes,Mixed in feed,75,NA,690,NA (water prepare < water consumption),"2,091",1.64,"87,000",41.61,25.41,2,NA
19,128,Amoxicillin,72,Amoxicillin trihydrate; Colistin sulfate,"Amoxicillin (500mg/1g); Colistin (2,000,000 IU/1g)",0.87,300g,Yes,Mixed in feed,75,NA,700,NA (water prepare < water consumption),"2,091",1.69,"130,500",62.41,36.96,2,NA
19,128,Colistin,72,Amoxicillin trihydrate; Colistin sulfate,"Amoxicillin (500mg/1g); Colistin (2,000,000 IU/1g)",1,300g,Yes,Mixed in feed,75,NA,700,NA (water prepare < water consumption),"2,091",1.69,"20,000",9.56,5.66,2,NA
19,128,Amoxicillin,73,Amoxicillin trihydrate; Colistin sulfate,"Amoxicillin (500mg/1g); Colistin (2,000,000 IU/1g)",0.87,300g,Yes,Mixed in feed,75,NA,700,NA (water prepare < water consumption),"2,091",1.72,"130,500",62.41,36.32,2,NA
19,128,Colistin,73,Amoxicillin trihydrate; Colistin sulfate,"Amoxicillin (500mg/1g); Colistin (2,000,000 IU/1g)",1,300g,Yes,Mixed in feed,75,NA,700,NA (water prepare < water consumption),"2,091",1.72,"20,000",9.56,5.57,2,NA
19,128,Amoxicillin,74,Amoxicillin trihydrate; Colistin sulfate,"Amoxicillin (500mg/1g); Colistin (2,000,000 IU/1g)",0.87,300g,Yes,Mixed in feed,75,NA,700,NA (water prepare < water consumption),"2,091",1.75,"130,500",62.41,35.61,2,NA
19,128,Colistin,74,Amoxicillin trihydrate; Colistin sulfate,"Amoxicillin (500mg/1g); Colistin (2,000,000 IU/1g)",1,300g,Yes,Mixed in feed,75,NA,700,NA (water prepare < water consumption),"2,091",1.75,"20,000",9.56,5.46,2,NA
20,155,Florfenicol,0,Florfenicol,Florfenicol (300g/1lit),1,200 ml,Yes,Mixed in water,NA,1,30,NA (water prepare < water consumption),"4,080",0.05,"60,000",14.71,277.02,2,NA
20,155,Florfenicol,1,Florfenicol,Florfenicol (300g/1lit),1,200 ml,Yes,Mixed in water,NA,1,30,NA (water prepare < water consumption),"4,080",0.06,"60,000",14.71,255.83,2,NA
20,155,Florfenicol,2,Florfenicol,Florfenicol (300g/1lit),1,200 ml,Yes,Mixed in water,NA,1,30,NA (water prepare < water consumption),"4,067",0.06,"60,000",14.75,237.02,2,NA
20,155,Amoxicillin,5,Amoxicillin trihydrate,Amoxicillin (500mg/1g),1,200 gr,Yes,Mixed in water,NA,5,90,NA (water prepare < water consumption),"4,046",0.08,"100,000",24.72,312.78,2,NA
20,155,Amoxicillin,6,Amoxicillin trihydrate,Amoxicillin (500mg/1g),1,200 gr,Yes,Mixed in water,NA,5,100,NA (water prepare < water consumption),"4,024",0.09,"100,000",24.85,290.44,2,NA
20,155,Amoxicillin,7,Amoxicillin trihydrate,Amoxicillin (500mg/1g),1,200 gr,Yes,Mixed in water,NA,5,100,NA (water prepare < water consumption),"4,001",0.09,"100,000",24.99,269.77,2,NA
20,155,Florfenicol,18,Florfenicol,Florfenicol (300g/1lit),1,150 ml,Yes,Mixed in water,NA,10,280,NA (water prepare < water consumption),"3,980",0.21,"45,000",11.31,52.68,2,NA
20,155,Florfenicol,19,Florfenicol,Florfenicol (300g/1lit),1,150 ml,Yes,Mixed in water,NA,10,280,NA (water prepare < water consumption),"3,980",0.23,"45,000",11.31,49.67,2,NA
20,155,Florfenicol,20,Florfenicol,Florfenicol (300g/1lit),1,150 ml,Yes,Mixed in water,NA,10,300,NA (water prepare < water consumption),"3,980",0.24,"45,000",11.31,47.04,2,NA
20,155,Florfenicol,21,Florfenicol,Florfenicol (300g/1lit),1,150 ml,Yes,Mixed in water,NA,10,300,NA (water prepare < water consumption),"3,980",0.25,"45,000",11.31,44.76,2,NA
20,155,Amoxicillin,57,Amoxicillin trihydrate BP; Colistin sulfate,"Amoxicillin (62,500mg/100g); Colistin (240,000,000IU/100g)",0.87,250 gr,Yes,Mixed in water,NA,250,650,NA (water prepare < water consumption),"3,965",0.6,"135,938",34.28,57.37,2,NA
20,155,Colistin,57,Amoxicillin trihydrate BP; Colistin sulfate,"Amoxicillin (62,500mg/100g); Colistin (240,000,000IU/100g)",1,250 gr,Yes,Mixed in water,NA,250,650,NA (water prepare < water consumption),"3,965",0.6,"20,000",5.04,8.44,2,NA
20,155,Amoxicillin,58,Amoxicillin trihydrate BP; Colistin sulfate,"Amoxicillin (62,500mg/100g); Colistin (240,000,000IU/100g)",0.87,250 gr,Yes,Mixed in water,NA,250,650,NA (water prepare < water consumption),"3,963",0.6,"135,938",34.3,56.72,2,NA
20,155,Colistin,58,Amoxicillin trihydrate BP; Colistin sulfate,"Amoxicillin (62,500mg/100g); Colistin (240,000,000IU/100g)",1,250 gr,Yes,Mixed in water,NA,250,650,NA (water prepare < water consumption),"3,963",0.6,"20,000",5.05,8.34,2,NA
20,155,Amoxicillin,59,Amoxicillin trihydrate BP; Colistin sulfate,"Amoxicillin (62,500mg/100g); Colistin (240,000,000IU/100g)",0.87,250 gr,Yes,Mixed in water,NA,250,700,NA (water prepare < water consumption),"3,963",0.61,"135,938",34.3,56.02,2,NA
20,155,Colistin,59,Amoxicillin trihydrate BP; Colistin sulfate,"Amoxicillin (62,500mg/100g); Colistin (240,000,000IU/100g)",1,250 gr,Yes,Mixed in water,NA,250,700,NA (water prepare < water consumption),"3,963",0.61,"20,000",5.05,8.24,2,NA
20,155,Gentamicin,67,Gentamicin sulfate; Doxycycline hyclate,Gentamicin (200mg/1g); Doxycycline (200mg/1g),0.83,250 gr,Yes,Mixed in water,NA,250,730,NA (water prepare < water consumption),"3,959",0.68,"41,500",10.48,15.41,2,NA
20,155,Doxycycline,67,Gentamicin sulfate; Doxycycline hyclate,Gentamicin (200mg/1g); Doxycycline (200mg/1g),0.82,250 gr,Yes,Mixed in water,NA,250,730,NA (water prepare < water consumption),"3,959",0.68,"41,000",10.36,15.22,2,NA
20,155,Gentamicin,68,Gentamicin sulfate; Doxycycline hyclate,Gentamicin (200mg/1g); Doxycycline (200mg/1g),0.83,250 gr,Yes,Mixed in water,NA,250,750,NA (water prepare < water consumption),"3,959",0.69,"41,500",10.48,15.21,2,NA
20,155,Doxycycline,68,Gentamicin sulfate; Doxycycline hyclate,Gentamicin (200mg/1g); Doxycycline (200mg/1g),0.82,250 gr,Yes,Mixed in water,NA,250,750,NA (water prepare < water consumption),"3,959",0.69,"41,000",10.36,15.03,2,NA
20,155,Gentamicin,69,Gentamicin sulfate; Doxycycline hyclate,Gentamicin (200mg/1g); Doxycycline (200mg/1g),0.83,250 gr,Yes,Mixed in water,NA,250,750,NA (water prepare < water consumption),"3,959",0.7,"41,500",10.48,15.02,2,NA
20,155,Doxycycline,69,Gentamicin sulfate; Doxycycline hyclate,Gentamicin (200mg/1g); Doxycycline (200mg/1g),0.82,250 gr,Yes,Mixed in water,NA,250,750,NA (water prepare < water consumption),"3,959",0.7,"41,000",10.36,14.84,2,NA
20,155,Amoxicillin,117,Amoxicillin trihydrate BP; Colistin sulfate,"Amoxicillin (62,500mg/100g); Colistin (240,000,000IU/100g)",0.87,100 gr,Yes,Mixed in water,NA,250,1100,NA (water prepare < water consumption),"3,929",1.23,"54,375",13.84,11.25,2,NA
20,155,Colistin,117,Amoxicillin trihydrate BP; Colistin sulfate,"Amoxicillin (62,500mg/100g); Colistin (240,000,000IU/100g)",1,100 gr,Yes,Mixed in water,NA,250,1100,NA (water prepare < water consumption),"3,929",1.23,"8,000",2.04,1.66,2,NA
20,155,Colistin,117,Colistin sulfate,"Colistin (500,000IU/1ml)",1,100 ml,Yes,Mixed in water,NA,250,1100,NA (water prepare < water consumption),"3,929",1.23,"1,667",0.42,0.34,2,NA
20,155,Amoxicillin,118,Amoxicillin trihydrate BP; Colistin sulfate,"Amoxicillin (62,500mg/100g); Colistin (240,000,000IU/100g)",0.87,100 gr,Yes,Mixed in water,NA,250,1100,NA (water prepare < water consumption),"3,927",1.27,"54,375",13.85,10.88,2,NA
20,155,Colistin,118,Amoxicillin trihydrate BP; Colistin sulfate,"Amoxicillin (62,500mg/100g); Colistin (240,000,000IU/100g)",1,100 gr,Yes,Mixed in water,NA,250,1100,NA (water prepare < water consumption),"3,927",1.27,"8,000",2.04,1.6,2,NA
20,155,Colistin,118,Colistin sulfate,"Colistin (500,000IU/1ml)",1,100 ml,Yes,Mixed in water,NA,250,1100,NA (water prepare < water consumption),"3,927",1.27,"1,667",0.42,0.33,2,NA
20,155,Amoxicillin,119,Amoxicillin trihydrate BP; Colistin sulfate,"Amoxicillin (62,500mg/100g); Colistin (240,000,000IU/100g)",0.87,100 gr,Yes,Mixed in water,NA,250,1100,NA (water prepare < water consumption),"3,925",1.32,"54,375",13.85,10.49,2,NA
20,155,Colistin,119,Amoxicillin trihydrate BP; Colistin sulfate,"Amoxicillin (62,500mg/100g); Colistin (240,000,000IU/100g)",1,100 gr,Yes,Mixed in water,NA,250,1100,NA (water prepare < water consumption),"3,925",1.32,"8,000",2.04,1.54,2,NA
20,155,Colistin,119,Colistin sulfate,"Colistin (500,000IU/1ml)",1,100 ml,Yes,Mixed in water,NA,250,1100,NA (water prepare < water consumption),"3,925",1.32,"1,667",0.42,0.32,2,NA
20,155,Amoxicillin,120,Amoxicillin trihydrate BP; Colistin sulfate,"Amoxicillin (62,500mg/100g); Colistin (240,000,000IU/100g)",0.87,100 gr,Yes,Mixed in water,NA,250,1100,NA (water prepare < water consumption),"3,924",1.37,"54,375",13.86,10.09,2,NA
20,155,Colistin,120,Amoxicillin trihydrate BP; Colistin sulfate,"Amoxicillin (62,500mg/100g); Colistin (240,000,000IU/100g)",1,100 gr,Yes,Mixed in water,NA,250,1100,NA (water prepare < water consumption),"3,924",1.37,"8,000",2.04,1.48,2,NA
20,155,Colistin,120,Colistin sulfate,"Colistin (500,000IU/1ml)",1,100 ml,Yes,Mixed in water,NA,250,1100,NA (water prepare < water consumption),"3,924",1.37,"1,667",0.42,0.31,2,NA
20,155,Amoxicillin,121,Amoxicillin trihydrate BP; Colistin sulfate,"Amoxicillin (62,500mg/100g); Colistin (240,000,000IU/100g)",0.87,100 gr,Yes,Mixed in water,NA,250,1100,NA (water prepare < water consumption),"3,923",1.43,"54,375",13.86,9.69,2,NA
20,155,Colistin,121,Amoxicillin trihydrate BP; Colistin sulfate,"Amoxicillin (62,500mg/100g); Colistin (240,000,000IU/100g)",1,100 gr,Yes,Mixed in water,NA,250,1100,NA (water prepare < water consumption),"3,923",1.43,"8,000",2.04,1.43,2,NA
20,155,Colistin,124,Colistin sulfate,"Colistin (500,000IU/1ml)",1,100 ml,Yes,Mixed in water,NA,100,1100,NA (water prepare < water consumption),"3,920",1.62,"1,667",0.43,0.26,2,NA
20,155,Colistin,125,Colistin sulfate,"Colistin (500,000IU/1ml)",1,100 ml,Yes,Mixed in water,NA,100,1100,NA (water prepare < water consumption),"3,918",1.69,"1,667",0.43,0.25,2,NA
20,155,Colistin,126,Colistin sulfate,"Colistin (500,000IU/1ml)",1,100 ml,Yes,Mixed in water,NA,100,1100,NA (water prepare < water consumption),"3,916",1.76,"1,667",0.43,0.24,2,NA
20,155,Colistin,127,Colistin sulfate,"Colistin (500,000IU/1ml)",1,100 ml,Yes,Mixed in water,NA,100,1100,NA (water prepare < water consumption),"3,914",1.84,"1,667",0.43,0.23,2,NA
20,155,Colistin,128,Colistin sulfate,"Colistin (500,000IU/1ml)",1,100 ml,Yes,Mixed in water,NA,100,1100,NA (water prepare < water consumption),"3,913",1.91,"1,667",0.43,0.22,2,NA
21,114,Florfenicol,6,Florfenicol,Florfenicol (300mg/1ml),1,20 ml,Yes,Mixed in water,NA,5,30,NA (water prepare < water consumption),999,0.12,"6,000",6.01,23.36,2,NA
21,114,Florfenicol,7,Florfenicol,Florfenicol (300mg/1ml),1,20 ml,Yes,Mixed in water,NA,5,30,NA (water prepare < water consumption),999,0.13,"6,000",6.01,23.36,2,NA
21,114,Florfenicol,8,Florfenicol,Florfenicol (300mg/1ml),1,20 ml,Yes,Mixed in water,NA,5,30,NA (water prepare < water consumption),999,0.14,"6,000",6.01,23.36,2,NA
21,114,Florfenicol,9,Florfenicol,Florfenicol (300mg/1ml),1,20 ml,Yes,Mixed in water,NA,5,40,NA (water prepare < water consumption),997,0.15,"6,000",6.02,23.36,2,NA
21,114,Doxycycline,14,Doxycycline hyclate,Doxycycline (5000mg/100g),0.82,100 g,Yes,Mixed in water,NA,10,50,NA (water prepare < water consumption),697,0.23,"4,100",5.88,22.41,1,Asthma
21,114,Doxycycline,15,Doxycycline hyclate,Doxycycline (5000mg/100g),0.82,100 g,Yes,Mixed in water,NA,10,50,NA (water prepare < water consumption),697,0.25,"4,100",5.88,22.41,1,Asthma
21,114,Doxycycline,16,Doxycycline hyclate,Doxycycline (5000mg/100g),0.82,100 g,Yes,Mixed in water,NA,10,50,NA (water prepare < water consumption),697,0.27,"4,100",5.88,22.41,1,Asthma
21,114,Amoxicillin,19,Amoxicillin trihydrate; Colistin sulfate,"Amoxicillin (100,000mg/1kg); Colistin (400,000,000 IU/1kg)",0.87,50 g,Yes,Mixed in water,NA,40,80,NA (water prepare < water consumption),697,0.33,"4,350",6.24,18.64,2,NA
21,114,Colistin,19,Amoxicillin trihydrate; Colistin sulfate,"Amoxicillin (100,000mg/1kg); Colistin (400,000,000 IU/1kg)",1,50 g,Yes,Mixed in water,NA,40,80,NA (water prepare < water consumption),697,0.33,667,0.96,2.86,2,NA
21,114,Amoxicillin,20,Amoxicillin trihydrate; Colistin sulfate,"Amoxicillin (100,000mg/1kg); Colistin (400,000,000 IU/1kg)",0.87,50g,Yes,Mixed in water,NA,40,80,NA (water prepare < water consumption),697,0.36,"4,350",6.24,17.57,2,NA
21,114,Colistin,20,Amoxicillin trihydrate; Colistin sulfate,"Amoxicillin (100,000mg/1kg); Colistin (400,000,000 IU/1kg)",1,50g,Yes,Mixed in water,NA,40,80,NA (water prepare < water consumption),697,0.36,667,0.96,2.69,2,NA
21,114,Amoxicillin,21,Amoxicillin trihydrate; Colistin sulfate,"Amoxicillin (100,000mg/1kg); Colistin (400,000,000 IU/1kg)",0.87,50g,Yes,Mixed in water,NA,40,80,NA (water prepare < water consumption),697,0.38,"4,350",6.24,16.64,2,NA
21,114,Colistin,21,Amoxicillin trihydrate; Colistin sulfate,"Amoxicillin (100,000mg/1kg); Colistin (400,000,000 IU/1kg)",1,50g,Yes,Mixed in water,NA,40,80,NA (water prepare < water consumption),697,0.38,667,0.96,2.55,2,NA
21,114,Amoxicillin,48,Amoxicillin trihydrate; Colistin sulfate,"Amoxicillin (100,000mg/1kg); Colistin (400,000,000 IU/1kg)",0.87,100 g,Yes,Mixed in water,NA,36,110,NA (water prepare < water consumption),695,1.12,"8,700",12.52,11.19,2,NA
21,114,Colistin,48,Amoxicillin trihydrate; Colistin sulfate,"Amoxicillin (100,000mg/1kg); Colistin (400,000,000 IU/1kg)",1,100 g,Yes,Mixed in water,NA,36,110,NA (water prepare < water consumption),695,1.12,"1,333",1.92,1.71,2,NA
21,114,Amoxicillin,49,Amoxicillin trihydrate; Colistin sulfate,"Amoxicillin (100,000mg/1kg); Colistin (400,000,000 IU/1kg)",0.87,100 g,Yes,Mixed in water,NA,36,110,NA (water prepare < water consumption),695,1.16,"8,700",12.52,10.81,2,NA
21,114,Colistin,49,Amoxicillin trihydrate; Colistin sulfate,"Amoxicillin (100,000mg/1kg); Colistin (400,000,000 IU/1kg)",1,100 g,Yes,Mixed in water,NA,36,110,NA (water prepare < water consumption),695,1.16,"1,333",1.92,1.66,2,NA
21,114,Amoxicillin,50,Amoxicillin trihydrate; Colistin sulfate,"Amoxicillin (100,000mg/1kg); Colistin (400,000,000 IU/1kg)",0.87,100 g,Yes,Mixed in water,NA,36,120,NA (water prepare < water consumption),695,1.2,"8,700",12.52,10.46,2,NA
21,114,Colistin,50,Amoxicillin trihydrate; Colistin sulfate,"Amoxicillin (100,000mg/1kg); Colistin (400,000,000 IU/1kg)",1,100 g,Yes,Mixed in water,NA,36,120,NA (water prepare < water consumption),695,1.2,"1,333",1.92,1.6,2,NA
21,114,Doxycycline,58,Doxycycline hyclate; Colistin sulfate,"Doxycycline (500g/1000g); Colistin (500,000,000 IU/1000g)",0.82,100 g,Yes,Mixed in water,NA,36,120,NA (water prepare < water consumption),695,1.47,"41,000",58.99,40.08,2,NA
21,114,Colistin,58,Doxycycline hyclate; Colistin,"Doxycycline (500g/1000g); Colistin (500,000,000 IU/1000g)",1,100 g,Yes,Mixed in water,NA,36,120,NA (water prepare < water consumption),695,1.47,"1,667",2.4,1.63,2,NA
21,114,Doxycycline,59,Doxycycline hyclate; Colistin sulfate,"Doxycycline (500g/1000g); Colistin (500,000,000 IU/1000g)",0.82,100 g,Yes,Mixed in water,NA,36,120,NA (water prepare < water consumption),695,1.51,"41,000",58.99,39.17,2,NA
21,114,Colistin,59,Doxycycline hyclate; Colistin,"Doxycycline (500g/1000g); Colistin (500,000,000 IU/1000g)",1,100 g,Yes,Mixed in water,NA,36,120,NA (water prepare < water consumption),695,1.51,"1,667",2.4,1.59,2,NA
21,114,Doxycycline,60,Doxycycline hyclate; Colistin sulfate,"Doxycycline (500g/1000g); Colistin (500,000,000 IU/1000g)",0.82,100 g,Yes,Mixed in water,NA,36,120,NA (water prepare < water consumption),695,1.54,"41,000",58.99,38.27,2,NA
21,114,Colistin,60,Doxycycline hyclate; Colistin,"Doxycycline (500g/1000g); Colistin (500,000,000 IU/1000g)",1,100 g,Yes,Mixed in water,NA,36,120,NA (water prepare < water consumption),695,1.54,"1,667",2.4,1.56,2,NA
22,110,Sulfamonomethoxine,25,Sulfamonomethoxine sodium,Sulfamonomethoxine (100g/100g),0.93,70gr,Yes,Mixed in water,NA,40,80,NA (water prepare < water consumption),"1,383",0.45,"65,100",47.07,104.02,2,NA
22,110,Sulfamonomethoxine,26,Sulfamonomethoxine sodium,Sulfamonomethoxine (100g/100g),0.93,70 gr,Yes,Mixed in water,NA,40,80,NA (water prepare < water consumption),"1,378",0.48,"65,100",47.24,99.32,2,NA
22,110,Sulfamonomethoxine,27,Sulfamonomethoxine sodium,Sulfamonomethoxine (100g/100g),0.93,70 g,Yes,Mixed in water,NA,40,80,NA (water prepare < water consumption),"1,378",0.5,"65,100",47.24,94.77,2,NA
22,110,Amoxicillin,29,Colistin sulfate; Amoxicillin trihydrate,"Colistin (1,200,000,000IU/1kg); Amoxicillin (200g/1kg)",0.87,100 gr,Yes,Mixed in water,NA,60,100,NA (water prepare < water consumption),"1,378",0.54,"17,400",12.63,23.22,2,NA
22,110,Colistin,29,Colistin sulfate; Amoxicillin trihydrate,"Colistin (1,200,000,000IU/1kg); Amoxicillin (200g/1kg)",1,100 gr,Yes,Mixed in water,NA,60,100,NA (water prepare < water consumption),"1,378",0.54,"4,000",2.9,5.34,2,NA
22,110,Amoxicillin,30,Colistin sulfate; Amoxicillin trihydrate,"Colistin (1,200,000,000IU/1kg); Amoxicillin (200g/1kg)",0.87,100 gr,Yes,Mixed in water,NA,60,100,NA (water prepare < water consumption),"1,378",0.57,"17,400",12.63,22.28,2,NA
22,110,Colistin,30,Colistin sulfate; Amoxicillin trihydrate,"Colistin (1,200,000,000IU/1kg); Amoxicillin (200g/1kg)",1,100 gr,Yes,Mixed in water,NA,60,100,NA (water prepare < water consumption),"1,378",0.57,"4,000",2.9,5.12,2,NA
22,110,Amoxicillin,31,Colistin sulfate; Amoxicillin trihydrate,"Colistin (1,200,000,000IU/1kg); Amoxicillin (200g/1kg)",0.87,100 gr,Yes,Mixed in water,NA,60,100,NA (water prepare < water consumption),"1,378",0.59,"17,400",12.63,21.38,2,NA
22,110,Colistin,31,Colistin sulfate; Amoxicillin trihydrate,"Colistin (1,200,000,000IU/1kg); Amoxicillin (200g/1kg)",1,100 gr,Yes,Mixed in water,NA,60,100,NA (water prepare < water consumption),"1,378",0.59,"4,000",2.9,4.91,2,NA
22,110,Amoxicillin,39,Amoxicillin trihydrate,Amoxicillin (500g/1kg),0.87,100 g,Yes,Mixed in water,NA,60,150,NA (water prepare < water consumption),"1,376",0.85,"43,500",31.61,37.25,2,NA
22,110,Amoxicillin,40,Amoxicillin trihydrate,Amoxicillin (500g/1kg),0.87,100 g,Yes,Mixed in water,NA,60,150,NA (water prepare < water consumption),"1,376",0.89,"43,500",31.61,35.62,2,NA
22,110,Amoxicillin,41,Amoxicillin trihydrate,Amoxicillin (500g/1kg),0.87,100 g,Yes,Mixed in water,NA,60,150,NA (water prepare < water consumption),"1,376",0.93,"43,500",31.61,34.1,2,NA
22,110,Amoxicillin,60,Amoxicillin trihydrate,Amoxicillin (500g/1kg),0.87,100 g,Yes,Mixed in water,NA,70,280,NA (water prepare < water consumption),"1,369",1.71,"43,500",31.78,18.63,2,NA
22,110,Amoxicillin,61,Amoxicillin trihydrate,Amoxicillin (500g/1kg),0.87,100 g,Yes,Mixed in water,NA,70,280,NA (water prepare < water consumption),"1,369",1.75,"43,500",31.78,18.17,2,NA
22,110,Sulfaclozine,61,Sulfachloropyrazine = Sulfaclozine  sodium,Sulfachloropyrazine (300g/1kg),0.93,50 g,Yes,Mixed in water,NA,70,280,NA (water prepare < water consumption),"1,369",1.75,"13,950",10.19,5.83,2,NA
22,110,Amoxicillin,62,Amoxicillin trihydrate,Amoxicillin (500g/1kg),0.87,100 g,Yes,Mixed in water,NA,70,300,NA (water prepare < water consumption),"1,369",1.79,"43,500",31.78,17.74,2,NA
22,110,Sulfaclozine,62,Sulfachloropyrazine = Sulfaclozine  sodium,Sulfachloropyrazine (300g/1kg),0.93,50 g,Yes,Mixed in water,NA,70,300,NA (water prepare < water consumption),"1,369",1.79,"13,950",10.19,5.69,2,NA
22,110,Sulfaclozine,63,Sulfachloropyrazine = Sulfaclozine  sodium,Sulfachloropyrazine (300g/1kg),0.93,50 g,Yes,Mixed in water,NA,70,300,NA (water prepare < water consumption),"1,369",1.83,"13,950",10.19,5.56,2,NA
22,110,Amoxicillin,69,Colistin sulfate; Amoxicillin trihydrate,"Colistin (1,200,000,000IU/1kg); Amoxicillin (200g/1kg)",0.87,100g,Yes,Mixed in water,NA,60,150,NA (water prepare < water consumption),"1,369",2.08,"17,400",12.71,6.11,2,NA
22,110,Colistin,69,Colistin sulfate; Amoxicillin trihydrate,"Colistin (1,200,000,000IU/1kg); Amoxicillin (200g/1kg)",1,100g,Yes,Mixed in water,NA,60,150,NA (water prepare < water consumption),"1,369",2.08,"4,000",2.92,1.4,2,NA
22,110,Amoxicillin,88,Colistin sulfate; Amoxicillin trihydrate,"Colistin (1,200,000,000IU/1kg); Amoxicillin (200g/1kg)",0.87,100 g,Yes,Mixed in water,NA,60,200,NA (water prepare < water consumption),888,2.69,"17,400",19.59,7.29,2,NA
22,110,Colistin,88,Colistin sulfate; Amoxicillin trihydrate,"Colistin (1,200,000,000IU/1kg); Amoxicillin (200g/1kg)",1,100 g,Yes,Mixed in water,NA,60,200,NA (water prepare < water consumption),888,2.69,"4,000",4.5,1.68,2,NA
22,110,Amoxicillin,89,Colistin sulfate; Amoxicillin trihydrate,"Colistin (1,200,000,000IU/1kg); Amoxicillin (200g/1kg)",0.87,100 g,Yes,Mixed in water,NA,60,200,NA (water prepare < water consumption),846,2.72,"17,400",20.57,7.56,2,NA
22,110,Colistin,89,Colistin sulfate; Amoxicillin trihydrate,"Colistin (1,200,000,000IU/1kg); Amoxicillin (200g/1kg)",1,100 g,Yes,Mixed in water,NA,60,200,NA (water prepare < water consumption),846,2.72,"4,000",4.73,1.74,2,NA
23,117,Florfenicol,0,Florfenicol,Florfenicol (100 mg/1ml),1,30 ml,Yes,Mixed in water,NA,5,10,NA (water prepare < water consumption),"1,400",0.08,"3,000",2.14,27.24,2,NA
23,117,Florfenicol,1,Florfenicol,Florfenicol (100 mg/1ml),1,30 ml,Yes,Mixed in water,NA,5,10,NA (water prepare < water consumption),"1,400",0.08,"3,000",2.14,25.82,2,NA
23,117,Florfenicol,2,Florfenicol,Florfenicol (100 mg/1ml),1,30 ml,Yes,Mixed in water,NA,5,20,NA (water prepare < water consumption),"1,394",0.09,"3,000",2.15,24.58,2,NA
23,117,Florfenicol,3,Florfenicol,Florfenicol (100 mg/1ml),1,30 ml,Yes,Mixed in water,NA,5,20,NA (water prepare < water consumption),"1,390",0.09,"3,000",2.16,23.36,2,NA
23,117,Florfenicol,4,Florfenicol,Florfenicol (100 mg/1ml),1,30 ml,Yes,Mixed in water,NA,5,30,NA (water prepare < water consumption),"1,390",0.1,"3,000",2.16,22.14,2,NA
23,117,Florfenicol,5,Florfenicol,Florfenicol (100 mg/1ml),1,30 ml,Yes,Mixed in water,NA,5,30,NA (water prepare < water consumption),"1,387",0.1,"3,000",2.16,21.04,2,NA
23,117,Florfenicol,6,Florfenicol,Florfenicol (100 mg/1ml),1,30 ml,Yes,Mixed in water,NA,5,30,NA (water prepare < water consumption),"1,380",0.11,"3,000",2.17,20.04,2,NA
23,117,Florfenicol,7,Florfenicol,Florfenicol (100 mg/1ml),1,30 ml,Yes,Mixed in water,NA,5,30,NA (water prepare < water consumption),"1,380",0.11,"3,000",2.17,19,2,NA
23,117,Florfenicol,8,Florfenicol,Florfenicol (100 mg/1ml),1,30 ml,Yes,Mixed in water,NA,5,40,NA (water prepare < water consumption),"1,380",0.12,"3,000",2.17,18,2,NA
23,117,Ampicillin,10,Ampicillin trihydrate; Colistin sulfate,"Ampicillin (42,000mg/1kg); Colistin (125,000,000 IU/1kg)",0.87,20 g,Yes,Mixed in water,NA,20,40,NA (water prepare < water consumption),"1,380",0.13,731,0.53,3.94,1,Diarrhea
23,117,Colistin,10,Ampicillin trihydrate; Colistin sulfate,"Ampicillin (42,000mg/1kg); Colistin (125,000,000 IU/1kg)",1,20 g,Yes,Mixed in water,NA,20,40,NA (water prepare < water consumption),"1,380",0.13,83,0.06,0.45,1,Diarrhea
23,117,Ampicillin,11,Ampicillin trihydrate; Colistin sulfate,"Ampicillin (42,000mg/1kg); Colistin (125,000,000 IU/1kg)",0.87,20 g,Yes,Mixed in water,NA,20,40,NA (water prepare < water consumption),"1,380",0.14,731,0.53,3.73,1,Diarrhea
23,117,Colistin,11,Ampicillin trihydrate; Colistin sulfate,"Ampicillin (42,000mg/1kg); Colistin (125,000,000 IU/1kg)",1,20 g,Yes,Mixed in water,NA,20,40,NA (water prepare < water consumption),"1,380",0.14,83,0.06,0.42,1,Diarrhea
23,117,Amoxicillin,12,Amoxicillin trihydrate,Amoxicillin (200mg/1g),0.87,10 g,Yes,Mixed in water,NA,20,40,NA (water prepare < water consumption),"1,380",0.15,"1,740",1.26,26.44,1,Diarrhea
23,117,Ampicillin,12,Ampicillin trihydrate; Colistin sulfate,"Ampicillin (42,000mg/1kg); Colistin (125,000,000 IU/1kg)",0.87,20 g,Yes,Mixed in water,NA,20,40,NA (water prepare < water consumption),"1,380",0.15,731,0.53,3.53,1,Diarrhea
23,117,Colistin,12,Ampicillin trihydrate; Colistin sulfate,"Ampicillin (42,000mg/1kg); Colistin (125,000,000 IU/1kg)",1,20 g,Yes,Mixed in water,NA,20,40,NA (water prepare < water consumption),"1,380",0.15,83,0.06,0.4,1,Diarrhea
23,117,Amoxicillin,13,Amoxicillin trihydrate,Amoxicillin (200mg/1g),0.87,10 g,Yes,Mixed in water,NA,20,40,NA (water prepare < water consumption),"1,380",0.16,"1,740",1.26,26.44,1,Diarrhea
23,117,Doxycycline,18,Doxycycline hyclate,Doxycycline (500mg/1g),0.82,20 g,Yes,Mixed in water,NA,20,80,NA (water prepare < water consumption),"1,375",0.2,"8,200",5.96,22.41,1,Asthma
23,117,Florfenicol,18,Florfenicol,Florfenicol (100 mg/1ml),1,30 ml,Yes,Mixed in water,NA,20,80,NA (water prepare < water consumption),"1,375",0.2,"3,000",2.18,10.77,1,Asthma
23,117,Doxycycline,19,Doxycycline hyclate,Doxycycline (500mg/1g),0.82,20 g,Yes,Mixed in water,NA,20,80,NA (water prepare < water consumption),"1,375",0.21,"8,200",5.96,22.41,1,Asthma
23,117,Florfenicol,19,Florfenicol,Florfenicol (100 mg/1ml),1,30 ml,Yes,Mixed in water,NA,20,80,NA (water prepare < water consumption),"1,375",0.21,"3,000",2.18,10.35,1,Asthma
23,117,Doxycycline,20,Doxycycline hyclate,Doxycycline (500mg/1g),0.82,20 g,Yes,Mixed in water,NA,20,80,NA (water prepare < water consumption),"1,375",0.22,"8,200",5.96,22.41,1,Asthma
23,117,Florfenicol,20,Florfenicol,Florfenicol (100 mg/1ml),1,30 ml,Yes,Mixed in water,NA,20,80,NA (water prepare < water consumption),"1,375",0.22,"3,000",2.18,9.99,1,Asthma
23,117,Doxycycline,21,Doxycycline hyclate,Doxycycline (500mg/1g),0.82,20 g,Yes,Mixed in water,NA,20,80,NA (water prepare < water consumption),"1,375",0.23,"8,200",5.96,22.41,1,Asthma
23,117,Florfenicol,21,Florfenicol,Florfenicol (100 mg/1ml),1,30 ml,Yes,Mixed in water,NA,20,80,NA (water prepare < water consumption),"1,375",0.23,"3,000",2.18,9.67,1,Asthma
23,117,Doxycycline,22,Doxycycline hyclate,Doxycycline (500mg/1g),0.82,20 g,Yes,Mixed in water,NA,20,60,NA (water prepare < water consumption),"1,375",0.23,"8,200",5.96,22.41,1,Asthma
23,117,Florfenicol,22,Florfenicol,Florfenicol (100 mg/1ml),1,30 ml,Yes,Mixed in water,NA,20,60,NA (water prepare < water consumption),"1,375",0.23,"3,000",2.18,9.37,1,Asthma
23,117,Sulfamonomethoxine_TMP,26,Sulfamonomethoxine sodium; Trimethoprim,Sulfamonomethoxine (500g/1000g); Trimethoprim (8000mg/1000g),0.93,20 g,Yes,Mixed in water,NA,30,60,NA (water prepare < water consumption),"1,375",0.26,"9,300",6.76,25.91,1,Blackhead disease
23,117,Trimethoprim,26,Sulfamonomethoxine sodium; Trimethoprim,Sulfamonomethoxine (500g/1000g); Trimethoprim (8000mg/1000g),1,20 g,Yes,Mixed in water,NA,30,60,NA (water prepare < water consumption),"1,375",0.26,160,0.12,0.45,1,Blackhead disease
23,117,Sulfamonomethoxine_TMP,27,Sulfamonomethoxine sodium; Trimethoprim,Sulfamonomethoxine (500g/1000g); Trimethoprim (8000mg/1000g),0.93,20 g,Yes,Mixed in water,NA,30,120,NA (water prepare < water consumption),"1,375",0.27,"9,300",6.76,25.19,1,Blackhead disease
23,117,Trimethoprim,27,Sulfamonomethoxine sodium; Trimethoprim,Sulfamonomethoxine (500g/1000g); Trimethoprim (8000mg/1000g),1,20 g,Yes,Mixed in water,NA,30,120,NA (water prepare < water consumption),"1,375",0.27,160,0.12,0.43,1,Blackhead disease
23,117,Doxycycline,31,Doxycycline hyclate,Doxycycline (500mg/1g),0.82,20g,Yes,Mixed in water,NA,30,120,NA (water prepare < water consumption),"1,375",0.3,"8,200",5.96,22.41,2,NA
23,117,Doxycycline,32,Doxycycline hyclate,Doxycycline (500mg/1g),0.82,20 g,Yes,Mixed in water,NA,30,150,NA (water prepare < water consumption),"1,375",0.32,"8,200",5.96,22.41,2,NA
23,117,Doxycycline,33,Doxycycline hyclate,Doxycycline (500mg/1g),0.82,20g,Yes,Mixed in water,NA,30,150,NA (water prepare < water consumption),"1,375",0.33,"8,200",5.96,22.41,2,NA
23,117,Ampicillin,51,Colistin sulfate; Ampicillin trihydrate,"Colistin (2,000,000,000 IU/1kg); Ampicillin (500g/1kg)",0.92,100 g,Yes,Mixed in water,NA,100,240,NA (water prepare < water consumption),"1,372",1.04,"46,000",33.53,32.37,2,NA
23,117,Colistin,51,Colistin sulfate; Ampicillin trihydrate,"Colistin (2,000,000,000 IU/1kg); Amoxycillin (500g/1kg)",1,100 g,Yes,Mixed in water,NA,100,240,NA (water prepare < water consumption),"1,372",1.04,"6,667",4.86,4.69,2,NA
23,117,Ampicillin,52,Colistin sulfate; Ampicillin trihydrate,"Colistin (2,000,000,000 IU/1kg); Ampicillin (500g/1kg)",0.92,100 g,Yes,Mixed in water,NA,100,240,NA (water prepare < water consumption),"1,372",1.09,"46,000",33.53,30.8,2,NA
23,117,Colistin,52,Colistin sulfate; Ampicillin trihydrate,"Colistin (2,000,000,000 IU/1kg); Amoxycillin (500g/1kg)",1,100 g,Yes,Mixed in water,NA,100,240,NA (water prepare < water consumption),"1,372",1.09,"6,667",4.86,4.46,2,NA
23,117,Ampicillin,53,Colistin sulfate; Ampicillin trihydrate,"Colistin (2,000,000,000 IU/1kg); Ampicillin (500g/1kg)",0.92,100 g,Yes,Mixed in water,NA,100,240,NA (water prepare < water consumption),"1,372",1.14,"46,000",33.53,29.4,2,NA
23,117,Colistin,53,Colistin sulfate; Ampicillin trihydrate,"Colistin (2,000,000,000 IU/1kg); Amoxycillin (500g/1kg)",1,100 g,Yes,Mixed in water,NA,100,240,NA (water prepare < water consumption),"1,372",1.14,"6,667",4.86,4.26,2,NA
23,117,Amoxicillin,66,Amoxicillin trihydrate; Colistin sulfate,"Amoxicillin (500g/1000g); Colistin (2,000,000,000 IU/1000g)",0.87,100 g,Yes,Mixed in water,NA,100,250,NA (water prepare < water consumption),"1,372",1.83,"43,500",31.71,17.31,2,NA
23,117,Colistin,66,Amoxicillin trihydrate; Colistin sulfate,"Amoxicillin (500g/1000g); Colistin (2,000,000,000 IU/1000g)",1,100 g,Yes,Mixed in water,NA,100,250,NA (water prepare < water consumption),"1,372",1.83,"6,667",4.86,2.65,2,NA
23,117,Amoxicillin,67,Amoxicillin trihydrate; Colistin sulfate,"Amoxicillin (500g/1000g); Colistin (2,000,000,000 IU/1000g)",0.87,100 g,Yes,Mixed in water,NA,100,250,NA (water prepare < water consumption),"1,372",1.89,"43,500",31.71,16.81,2,NA
23,117,Colistin,67,Amoxicillin trihydrate; Colistin sulfate,"Amoxicillin (500g/1000g); Colistin (2,000,000,000 IU/1000g)",1,100 g,Yes,Mixed in water,NA,100,250,NA (water prepare < water consumption),"1,372",1.89,"6,667",4.86,2.58,2,NA
23,117,Amoxicillin,68,Amoxicillin trihydrate; Colistin sulfate,"Amoxicillin (500g/1000g); Colistin (2,000,000,000 IU/1000g)",0.87,100 g,Yes,Mixed in water,NA,100,250,NA (water prepare < water consumption),"1,372",1.94,"43,500",31.71,16.35,2,NA
23,117,Colistin,68,Amoxicillin trihydrate; Colistin sulfate,"Amoxicillin (500g/1000g); Colistin (2,000,000,000 IU/1000g)",1,100 g,Yes,Mixed in water,NA,100,250,NA (water prepare < water consumption),"1,372",1.94,"6,667",4.86,2.51,2,NA
25,134,Florfenicol,0,Florfenicol,Florfenicol (300g/1lit),1,30 ml,Yes,Mixed in water,NA,6,15,NA (water prepare < water consumption),"3,165",0.04,"9,000",2.84,72.6,1,Asthma
25,134,Florfenicol,1,Florfenicol,Florfenicol (300g/1lit),1,40 ml,Yes,Mixed in water,NA,6,15,NA (water prepare < water consumption),"3,165",0.04,"12,000",3.79,86.43,1,Asthma
25,134,Doxycycline,29,Doxycycline hyclate,Doxycycline (500mg/1g),0.82,200 g,Yes,Mixed in water,NA,70,250,NA (water prepare < water consumption),"2,067",0.59,"82,000",39.67,67.56,2,NA
25,134,Doxycycline,30,Doxycycline hyclate,Doxycycline (500mg/1g),0.82,200 g,Yes,Mixed in water,NA,70,270,NA (water prepare < water consumption),"2,065",0.61,"82,000",39.71,64.92,2,NA
25,134,Doxycycline,31,Doxycycline hyclate,Doxycycline (500mg/1g),0.82,200 g,Yes,Mixed in water,NA,70,300,NA (water prepare < water consumption),"2,065",0.64,"82,000",39.71,62.41,2,NA
25,134,Doxycycline,32,Doxycycline hyclate,Doxycycline (500mg/1g),0.82,200 g,Yes,Mixed in water,NA,70,350,NA (water prepare < water consumption),"2,065",0.66,"82,000",39.71,60.03,2,NA
25,134,Doxycycline,33,Doxycycline hyclate,Doxycycline (500mg/1g),0.82,200 g,Yes,Mixed in water,NA,70,400,NA (water prepare < water consumption),"2,065",0.69,"82,000",39.71,57.74,2,NA
25,134,Doxycycline,34,Doxycycline hyclate,Doxycycline (500g/1000g),0.82,200 g,Yes,Mixed in water,NA,70,400,NA (water prepare < water consumption),"2,065",0.72,"82,000",39.71,55.5,2,NA
25,134,Doxycycline,35,Doxycycline hyclate,Doxycycline (500g/1000g),0.82,200 g,Yes,Mixed in water,NA,70,400,NA (water prepare < water consumption),"2,065",0.74,"82,000",39.71,53.33,2,NA
25,134,Doxycycline,36,Doxycycline hyclate,Doxycycline (500g/1000g),0.82,200 g,Yes,Mixed in water,NA,70,400,NA (water prepare < water consumption),"2,060",0.77,"82,000",39.81,51.36,2,NA
25,134,Sulfamonomethoxine_TMP,36,Sulfamonomethoxine sodium; Trimethoprim,Sulfamonomethoxine (400g/1000g); Trimethoprim (80g/1000g),0.93,200 g,Yes,Mixed in water,NA,100,400,NA (water prepare < water consumption),"2,060",0.77,"74,400",36.12,46.6,2,NA
25,134,Amoxicillin,36,Amoxicillin trihydrate; Colistin sulfate,"Amoxicillin (50g/100g); Colistin (200,000,000 IU/100g)",0.87,100g,Yes,Mixed in water,NA,100,400,NA (water prepare < water consumption),"2,060",0.77,"43,500",21.12,27.25,2,NA
25,134,Trimethoprim,36,Sulfamonomethoxine sodium; Trimethoprim,Sulfamonomethoxine (400g/1000g); Trimethoprim (80g/1000g),1,200 g,Yes,Mixed in water,NA,100,400,NA (water prepare < water consumption),"2,060",0.77,"16,000",7.77,10.02,2,NA
25,134,Colistin,36,Amoxicillin trihydrate; Colistin sulfate,"Amoxicillin (50g/100g); Colistin (200,000,000 IU/100g)",1,100g,Yes,Mixed in water,NA,100,400,NA (water prepare < water consumption),"2,060",0.77,"6,667",3.24,4.18,2,NA
25,134,Sulfamonomethoxine_TMP,37,Sulfamonomethoxine sodium; Trimethoprim,Sulfamonomethoxine (400g/1000g); Trimethoprim (80g/1000g),0.93,200 g,Yes,Mixed in water,NA,100,400,NA (water prepare < water consumption),"2,060",0.81,"74,400",36.12,44.79,2,NA
25,134,Amoxicillin,37,Amoxicillin trihydrate; Colistin sulfate,"Amoxicillin (50g/100g); Colistin (200,000,000 IU/100g)",0.87,100g,Yes,Mixed in water,NA,100,400,NA (water prepare < water consumption),"2,060",0.81,"43,500",21.12,26.19,2,NA
25,134,Trimethoprim,37,Sulfamonomethoxine sodium; Trimethoprim,Sulfamonomethoxine (400g/1000g); Trimethoprim (80g/1000g),1,200 g,Yes,Mixed in water,NA,100,400,NA (water prepare < water consumption),"2,060",0.81,"16,000",7.77,9.63,2,NA
25,134,Colistin,37,Amoxicillin trihydrate; Colistin sulfate,"Amoxicillin (50g/100g); Colistin (200,000,000 IU/100g)",1,100g,Yes,Mixed in water,NA,100,400,NA (water prepare < water consumption),"2,060",0.81,"6,667",3.24,4.01,2,NA
25,134,Sulfamonomethoxine_TMP,38,Sulfamonomethoxine sodium; Trimethoprim,Sulfamonomethoxine (400g/1000g); Trimethoprim (80g/1000g),0.93,200 g,Yes,Mixed in water,NA,100,400,NA (water prepare < water consumption),"2,060",0.84,"74,400",36.12,43.1,2,NA
25,134,Amoxicillin,38,Amoxicillin trihydrate; Colistin sulfate,"Amoxicillin (50g/100g); Colistin (200,000,000 IU/100g)",0.87,100g,Yes,Mixed in water,NA,100,400,NA (water prepare < water consumption),"2,060",0.84,"43,500",21.12,25.2,2,NA
25,134,Trimethoprim,38,Sulfamonomethoxine sodium; Trimethoprim,Sulfamonomethoxine (400g/1000g); Trimethoprim (80g/1000g),1,200 g,Yes,Mixed in water,NA,100,400,NA (water prepare < water consumption),"2,060",0.84,"16,000",7.77,9.27,2,NA
25,134,Colistin,38,Amoxicillin trihydrate; Colistin sulfate,"Amoxicillin (50g/100g); Colistin (200,000,000 IU/100g)",1,100g,Yes,Mixed in water,NA,100,400,NA (water prepare < water consumption),"2,060",0.84,"6,667",3.24,3.86,2,NA
26,128,Enrofloxacin,1,Enrofloxacin,Enrofloxacin (200g/1lit),1,10ml,Yes,Mixed in water,NA,10,5,200,"1,020",0.04,"1,000",0.98,22.21,2,NA
26,128,Enrofloxacin,2,Enrofloxacin,Enrofloxacin (200g/1lit),1,10 ml,Yes,Mixed in water,NA,10,10,NA (water prepare < water consumption),"1,020",0.05,"2,000",1.96,40.67,2,NA
26,128,Enrofloxacin,3,Enrofloxacin,Enrofloxacin (200g/1lit),1,10 ml,Yes,Mixed in water,NA,10,10,NA (water prepare < water consumption),"1,014",0.05,"2,000",1.97,37.46,2,NA
26,128,Florfenicol,19,Florfenicol,Florfenicol (500mg/1g);,1,10g,Yes,Mixed in water,NA,20,80,NA (water prepare < water consumption),"1,008",0.2,"5,000",4.96,23.36,2,NA
26,128,Florfenicol,20,Florfenicol,Florfenicol (500mg/1g);,1,10g,Yes,Mixed in water,NA,20,80,NA (water prepare < water consumption),"1,008",0.22,"5,000",4.96,23.36,2,NA
26,128,Florfenicol,21,Florfenicol,Florfenicol (500mg/1g);,1,10g,Yes,Mixed in water,NA,20,90,NA (water prepare < water consumption),"1,008",0.23,"5,000",4.96,23.36,2,NA
26,128,Colistin,27,Colistin sulfate,Colistin (980g/1000g),1,30 g,Yes,Mixed in water,NA,30,120,NA (water prepare < water consumption),"1,008",0.3,"29,400",29.17,2.3,2,NA
26,128,Amoxicillin,27,Amoxicillin trihydrate,Amoxicilin (980mg/1g),0.87,30 g,Yes,Mixed in water,NA,30,120,NA (water prepare < water consumption),"1,008",0.3,"25,578",25.38,83.55,2,NA
26,128,Colistin,28,Colistin sulfate,Colistin (980g/1000g),1,30g,Yes,Mixed in water,NA,30,120,NA (water prepare < water consumption),"1,008",0.32,"29,400",29.17,2.3,2,NA
26,128,Amoxicillin,28,Amoxicillin trihydrate,Amoxicilin (980mg/1g),0.87,30g,Yes,Mixed in water,NA,30,120,NA (water prepare < water consumption),"1,008",0.32,"25,578",25.38,80.43,2,NA
26,128,Sulfaclozine,33,Sulfachloropyrazine = Sulfaclozine,Sulfachloropyrazine (30g/100g),1,100 g,Yes,Mixed in water,NA,30,150,NA (water prepare < water consumption),"1,008",0.37,"30,000",29.76,79.48,2,NA
26,128,Sulfaclozine,34,Sulfachloropyrazine = Sulfaclozine,Sulfachloropyrazine (30g/100g),1,100 g,Yes,Mixed in water,NA,30,150,NA (water prepare < water consumption),"1,008",0.39,"30,000",29.76,76.83,2,NA
26,128,Sulfaclozine,35,Sulfachloropyrazine = Sulfaclozine,Sulfachloropyrazine (30g/100g),1,100 g,Yes,Mixed in water,NA,30,150,NA (water prepare < water consumption),"1,008",0.4,"30,000",29.76,74.24,2,NA
26,128,Florfenicol,63,Florfenicol,Florfenicol (200 mg/1ml),1,100 ml,Yes,Mixed in water,NA,50,200,NA (water prepare < water consumption),"1,008",0.89,"20,000",19.84,23.36,1,Asthma
26,128,Doxycycline,63,Doxycycline hyclate,Doxycycline (500mg/1g),0.82,25g,Yes,Mixed in water,NA,50,200,NA (water prepare < water consumption),"1,008",0.89,"10,250",10.17,11.43,1,Asthma
26,128,Florfenicol,64,Florfenicol,Florfenicol (200 mg/1ml),1,100 ml,Yes,Mixed in water,NA,50,200,NA (water prepare < water consumption),"1,008",0.92,"20,000",19.84,23.36,1,Asthma
26,128,Doxycycline,64,Doxycycline hyclate,Doxycycline (500mg/1g),0.82,25g,Yes,Mixed in water,NA,50,200,NA (water prepare < water consumption),"1,008",0.92,"10,250",10.17,11.04,1,Asthma
26,128,Florfenicol,65,Florfenicol,Florfenicol (200 mg/1ml),1,100 ml,Yes,Mixed in water,NA,50,210,NA (water prepare < water consumption),"1,008",0.95,"20,000",19.84,23.36,1,Asthma
26,128,Doxycycline,65,Doxycycline hyclate,Doxycycline (500mg/1g),0.82,25g,Yes,Mixed in water,NA,50,210,NA (water prepare < water consumption),"1,008",0.95,"10,250",10.17,10.66,1,Asthma
26,128,Florfenicol,66,Florfenicol,Florfenicol (200 mg/1ml),1,100 ml,Yes,Mixed in water,NA,50,210,NA (water prepare < water consumption),"1,008",0.99,"20,000",19.84,23.36,1,Asthma
26,128,Amoxicillin,81,Amoxicillin trihydrate; Colistin sulfate,"Amoxicillin (200mg/1g); Colistin (1,200,000 IU/1g)",0.87,70 g,Yes,Mixed in water,NA,10,240,NA (water prepare < water consumption),"1,008",1.54,"12,180",12.08,7.84,2,NA
26,128,Colistin,81,Amoxicillin trihydrate; Colistin sulfate,"Amoxicillin (200mg/1g); Colistin (1,200,000 IU/1g)",1,70 g,Yes,Mixed in water,NA,10,240,NA (water prepare < water consumption),"1,008",1.54,"2,800",2.78,1.8,2,NA
26,128,Amoxicillin,82,Amoxicillin trihydrate; Colistin sulfate,"Amoxicillin (200mg/1g); Colistin (1,200,000 IU/1g)",0.87,70 g,Yes,Mixed in water,NA,10,240,NA (water prepare < water consumption),"1,008",1.58,"12,180",12.08,7.65,2,NA
26,128,Colistin,82,Amoxicillin trihydrate; Colistin sulfate,"Amoxicillin (200mg/1g); Colistin (1,200,000 IU/1g)",1,70 g,Yes,Mixed in water,NA,10,240,NA (water prepare < water consumption),"1,008",1.58,"2,800",2.78,1.76,2,NA
26,128,Amoxicillin,83,Amoxicillin trihydrate; Colistin sulfate,"Amoxicillin (200mg/1g); Colistin (1,200,000 IU/1g)",0.87,70 g,Yes,Mixed in water,NA,10,240,NA (water prepare < water consumption),"1,008",1.62,"12,180",12.08,7.47,2,NA
26,128,Colistin,83,Amoxicillin trihydrate; Colistin sulfate,"Amoxicillin (200mg/1g); Colistin (1,200,000 IU/1g)",1,70 g,Yes,Mixed in water,NA,10,240,NA (water prepare < water consumption),"1,008",1.62,"2,800",2.78,1.72,2,NA
26,128,Sulfamonomethoxine_TMP,103,Sulfamonomethoxine sodium; Trimethoprim,Sulfamonomethoxine (400g/1000g); Trimethoprim (80g/1000g),0.93,200 g,Yes,Mixed in water,NA,60,250,NA (water prepare < water consumption),998,2.3,"74,400",74.55,32.47,2,NA
26,128,Trimethoprim,103,Sulfamonomethoxine sodium; Trimethoprim,Sulfamonomethoxine (400g/1000g); Trimethoprim (80g/1000g),1,200 g,Yes,Mixed in water,NA,60,250,NA (water prepare < water consumption),998,2.3,"16,000",16.03,6.98,2,NA
26,128,Sulfamonomethoxine_TMP,104,Sulfamonomethoxine sodium; Trimethoprim,Sulfamonomethoxine (400g/1000g); Trimethoprim (80g/1000g),0.93,200g,Yes,Mixed in water,NA,60,250,NA (water prepare < water consumption),998,2.31,"74,400",74.55,32.23,2,NA
26,128,Trimethoprim,104,Sulfamonomethoxine sodium; Trimethoprim,Sulfamonomethoxine (400g/1000g); Trimethoprim (80g/1000g),1,200g,Yes,Mixed in water,NA,60,250,NA (water prepare < water consumption),998,2.31,"16,000",16.03,6.93,2,NA
26,128,Sulfamonomethoxine_TMP,105,Sulfamonomethoxine sodium; Trimethoprim,Sulfamonomethoxine (400g/1000g); Trimethoprim (80g/1000g),0.93,200g,Yes,Mixed in water,NA,60,250,NA (water prepare < water consumption),998,2.33,"74,400",74.55,32.02,2,NA
26,128,Trimethoprim,105,Sulfamonomethoxine sodium; Trimethoprim,Sulfamonomethoxine (400g/1000g); Trimethoprim (80g/1000g),1,200g,Yes,Mixed in water,NA,60,250,NA (water prepare < water consumption),998,2.33,"16,000",16.03,6.89,2,NA
26,128,Amoxicillin,115,Amoxicillin trihydrate,Amoxicilin (980g/1kg),0.87,100g,Yes,Mixed in water,NA,60,250,NA (water prepare < water consumption),998,2.42,"85,260",85.43,35.28,2,NA
26,128,Colistin,116,Colistin sulfate,Colistin (980g/1000g),1,100g,Yes,Mixed in water,NA,60,260,NA (water prepare < water consumption),998,2.42,"98,000",98.2,40.61,2,NA
26,128,Amoxicillin,116,Amoxicillin trihydrate,Amoxicilin (980g/1kg),0.87,100g,Yes,Mixed in water,NA,60,260,NA (water prepare < water consumption),998,2.42,"85,260",85.43,35.33,2,NA
26,128,Colistin,117,Colistin sulfate,Colistin (980g/1000g),1,100 g,Yes,Mixed in water,NA,60,260,NA (water prepare < water consumption),998,2.4,"98,000",98.2,40.92,2,NA
27,125,Ampicillin,20,Ampicillin trihydrate; Colistin sulfate,"Ampicillin (42mg/1g); Colistin (125,000 IU/1mg)",0.87,50 g,Yes,Mixed in water,NA,30,80,NA (water prepare < water consumption),"1,006",0.26,"1,827",1.82,7.05,2,NA
27,125,Colistin,20,Ampicillin trihydrate; Colistin sulfate,"Ampicillin (42mg/1g); Colistin (125,000 IU/1mg)",1,50 g,Yes,Mixed in water,NA,30,80,NA (water prepare < water consumption),"1,006",0.26,208,0.21,0.8,2,NA
27,125,Ampicillin,21,Ampicillin trihydrate; Colistin sulfate,"Ampicillin (42mg/1g); Colistin (125,000 IU/1mg)",0.87,50 g,Yes,Mixed in water,NA,30,80,NA (water prepare < water consumption),998,0.27,"1,827",1.83,6.79,2,NA
27,125,Colistin,21,Ampicillin trihydrate; Colistin sulfate,"Ampicillin (42mg/1g); Colistin (125,000 IU/1mg)",1,50 g,Yes,Mixed in water,NA,30,80,NA (water prepare < water consumption),998,0.27,208,0.21,0.77,2,NA
27,125,Ampicillin,23,Ampicillin trihydrate; Colistin sulfate,"Ampicillin (42mg/1g); Colistin (125,000 IU/1mg)",0.87,50 g,Yes,Mixed in water,NA,30,80,NA (water prepare < water consumption),998,0.29,"1,827",1.83,6.26,2,NA
27,125,Colistin,23,Ampicillin trihydrate; Colistin sulfate,"Ampicillin (42mg/1g); Colistin (125,000 IU/1mg)",1,50 g,Yes,Mixed in water,NA,30,80,NA (water prepare < water consumption),998,0.29,208,0.21,0.71,2,NA
27,125,Ampicillin,26,Ampicillin trihydrate; Colistin sulfate,"Ampicillin (42mg/1g); Colistin (125,000 IU/1mg)",0.87,70 g,Yes,Mixed in water,NA,30,100,NA (water prepare < water consumption),995,0.33,"2,558",2.57,7.89,2,NA
27,125,Colistin,26,Ampicillin trihydrate; Colistin sulfate,"Ampicillin (42mg/1g); Colistin (125,000 IU/1mg)",1,70 g,Yes,Mixed in water,NA,30,100,NA (water prepare < water consumption),995,0.33,292,0.29,0.9,2,NA
27,125,Ampicillin,27,Ampicillin trihydrate; Colistin sulfate,"Ampicillin (42mg/1g); Colistin (125,000 IU/1mg)",0.87,70 g,Yes,Mixed in water,NA,30,120,NA (water prepare < water consumption),995,0.34,"2,558",2.57,7.64,2,NA
27,125,Colistin,27,Ampicillin trihydrate; Colistin sulfate,"Ampicillin (42mg/1g); Colistin (125,000 IU/1mg)",1,70 g,Yes,Mixed in water,NA,30,120,NA (water prepare < water consumption),995,0.34,292,0.29,0.87,2,NA
27,125,Ampicillin,28,Ampicillin trihydrate; Colistin sulfate,"Ampicillin (42mg/1g); Colistin (125,000 IU/1mg)",0.87,70 g,Yes,Mixed in water,NA,30,120,NA (water prepare < water consumption),995,0.35,"2,558",2.57,7.4,2,NA
27,125,Colistin,28,Ampicillin trihydrate; Colistin sulfate,"Ampicillin (42mg/1g); Colistin (125,000 IU/1mg)",1,70 g,Yes,Mixed in water,NA,30,120,NA (water prepare < water consumption),995,0.35,292,0.29,0.84,2,NA
27,125,Oxytetracycline,36,Oxytetracycline HCl,"Oxytetracycline (50,000mg/100g)",0.93,100 g,Yes,Mixed in water,NA,60,180,NA (water prepare < water consumption),991,0.47,"46,500",46.92,100.04,2,NA
27,125,Oxytetracycline,43,Oxytetracycline HCl,"Oxytetracycline (50,000mg/100g)",0.93,100 g,Yes,Mixed in water,NA,60,200,NA (water prepare < water consumption),991,0.63,"46,500",46.92,74.12,2,NA
27,125,Doxycycline,48,Doxycycline hyclate; Azithromycin,"Doxycycline (500,000mg/1000g); Azithromycin (200,000mg/1000g)",0.82,100g,Yes,Mixed in water,NA,60,210,NA (water prepare < water consumption),990,0.76,"41,000",41.41,54.6,2,NA
27,125,Azithromycin,48,Doxycycline hyclate; Azithromycin,"Doxycycline (500,000mg/1000g); Azithromycin (200,000mg/1000g)",1,100g,Yes,Mixed in water,NA,60,210,NA (water prepare < water consumption),990,0.76,"20,000",20.2,26.63,2,NA
27,125,Oxytetracycline,49,Oxytetracycline HCl,"Oxytetracycline (50,000mg/100g)",0.93,100g,Yes,Mixed in water,NA,60,220,NA (water prepare < water consumption),990,0.78,"46,500",46.97,59.96,2,NA
27,125,Ampicillin,51,Ampicillin trihydrate;  Colistin sulfate,"Ampicillin (42mg/1g); Colistin (125,000 IU/1mg)",0.87,100g,Yes,Mixed in water,NA,60,220,NA (water prepare < water consumption),990,0.83,"3,654",3.69,4.44,2,NA
27,125,Colistin,51,Ampicillin trihydrate;  Colistin sulfate,"Ampicillin (42mg/1g); Colistin (125,000 IU/1mg)",1,100g,Yes,Mixed in water,NA,60,220,NA (water prepare < water consumption),990,0.83,417,0.42,0.51,2,NA
27,125,Doxycycline,55,Doxycycline hyclate; Azithromycin,"Doxycycline (500,000mg/1000g); Azithromycin (200,000mg/1000g)",0.82,100g,Yes,Mixed in water,NA,60,230,NA (water prepare < water consumption),990,0.92,"41,000",41.41,45.24,2,NA
27,125,Azithromycin,55,Doxycycline hyclate; Azithromycin,"Doxycycline (500,000mg/1000g); Azithromycin (200,000mg/1000g)",1,100g,Yes,Mixed in water,NA,60,230,NA (water prepare < water consumption),990,0.92,"20,000",20.2,22.07,2,NA
27,125,Oxytetracycline,56,Oxytetracycline HCl,"Oxytetracycline (50,000mg/100g)",0.93,100g,Yes,Mixed in water,NA,60,230,NA (water prepare < water consumption),990,0.94,"46,500",46.97,50.21,2,NA
27,125,Ampicillin,58,Ampicillin trihydrate;  Colistin sulfate,"Ampicillin (42mg/1g); Colistin (125,000 IU/1mg)",0.87,100g,Yes,Mixed in water,NA,60,230,NA (water prepare < water consumption),988,0.98,"3,654",3.7,3.79,2,NA
27,125,Colistin,58,Ampicillin trihydrate;  Colistin sulfate,"Ampicillin (42mg/1g); Colistin (125,000 IU/1mg)",1,100g,Yes,Mixed in water,NA,60,230,NA (water prepare < water consumption),988,0.98,417,0.42,0.43,2,NA
27,125,Doxycycline,62,Doxycycline hyclate; Azithromycin,"Doxycycline (500,000mg/1000g); Azithromycin (200,000mg/1000g)",0.82,100g,Yes,Mixed in water,NA,60,260,NA (water prepare < water consumption),987,1.06,"41,000",41.54,39.33,2,NA
27,125,Azithromycin,62,Doxycycline hyclate; Azithromycin,"Doxycycline (500,000mg/1000g); Azithromycin (200,000mg/1000g)",1,100g,Yes,Mixed in water,NA,60,260,NA (water prepare < water consumption),987,1.06,"20,000",20.26,19.18,2,NA
27,125,Ampicillin,65,Ampicillin trihydrate;  Colistin sulfate,"Ampicillin (42mg/1g); Colistin (125,000 IU/1mg)",0.87,100g,Yes,Mixed in water,NA,60,260,NA (water prepare < water consumption),987,1.12,"3,654",3.7,3.32,2,NA
27,125,Colistin,65,Ampicillin trihydrate;  Colistin sulfate,"Ampicillin (42mg/1g); Colistin (125,000 IU/1mg)",1,100g,Yes,Mixed in water,NA,60,260,NA (water prepare < water consumption),987,1.12,417,0.42,0.38,2,NA
27,125,Doxycycline,69,Doxycycline hyclate; Azithromycin,"Doxycycline (500,000mg/1000g); Azithromycin (200,000mg/1000g)",0.82,100g,Yes,Mixed in water,NA,60,280,NA (water prepare < water consumption),985,1.19,"41,000",41.62,34.95,2,NA
27,125,Azithromycin,69,Doxycycline hyclate; Azithromycin,"Doxycycline (500,000mg/1000g); Azithromycin (200,000mg/1000g)",1,100g,Yes,Mixed in water,NA,60,280,NA (water prepare < water consumption),985,1.19,"20,000",20.3,17.05,2,NA
27,125,Ampicillin,72,Ampicillin trihydrate;  Colistin sulfate,"Ampicillin (42mg/1g); Colistin (125,000 IU/1mg)",0.87,100g,Yes,Mixed in water,NA,60,280,NA (water prepare < water consumption),985,1.25,"3,654",3.71,2.97,2,NA
27,125,Colistin,72,Ampicillin trihydrate;  Colistin sulfate,"Ampicillin (42mg/1g); Colistin (125,000 IU/1mg)",1,100g,Yes,Mixed in water,NA,60,280,NA (water prepare < water consumption),985,1.25,417,0.42,0.34,2,NA
27,125,Ampicillin,78,Ampicillin trihydrate;  Colistin sulfate,"Ampicillin (42mg/1g); Colistin (125,000 IU/1mg)",0.87,100 g,Yes,Mixed in water,NA,60,300,NA (water prepare < water consumption),985,1.4,"3,654",3.71,2.66,2,NA
27,125,Colistin,78,Ampicillin trihydrate;  Colistin sulfate,"Ampicillin (42mg/1g); Colistin (125,000 IU/1mg)",1,100 g,Yes,Mixed in water,NA,60,300,NA (water prepare < water consumption),985,1.4,417,0.42,0.3,2,NA
27,125,Ampicillin,79,Ampicillin trihydrate;  Colistin sulfate,"Ampicillin (42mg/1g); Colistin (125,000 IU/1mg)",0.87,100 g,Yes,Mixed in water,NA,60,300,NA (water prepare < water consumption),985,1.43,"3,654",3.71,2.6,2,NA
27,125,Colistin,79,Ampicillin trihydrate;  Colistin sulfate,"Ampicillin (42mg/1g); Colistin (125,000 IU/1mg)",1,100 g,Yes,Mixed in water,NA,60,300,NA (water prepare < water consumption),985,1.43,417,0.42,0.3,2,NA
27,125,Ampicillin,80,Ampicillin trihydrate;  Colistin sulfate,"Ampicillin (42mg/1g); Colistin (125,000 IU/1mg)",0.87,100 g,Yes,Mixed in water,NA,60,300,NA (water prepare < water consumption),984,1.46,"3,654",3.71,2.54,2,NA
27,125,Colistin,80,Ampicillin trihydrate;  Colistin sulfate,"Ampicillin (42mg/1g); Colistin (125,000 IU/1mg)",1,100 g,Yes,Mixed in water,NA,60,300,NA (water prepare < water consumption),984,1.46,417,0.42,0.29,2,NA
27,125,Amoxicillin,83,Amoxicillin Trihydrate; Colistin Sulfate,"Amoxicillin (200g/1000g); Colistin (1,200,000,000 IU/1000g)",0.87,100 g,Yes,Mixed in water,NA,60,300,NA (water prepare < water consumption),983,1.57,"17,400",17.7,11.29,2,NA
27,125,Colistin,83,Amoxicillin Trihydrate; Colistin Sulfate,"Amoxicillin (200g/1000g); Colistin (1,200,000,000 IU/1000g)",1,100 g,Yes,Mixed in water,NA,60,300,NA (water prepare < water consumption),983,1.57,"4,000",4.07,2.59,2,NA
27,125,Amoxicillin,84,Amoxicillin Trihydrate; Colistin Sulfate,"Amoxicillin (200g/1000g); Colistin (1,200,000,000 IU/1000g)",0.87,100 g,Yes,Mixed in water,NA,60,300,NA (water prepare < water consumption),983,1.61,"17,400",17.7,11.01,2,NA
27,125,Colistin,84,Amoxicillin Trihydrate; Colistin Sulfate,"Amoxicillin (200g/1000g); Colistin (1,200,000,000 IU/1000g)",1,100 g,Yes,Mixed in water,NA,60,300,NA (water prepare < water consumption),983,1.61,"4,000",4.07,2.53,2,NA
27,125,Amoxicillin,85,Amoxicillin Trihydrate; Colistin Sulfate,"Amoxicillin (200g/1000g); Colistin (1,200,000,000 IU/1000g)",0.87,100 g,Yes,Mixed in water,NA,60,300,NA (water prepare < water consumption),983,1.65,"17,400",17.7,10.74,2,NA
27,125,Colistin,85,Amoxicillin Trihydrate; Colistin Sulfate,"Amoxicillin (200g/1000g); Colistin (1,200,000,000 IU/1000g)",1,100 g,Yes,Mixed in water,NA,60,300,NA (water prepare < water consumption),983,1.65,"4,000",4.07,2.47,2,NA
27,125,Sulfamonomethoxine_TMP,87,"Sulfamonomethoxine sodium, Trimethoprim",Sulfamonomethoxine (800mg/1g); Trimethoprim (200mg/1g),0.93,100 g,Yes,Mixed in water,NA,60,300,NA (water prepare < water consumption),981,1.73,"74,400",75.84,43.75,2,NA
27,125,Trimethoprim,87,"Sulfamonomethoxine sodium, Trimethoprim",Sulfamonomethoxine (800mg/1g); Trimethoprim (200mg/1g),1,100 g,Yes,Mixed in water,NA,60,300,NA (water prepare < water consumption),981,1.73,"20,000",20.39,11.76,2,NA
27,125,Sulfamonomethoxine_TMP,88,"Sulfamonomethoxine sodium, Trimethoprim",Sulfamonomethoxine (800mg/1g); Trimethoprim (200mg/1g),0.93,100 g,Yes,Mixed in water,NA,60,310,NA (water prepare < water consumption),981,1.78,"74,400",75.84,42.66,2,NA
27,125,Trimethoprim,88,"Sulfamonomethoxine sodium, Trimethoprim",Sulfamonomethoxine (800mg/1g); Trimethoprim (200mg/1g),1,100 g,Yes,Mixed in water,NA,60,310,NA (water prepare < water consumption),981,1.78,"20,000",20.39,11.47,2,NA
27,125,Sulfamonomethoxine_TMP,89,"Sulfamonomethoxine sodium, Trimethoprim",Sulfamonomethoxine (800mg/1g); Trimethoprim (200mg/1g),0.93,100 g,Yes,Mixed in water,NA,60,310,NA (water prepare < water consumption),981,1.82,"74,400",75.84,41.62,2,NA
27,125,Trimethoprim,89,"Sulfamonomethoxine sodium, Trimethoprim",Sulfamonomethoxine (800mg/1g); Trimethoprim (200mg/1g),1,100 g,Yes,Mixed in water,NA,60,310,NA (water prepare < water consumption),981,1.82,"20,000",20.39,11.19,2,NA
27,125,Ampicillin,90,Ampicillin trihydrate;  Colistin sulfate,"Ampicillin (42mg/1g); Colistin (125,000 IU/1mg)",0.87,100 g,Yes,Mixed in water,NA,60,310,NA (water prepare < water consumption),981,1.87,"3,654",3.72,2,2,NA
27,125,Colistin,90,Ampicillin trihydrate;  Colistin sulfate,"Ampicillin (42mg/1g); Colistin (125,000 IU/1mg)",1,100 g,Yes,Mixed in water,NA,60,310,NA (water prepare < water consumption),981,1.87,417,0.42,0.23,2,NA
27,125,Ampicillin,91,Ampicillin trihydrate;  Colistin sulfate,"Ampicillin (42mg/1g); Colistin (125,000 IU/1mg)",0.87,100 g,Yes,Mixed in water,NA,60,310,NA (water prepare < water consumption),981,1.91,"3,654",3.72,1.95,2,NA
27,125,Colistin,91,Ampicillin trihydrate;  Colistin sulfate,"Ampicillin (42mg/1g); Colistin (125,000 IU/1mg)",1,100 g,Yes,Mixed in water,NA,60,310,NA (water prepare < water consumption),981,1.91,417,0.42,0.22,2,NA
27,125,Ampicillin,92,Ampicillin trihydrate;  Colistin sulfate,"Ampicillin (42mg/1g); Colistin (125,000 IU/1mg)",0.87,100 g,Yes,Mixed in water,NA,60,310,NA (water prepare < water consumption),981,1.95,"3,654",3.72,1.91,2,NA
27,125,Colistin,92,Ampicillin trihydrate;  Colistin sulfate,"Ampicillin (42mg/1g); Colistin (125,000 IU/1mg)",1,100 g,Yes,Mixed in water,NA,60,310,NA (water prepare < water consumption),981,1.95,417,0.42,0.22,2,NA
27,125,Amoxicillin,93,Amoxicillin Trihydrate; Colistin Sulfate,"Amoxicillin (200g/1000g); Colistin (1,200,000,000 IU/1000g)",0.87,100 g,Yes,Mixed in water,NA,60,310,NA (water prepare < water consumption),981,2,"17,400",17.74,8.88,2,NA
27,125,Colistin,93,Amoxicillin Trihydrate; Colistin Sulfate,"Amoxicillin (200g/1000g); Colistin (1,200,000,000 IU/1000g)",1,100 g,Yes,Mixed in water,NA,60,310,NA (water prepare < water consumption),981,2,"4,000",4.08,2.04,2,NA
27,125,Amoxicillin,94,Amoxicillin Trihydrate; Colistin Sulfate,"Amoxicillin (200g/1000g); Colistin (1,200,000,000 IU/1000g)",0.87,100 g,Yes,Mixed in water,NA,60,310,NA (water prepare < water consumption),981,2.04,"17,400",17.74,8.69,2,NA
27,125,Colistin,94,Amoxicillin Trihydrate; Colistin Sulfate,"Amoxicillin (200g/1000g); Colistin (1,200,000,000 IU/1000g)",1,100 g,Yes,Mixed in water,NA,60,310,NA (water prepare < water consumption),981,2.04,"4,000",4.08,2,2,NA
27,125,Amoxicillin,95,Amoxicillin Trihydrate; Colistin Sulfate,"Amoxicillin (200g/1000g); Colistin (1,200,000,000 IU/1000g)",0.87,100 g,Yes,Mixed in water,NA,60,310,NA (water prepare < water consumption),981,2.09,"17,400",17.74,8.51,2,NA
27,125,Colistin,95,Amoxicillin Trihydrate; Colistin Sulfate,"Amoxicillin (200g/1000g); Colistin (1,200,000,000 IU/1000g)",1,100 g,Yes,Mixed in water,NA,60,310,NA (water prepare < water consumption),981,2.09,"4,000",4.08,1.96,2,NA
27,125,Sulfamonomethoxine_TMP,98,"Sulfamonomethoxine sodium, Trimethoprim",Sulfamonomethoxine (800mg/1g); Trimethoprim (200mg/1g),0.93,100 g,Yes,Mixed in water,NA,60,310,NA (water prepare < water consumption),981,2.22,"74,400",75.84,34.13,2,NA
27,125,Trimethoprim,98,"Sulfamonomethoxine sodium, Trimethoprim",Sulfamonomethoxine (800mg/1g); Trimethoprim (200mg/1g),1,100 g,Yes,Mixed in water,NA,60,310,NA (water prepare < water consumption),981,2.22,"20,000",20.39,9.18,2,NA
27,125,Sulfamonomethoxine_TMP,99,"Sulfamonomethoxine sodium, Trimethoprim",Sulfamonomethoxine (800mg/1g); Trimethoprim (200mg/1g),0.93,100 g,Yes,Mixed in water,NA,60,310,NA (water prepare < water consumption),981,2.27,"74,400",75.84,33.44,2,NA
27,125,Trimethoprim,99,"Sulfamonomethoxine sodium, Trimethoprim",Sulfamonomethoxine (800mg/1g); Trimethoprim (200mg/1g),1,100 g,Yes,Mixed in water,NA,60,310,NA (water prepare < water consumption),981,2.27,"20,000",20.39,8.99,2,NA
27,125,Sulfamonomethoxine_TMP,100,"Sulfamonomethoxine sodium, Trimethoprim",Sulfamonomethoxine (800mg/1g); Trimethoprim (200mg/1g),0.93,100 g,Yes,Mixed in water,NA,60,310,NA (water prepare < water consumption),981,2.31,"74,400",75.84,32.78,2,NA
27,125,Trimethoprim,100,"Sulfamonomethoxine sodium, Trimethoprim",Sulfamonomethoxine (800mg/1g); Trimethoprim (200mg/1g),1,100 g,Yes,Mixed in water,NA,60,310,NA (water prepare < water consumption),981,2.31,"20,000",20.39,8.81,2,NA
27,125,Tilmicosin,115,Tilmicosin phosphate,Tilmicosin (250 g/1lit),0.9,100 g,Yes,Mixed in water,NA,60,210,NA (water prepare < water consumption),659,2.94,"22,500",34.14,11.61,2,NA
27,125,Ampicillin,115,Ampicillin trihydrate;  Colistin sulfate,"Ampicillin (42mg/1g); Colistin (125,000 IU/1mg)",0.87,100 g,Yes,Mixed in water,NA,60,210,NA (water prepare < water consumption),659,2.94,"3,654",5.54,1.89,2,NA
27,125,Colistin,115,Ampicillin trihydrate;  Colistin sulfate,"Ampicillin (42mg/1g); Colistin (125,000 IU/1mg)",1,100 g,Yes,Mixed in water,NA,60,210,NA (water prepare < water consumption),659,2.94,417,0.63,0.22,2,NA
27,125,Tilmicosin,116,Tilmicosin phosphate,Tilmicosin (250 g/1lit),0.9,100 g,Yes,Mixed in water,NA,60,210,NA (water prepare < water consumption),659,2.98,"22,500",34.14,11.47,2,NA
27,125,Ampicillin,116,Ampicillin trihydrate;  Colistin sulfate,"Ampicillin (42mg/1g); Colistin (125,000 IU/1mg)",0.87,100 g,Yes,Mixed in water,NA,60,210,NA (water prepare < water consumption),659,2.98,"3,654",5.54,1.86,2,NA
27,125,Colistin,116,Ampicillin trihydrate;  Colistin sulfate,"Ampicillin (42mg/1g); Colistin (125,000 IU/1mg)",1,100 g,Yes,Mixed in water,NA,60,210,NA (water prepare < water consumption),659,2.98,417,0.63,0.21,2,NA
27,125,Oxytetracycline,117,Oxytetracycline HCl,"Oxytetracycline (50,000mg/100g)",0.93,100 g,Yes,Mixed in water,NA,60,210,NA (water prepare < water consumption),659,3.01,"46,500",70.56,23.44,2,NA
27,125,Tilmicosin,117,Tilmicosin phosphate,Tilmicosin (250 g/1lit),0.9,100 g,Yes,Mixed in water,NA,60,210,NA (water prepare < water consumption),659,3.01,"22,500",34.14,11.34,2,NA
27,125,Amoxicillin,117,Amoxicillin Trihydrate; Colistin Sulfate,"Amoxicillin (200g/1000g); Colistin (1,200,000,000 IU/1000g)",0.87,100 g,Yes,Mixed in water,NA,60,210,NA (water prepare < water consumption),659,3.01,"17,400",26.4,8.77,2,NA
27,125,Colistin,117,Amoxicillin Trihydrate; Colistin Sulfate,"Amoxicillin (200g/1000g); Colistin (1,200,000,000 IU/1000g)",1,100 g,Yes,Mixed in water,NA,60,210,NA (water prepare < water consumption),659,3.01,"4,000",6.07,2.02,2,NA
27,125,Colistin,117,Amoxicillin Trihydrate; Colistin Sulfate,"Amoxicillin (200g/1000g); Colistin (1,200,000,000 IU/1000g)",1,100 g,Yes,Mixed in water,NA,60,210,NA (water prepare < water consumption),659,3.01,"4,000",6.07,2.02,2,NA
27,125,Ampicillin,117,Ampicillin trihydrate;  Colistin sulfate,"Ampicillin (42mg/1g); Colistin (125,000 IU/1mg)",0.87,100 g,Yes,Mixed in water,NA,60,210,NA (water prepare < water consumption),659,3.01,"3,654",5.54,1.84,2,NA
27,125,Colistin,117,Ampicillin trihydrate;  Colistin sulfate,"Ampicillin (42mg/1g); Colistin (125,000 IU/1mg)",1,100 g,Yes,Mixed in water,NA,60,210,NA (water prepare < water consumption),659,3.01,417,0.63,0.21,2,NA
27,125,Colistin,117,Ampicillin trihydrate;  Colistin sulfate,"Ampicillin (42mg/1g); Colistin (125,000 IU/1mg)",1,100 g,Yes,Mixed in water,NA,60,210,NA (water prepare < water consumption),659,3.01,417,0.63,0.21,2,NA
27,125,Oxytetracycline,118,Oxytetracycline HCl,"Oxytetracycline (50,000mg/100g)",0.93,100 g,Yes,Mixed in water,NA,60,210,NA (water prepare < water consumption),659,3.04,"46,500",70.56,23.18,2,NA
27,125,Tilmicosin,118,Tilmicosin phosphate,Tilmicosin (250 g/1lit),0.9,100 g,Yes,Mixed in water,NA,60,210,NA (water prepare < water consumption),659,3.04,"22,500",34.14,11.21,2,NA
27,125,Amoxicillin,118,Amoxicillin Trihydrate; Colistin Sulfate,"Amoxicillin (200g/1000g); Colistin (1,200,000,000 IU/1000g)",0.87,100 g,Yes,Mixed in water,NA,60,210,NA (water prepare < water consumption),659,3.04,"17,400",26.4,8.67,2,NA
27,125,Colistin,118,Amoxicillin Trihydrate; Colistin Sulfate,"Amoxicillin (200g/1000g); Colistin (1,200,000,000 IU/1000g)",1,100 g,Yes,Mixed in water,NA,60,210,NA (water prepare < water consumption),659,3.04,"4,000",6.07,1.99,2,NA
27,125,Sulfamonomethoxine_TMP,119,"Sulfamonomethoxine sodium, Trimethoprim",Sulfamonomethoxine (800mg/1g); Trimethoprim (200mg/1g),0.93,100 g,Yes,Mixed in water,NA,60,210,NA (water prepare < water consumption),659,3.08,"74,400",112.9,36.67,2,NA
27,125,Oxytetracycline,119,Oxytetracycline HCl,"Oxytetracycline (50,000mg/100g)",0.93,100 g,Yes,Mixed in water,NA,60,210,NA (water prepare < water consumption),659,3.08,"46,500",70.56,22.92,2,NA
27,125,Trimethoprim,119,"Sulfamonomethoxine sodium, Trimethoprim",Sulfamonomethoxine (800mg/1g); Trimethoprim (200mg/1g),1,100 g,Yes,Mixed in water,NA,60,210,NA (water prepare < water consumption),659,3.08,"20,000",30.35,9.86,2,NA
27,125,Amoxicillin,119,Amoxicillin Trihydrate; Colistin Sulfate,"Amoxicillin (200g/1000g); Colistin (1,200,000,000 IU/1000g)",0.87,100 g,Yes,Mixed in water,NA,60,210,NA (water prepare < water consumption),659,3.08,"17,400",26.4,8.58,2,NA
27,125,Colistin,119,Amoxicillin Trihydrate; Colistin Sulfate,"Amoxicillin (200g/1000g); Colistin (1,200,000,000 IU/1000g)",1,100 g,Yes,Mixed in water,NA,60,210,NA (water prepare < water consumption),659,3.08,"4,000",6.07,1.97,2,NA
28,117,Enrofloxacin,1,Enrofloxacin,Enrofloxacin (200mg/1ml),1,30ml,Yes,Mixed in water,NA,10,10,NA (water prepare < water consumption),"1,125",0.03,"6,000",5.33,23.54,2,NA
28,117,Enrofloxacin,2,Enrofloxacin,Enrofloxacin (200mg/1ml),1,30ml,Yes,Mixed in water,NA,10,15,NA (water prepare < water consumption),"1,122",0.03,"6,000",5.35,23.54,2,NA
28,117,Enrofloxacin,3,Enrofloxacin,Enrofloxacin (200mg/1ml),1,30ml,Yes,Mixed in water,NA,10,15,NA (water prepare < water consumption),"1,117",0.04,"6,000",5.37,23.54,2,NA
28,117,Tilmicosin,8,Tilmicosin phosphate,Tilmicosin (250mg/1ml),0.9,30 ml,Yes,Mixed in water,NA,10,15,NA (water prepare < water consumption),"1,107",0.07,"6,750",6.1,20.55,2,NA
28,117,Tilmicosin,9,Tilmicosin phosphate,Tilmicosin (250mg/1ml),0.9,30 ml,Yes,Mixed in water,NA,10,20,NA (water prepare < water consumption),"1,097",0.08,"6,750",6.15,20.55,2,NA
28,117,Tilmicosin,10,Tilmicosin phosphate,Tilmicosin (250mg/1ml),0.9,30 ml,Yes,Mixed in water,NA,10,20,NA (water prepare < water consumption),"1,097",0.09,"6,750",6.15,20.55,2,NA
28,117,Tilmicosin,11,Tilmicosin phosphate,Tilmicosin (250mg/1ml),0.9,30 ml,Yes,Mixed in water,NA,10,20,NA (water prepare < water consumption),"1,097",0.1,"6,750",6.15,20.55,2,NA
28,117,Amoxicillin,13,Amoxicillin Trihydrate; Colistin sulfate,"Amoxicillin (560g/1000g); Colistin (120,000,000 IU/1000g)",0.87,50 g,Yes,Mixed in water,NA,20,50,NA (water prepare < water consumption),"1,095",0.13,"24,360",22.25,169.23,2,NA
28,117,Colistin,13,Amoxicillin Trihydrate; Colistin sulfate,"Amoxicillin (560g/1000g); Colistin (120,000,000 IU/1000g)",1,50 g,Yes,Mixed in water,NA,20,50,NA (water prepare < water consumption),"1,095",0.13,200,0.18,1.39,2,NA
28,117,Amoxicillin,14,Amoxicillin Trihydrate; Colistin sulfate,"Amoxicillin (560g/1000g); Colistin (120,000,000 IU/1000g)",0.87,50 g,Yes,Mixed in water,NA,20,50,NA (water prepare < water consumption),"1,095",0.15,"24,360",22.25,148.74,2,NA
28,117,Colistin,14,Amoxicillin Trihydrate; Colistin sulfate,"Amoxicillin (560g/1000g); Colistin (120,000,000 IU/1000g)",1,50 g,Yes,Mixed in water,NA,20,50,NA (water prepare < water consumption),"1,095",0.15,200,0.18,1.22,2,NA
28,117,Sulfamonomethoxine_TMP,15,Sulfamonomethoxine sodium;  Trimethoprim,Sulfamonomethoxine (57.5g/1000g); Trimethoprim (12.5g/1000g),0.93,70 g,Yes,Mixed in water,NA,20,50,NA (water prepare < water consumption),"1,094",0.17,"3,743",3.42,20.16,1,Blackhead disease
28,117,Trimethoprim,15,Sulfamonomethoxine sodium;  Trimethoprim,Sulfamonomethoxine (57.5g/1000g); Trimethoprim (12.5g/1000g),1,70 g,Yes,Mixed in water,NA,20,50,NA (water prepare < water consumption),"1,094",0.17,875,0.8,4.71,1,Blackhead disease
28,117,Sulfamonomethoxine_TMP,16,Sulfamonomethoxine sodium;  Trimethoprim,Sulfamonomethoxine (57.5g/1000g); Trimethoprim (12.5g/1000g),0.93,70 g,Yes,Mixed in water,NA,20,80,NA (water prepare < water consumption),"1,092",0.19,"3,743",3.43,17.87,1,Blackhead disease
28,117,Trimethoprim,16,Sulfamonomethoxine sodium;  Trimethoprim,Sulfamonomethoxine (57.5g/1000g); Trimethoprim (12.5g/1000g),1,70 g,Yes,Mixed in water,NA,20,80,NA (water prepare < water consumption),"1,092",0.19,875,0.8,4.18,1,Blackhead disease
28,117,Amoxicillin,20,Amoxicillin trihydrate,Amoxicillin (10g/100g),0.87,50 g,Yes,Mixed in water,NA,30,100,NA (water prepare < water consumption),"1,092",0.3,"4,350",3.98,13.43,2,NA
28,117,Amoxicillin,21,Amoxicillin trihydrate,Amoxicillin (10g/100g),0.87,50 g,Yes,Mixed in water,NA,30,100,NA (water prepare < water consumption),"1,092",0.33,"4,350",3.98,12.22,2,NA
28,117,Amoxicillin,22,Amoxicillin trihydrate,Amoxicillin (10g/100g),0.87,50 g,Yes,Mixed in water,NA,30,100,NA (water prepare < water consumption),"1,092",0.36,"4,350",3.98,11.19,2,NA
28,117,Neomycin,24,Neomycin sulfate; Nystatin,"Neomycin (2,000mg/100g); Nystatin (15,000,000IU/100g)",0.68,50 g,Yes,Mixed in water,NA,30,120,NA (water prepare < water consumption),"1,092",0.42,680,0.62,1.49,2,NA
28,117,Neomycin,25,Neomycin sulfate; Nystatin,"Neomycin (2,000mg/100g); Nystatin (15,000,000IU/100g)",0.68,50 g,Yes,Mixed in water,NA,30,120,NA (water prepare < water consumption),"1,092",0.45,680,0.62,1.38,2,NA
28,117,Neomycin,26,Neomycin sulfate; Nystatin,"Neomycin (2,000mg/100g); Nystatin (15,000,000IU/100g)",0.68,50 g,Yes,Mixed in water,NA,30,140,NA (water prepare < water consumption),"1,092",0.48,680,0.62,1.29,2,NA
28,117,Colistin,27,Colistin sulfate,"Colistin (10,000,000,000 IU/1kg)",1,50 g,Yes,Mixed in water,NA,40,140,NA (water prepare < water consumption),"1,092",0.51,"16,667",15.26,29.77,2,NA
28,117,Colistin,28,Colistin sulfate,"Colistin (10,000,000,000 IU/1kg)",1,50 g,Yes,Mixed in water,NA,40,140,NA (water prepare < water consumption),"1,088",0.54,"16,667",15.32,28.19,2,NA
28,117,Colistin,33,Colistin sulfate,"Colistin (10,000,000,000 IU/1kg)",1,70 g,Yes,Mixed in water,NA,40,160,NA (water prepare < water consumption),"1,088",0.7,"23,333",21.45,30.62,2,NA
28,117,Amoxicillin,50,Amoxicillin trihydrate; Colistin sulfate,"Amoxicillin (560g/1000g); Colistin (120,000,000 IU/1000g)",0.87,40g,Yes,Mixed in water,NA,80,220,NA (water prepare < water consumption),"1,087",1.43,"19,488",17.93,12.51,2,NA
28,117,Colistin,50,Amoxicillin trihydrate; Colistin sulfate,"Amoxicillin (560g/1000g); Colistin (120,000,000 IU/1000g)",1,40g,Yes,Mixed in water,NA,80,220,NA (water prepare < water consumption),"1,087",1.43,160,0.15,0.1,2,NA
28,117,Amoxicillin,51,Amoxicillin trihydrate; Colistin sulfate,"Amoxicillin (560g/1000g); Colistin (120,000,000 IU/1000g)",0.87,40g,Yes,Mixed in water,NA,80,220,NA (water prepare < water consumption),"1,086",1.47,"19,488",17.94,12.23,2,NA
28,117,Colistin,51,Amoxicillin trihydrate; Colistin sulfate,"Amoxicillin (560g/1000g); Colistin (120,000,000 IU/1000g)",1,40g,Yes,Mixed in water,NA,80,220,NA (water prepare < water consumption),"1,086",1.47,160,0.15,0.1,2,NA
28,117,Amoxicillin,52,Amoxicillin trihydrate; Colistin sulfate,"Amoxicillin (560g/1000g); Colistin (120,000,000 IU/1000g)",0.87,40g,Yes,Mixed in water,NA,80,220,NA (water prepare < water consumption),"1,086",1.5,"19,488",17.94,11.99,2,NA
28,117,Colistin,52,Amoxicillin trihydrate; Colistin sulfate,"Amoxicillin (560g/1000g); Colistin (120,000,000 IU/1000g)",1,40g,Yes,Mixed in water,NA,80,220,NA (water prepare < water consumption),"1,086",1.5,160,0.15,0.1,2,NA
28,117,Doxycycline,58,Doxycycline hyclate,Doxycycline (500g/1000g),0.82,200g,Yes,Mixed in water,NA,80,220,NA (water prepare < water consumption),"1,086",1.61,"82,000",75.51,46.9,2,NA
28,117,Doxycycline,59,Doxycycline hyclate,Doxycycline (500g/1000g),0.82,200g,Yes,Mixed in water,NA,80,220,NA (water prepare < water consumption),"1,083",1.62,"82,000",75.72,46.67,2,NA
28,117,Colistin,59,Colistin sulfate,"Colistin (10,000,000,000 IU/1kg)",1,200g,Yes,Mixed in water,NA,80,220,NA (water prepare < water consumption),"1,083",1.62,"66,667",61.56,37.95,2,NA
28,117,Doxycycline,60,Doxycycline hyclate,Doxycycline (500g/1000g),0.82,200g,Yes,Mixed in water,NA,80,220,NA (water prepare < water consumption),"1,083",1.63,"82,000",75.72,46.36,2,NA
28,117,Colistin,60,Colistin sulfate,"Colistin (10,000,000,000 IU/1kg)",1,200g,Yes,Mixed in water,NA,80,220,NA (water prepare < water consumption),"1,083",1.63,"66,667",61.56,37.69,2,NA
28,117,Colistin,61,Colistin sulfate,"Colistin (10,000,000,000 IU/1kg)",1,200g,Yes,Mixed in water,NA,80,220,NA (water prepare < water consumption),"1,083",1.64,"66,667",61.56,37.46,2,NA
28,117,Colistin,68,Colistin sulfate,"Colistin (10,000,000,000 IU/1kg)",1,200 g,Yes,Mixed in water,NA,80,240,NA (water prepare < water consumption),"1,080",1.69,"66,667",61.73,36.6,2,NA
28,117,Colistin,69,Colistin sulfate,"Colistin (10,000,000,000 IU/1kg)",1,200 g,Yes,Mixed in water,NA,80,240,NA (water prepare < water consumption),"1,077",1.69,"66,667",61.9,36.62,2,NA
28,117,Colistin,70,Colistin sulfate,"Colistin (10,000,000,000 IU/1kg)",1,200 g,Yes,Mixed in water,NA,80,250,NA (water prepare < water consumption),"1,077",1.69,"66,667",61.9,36.55,2,NA
28,117,Doxycycline,81,Doxycycline hyclate,Doxycycline (500g/1000g),0.82,150 g,Yes,Mixed in water,NA,100,260,NA (water prepare < water consumption),"1,072",1.82,"61,500",57.37,31.44,2,NA
28,117,Tilmicosin,81,Tilmicosin Phosphate,Tilmicosin (250 g/1lit),0.9,100ml,Yes,Mixed in water,NA,100,260,NA (water prepare < water consumption),"1,072",1.82,"22,500",20.99,11.5,2,NA
28,117,Doxycycline,82,Doxycycline hyclate,Doxycycline (500g/1000g),0.82,150 g,Yes,Mixed in water,NA,100,260,NA (water prepare < water consumption),"1,072",1.86,"61,500",57.37,30.9,2,NA
28,117,Tilmicosin,82,Tilmicosin Phosphate,Tilmicosin (250 g/1lit),0.9,100ml,Yes,Mixed in water,NA,100,260,NA (water prepare < water consumption),"1,072",1.86,"22,500",20.99,11.3,2,NA
28,117,Doxycycline,83,Doxycycline hyclate,Doxycycline (500g/1000g),0.82,150 g,Yes,Mixed in water,NA,100,260,NA (water prepare < water consumption),"1,072",1.89,"61,500",57.37,30.3,2,NA
28,117,Tilmicosin,83,Tilmicosin Phosphate,Tilmicosin (250 g/1lit),0.9,100ml,Yes,Mixed in water,NA,100,260,NA (water prepare < water consumption),"1,072",1.89,"22,500",20.99,11.08,2,NA
28,117,Amoxicillin,107,Amoxicillin hydrate; Colistin sulfate,"Amoxicillin (500g/1000g); Colistin (2,000,000,000 IU/1000g)",0.87,100 g,Yes,Mixed in water,NA,100,250,NA (water prepare < water consumption),922,3.5,"43,500",47.18,13.47,2,NA
28,117,Colistin,107,Amoxicillin hydrate; Colistin sulfate,"Amoxicillin (500g/1000g); Colistin (2,000,000,000 IU/1000g)",1,100 g,Yes,Mixed in water,NA,100,250,NA (water prepare < water consumption),922,3.5,"6,667",7.23,2.06,2,NA
28,117,Amoxicillin,108,Amoxicillin hydrate; Colistin sulfate,"Amoxicillin (500g/1000g); Colistin (2,000,000,000 IU/1000g)",0.87,100 g,Yes,Mixed in water,NA,100,250,NA (water prepare < water consumption),922,3.54,"43,500",47.18,13.33,2,NA
28,117,Colistin,108,Amoxicillin hydrate; Colistin sulfate,"Amoxicillin (500g/1000g); Colistin (2,000,000,000 IU/1000g)",1,100 g,Yes,Mixed in water,NA,100,250,NA (water prepare < water consumption),922,3.54,"6,667",7.23,2.04,2,NA
28,117,Amoxicillin,109,Amoxicillin hydrate; Colistin sulfate,"Amoxicillin (500g/1000g); Colistin (2,000,000,000 IU/1000g)",0.87,100 g,Yes,Mixed in water,NA,100,160,NA (water prepare < water consumption),922,3.57,"43,500",47.18,13.22,2,NA
28,117,Colistin,109,Amoxicillin hydrate; Colistin sulfate,"Amoxicillin (500g/1000g); Colistin (2,000,000,000 IU/1000g)",1,100 g,Yes,Mixed in water,NA,100,160,NA (water prepare < water consumption),922,3.57,"6,667",7.23,2.03,2,NA
28,117,Doxycycline,114,Doxycycline hyclate,Doxycycline (500g/1000g),0.82,150 g,Yes,Mixed in water,NA,100,100,NA (water prepare < water consumption),132,3.65,"61,500",465.91,127.74,2,NA
28,117,Tilmicosin,114,Tilmicosin Phosphate,Tilmicosin (250 g/1lit),0.9,100 ml,Yes,Mixed in water,NA,100,100,NA (water prepare < water consumption),132,3.65,"22,500",170.45,46.73,2,NA
28,117,Doxycycline,115,Doxycycline hyclate,Doxycycline (500g/1000g),0.82,150 g,Yes,Mixed in water,NA,100,100,NA (water prepare < water consumption),132,3.64,"61,500",465.91,127.91,2,NA
28,117,Tilmicosin,115,Tilmicosin Phosphate,Tilmicosin (250 g/1lit),0.9,100 ml,Yes,Mixed in water,NA,100,100,NA (water prepare < water consumption),132,3.64,"22,500",170.45,46.8,2,NA
28,117,Doxycycline,116,Doxycycline hyclate,Doxycycline (500g/1000g),0.82,150 g,Yes,Mixed in water,NA,100,40,615,122,3.63,"24,600",201.64,55.52,2,NA
28,117,Tilmicosin,116,Tilmicosin Phosphate,Tilmicosin (250 g/1lit),0.9,100 ml,Yes,Mixed in water,NA,100,40,225,122,3.63,"9,000",73.77,20.31,2,NA
29,117,Florfenicol,0,Florfenicol,Florfenicol (200 mg/1ml),1,50 ml,Yes,Mixed in water,NA,7,10,NA (water prepare < water consumption),"2,100",0.05,"10,000",4.76,23.36,2,NA
29,117,Florfenicol,1,Florfenicol,Florfenicol (200 mg/1ml),1,50 ml,Yes,Mixed in water,NA,7,10,NA (water prepare < water consumption),"2,100",0.05,"10,000",4.76,23.36,2,NA
29,117,Florfenicol,2,Florfenicol,Florfenicol (200 mg/1ml),1,50 ml,Yes,Mixed in water,NA,7,20,NA (water prepare < water consumption),"2,090",0.06,"10,000",4.78,23.36,2,NA
29,117,Enrofloxacin,13,Enrofloxacin Hydrochloride,Enrofloxacin (100mg/1ml),0.91,80ml,Yes,Mixed in water,NA,10,80,NA (water prepare < water consumption),"2,080",0.17,"7,280",3.5,23.54,2,NA
29,117,Enrofloxacin,14,Enrofloxacin Hydrochloride,Enrofloxacin (100mg/1ml),0.91,80 ml,Yes,Mixed in water,NA,10,80,NA (water prepare < water consumption),"2,080",0.18,"7,280",3.5,23.54,2,NA
29,117,Enrofloxacin,15,Enrofloxacin Hydrochloride,Enrofloxacin (100mg/1ml),0.91,80 ml,Yes,Mixed in water,NA,10,80,NA (water prepare < water consumption),"2,080",0.2,"7,280",3.5,23.54,2,NA
29,117,Amoxicillin,62,Amoxicillin trihydrate; Colistin sulfate,"Amoxicillin (640g/1000g); Colistin (3,200,000,000 IU/1000g)",0.87,200 g,Yes,Mixed in water,NA,150,350,NA (water prepare < water consumption),"2,074",1.37,"111,360",53.69,39.27,2,NA
29,117,Colistin,62,Amoxicillin trihydrate; Colistin sulfate,"Amoxicillin (640g/1000g); Colistin (3,200,000,000 IU/1000g)",1,200 g,Yes,Mixed in water,NA,150,350,NA (water prepare < water consumption),"2,074",1.37,"21,333",10.29,7.52,2,NA
29,117,Amoxicillin,63,Amoxicillin trihydrate; Colistin sulfate,"Amoxicillin (640g/1000g); Colistin (3,200,000,000 IU/1000g)",0.87,200 g,Yes,Mixed in water,NA,150,400,NA (water prepare < water consumption),"2,074",1.4,"111,360",53.69,38.44,2,NA
29,117,Colistin,63,Amoxicillin trihydrate; Colistin sulfate,"Amoxicillin (640g/1000g); Colistin (3,200,000,000 IU/1000g)",1,200 g,Yes,Mixed in water,NA,150,400,NA (water prepare < water consumption),"2,074",1.4,"21,333",10.29,7.36,2,NA
29,117,Amoxicillin,64,Amoxicillin trihydrate; Colistin sulfate,"Amoxicillin (640g/1000g); Colistin (3,200,000,000 IU/1000g)",0.87,200 g,Yes,Mixed in water,NA,150,400,NA (water prepare < water consumption),"2,074",1.43,"111,360",53.69,37.65,2,NA
29,117,Colistin,64,Amoxicillin trihydrate; Colistin sulfate,"Amoxicillin (640g/1000g); Colistin (3,200,000,000 IU/1000g)",1,200 g,Yes,Mixed in water,NA,150,400,NA (water prepare < water consumption),"2,074",1.43,"21,333",10.29,7.21,2,NA
29,117,Doxycycline,68,Doxycycline,Doxycycline (500g/1000g),1,200 g,Yes,Mixed in water,NA,180,600,NA (water prepare < water consumption),"2,074",1.54,"100,000",48.22,31.34,2,NA
29,117,Cefalexin,68,Cephalexin monohydrate,Cephalexin (500g/1kg),0.95,200 g,Yes,Mixed in water,NA,180,600,NA (water prepare < water consumption),"2,074",1.54,"95,000",45.81,29.77,2,NA
29,117,Cefalexin,69,Cephalexin monohydrate,Cephalexin (500g/1kg),0.95,200 g,Yes,Mixed in water,NA,180,300,NA (water prepare < water consumption),"2,074",1.56,"95,000",45.81,29.28,2,NA
29,117,Cefalexin,70,Cephalexin monohydrate,Cephalexin (500g/1kg),0.95,200 g,Yes,Mixed in water,NA,180,300,NA (water prepare < water consumption),874,1.59,"95,000",108.7,68.36,2,NA
30,115,Enrofloxacin,1,Enrofloxacin HCl,Enrofloxacin (100g/1lit),0.91,20 ml,Yes,Mixed in water,NA,20,10,91,"1,430",0.06,910,0.64,11,2,NA
30,115,Enrofloxacin,2,Enrofloxacin HCl,Enrofloxacin (100g/1lit),0.91,20 ml,Yes,Mixed in water,NA,20,15,91,"1,421",0.06,"1,365",0.96,15.12,2,NA
30,115,Enrofloxacin,3,Enrofloxacin HCl,Enrofloxacin (100g/1lit),0.91,20 ml,Yes,Mixed in water,NA,20,15,91,"1,413",0.07,"1,365",0.97,13.84,2,NA
30,115,Enrofloxacin,4,Enrofloxacin HCl,Enrofloxacin (100g/1lit),0.91,20 ml,Yes,Mixed in water,NA,20,20,NA (water prepare < water consumption),"1,405",0.08,"1,820",1.3,16.89,2,NA
30,115,Enrofloxacin,5,Enrofloxacin HCl,Enrofloxacin (100g/1lit),0.91,20 ml,Yes,Mixed in water,NA,20,20,NA (water prepare < water consumption),"1,405",0.08,"1,820",1.3,15.38,2,NA
30,115,Enrofloxacin,6,Enrofloxacin HCl,Enrofloxacin (100g/1lit),0.91,20 ml,Yes,Mixed in water,NA,20,20,NA (water prepare < water consumption),"1,405",0.09,"1,820",1.3,14,2,NA
30,115,Enrofloxacin,7,Enrofloxacin HCl,Enrofloxacin (100g/1lit),0.91,20 ml,Yes,Mixed in water,NA,20,40,NA (water prepare < water consumption),"1,405",0.1,"1,820",1.3,12.74,2,NA
30,115,Neomycin,8,Neomycin (Bycomycin); Sulphaguanidine,"Sulphaguanidine (2,000mg/100g); Neomycin (2,000mg/100g)",1,100 g,Yes,Mixed in water,NA,30,40,NA (water prepare < water consumption),"1,405",0.11,"2,000",1.42,12.75,2,NA
30,115,Sulphaguanidine,8,Neomycin (Bycomycin); Sulphaguanidine,"Sulphaguanidine (2,000mg/100g); Neomycin (2,000mg/100g)",1,100 g,Yes,Mixed in water,NA,30,40,NA (water prepare < water consumption),"1,405",0.11,"2,000",1.42,12.75,2,NA
30,115,Enrofloxacin,8,Enrofloxacin HCl,Enrofloxacin (100g/1lit),0.91,20 ml,Yes,Mixed in water,NA,20,40,NA (water prepare < water consumption),"1,405",0.11,"1,820",1.3,11.6,2,NA
30,115,Gentamicin,8,Gentamicin sulfate; Ampicillin Sodium,Gentamicin (40mg/1g); Ampicillin (30mg/1g),0.83,30 g,Yes,Mixed in water,NA,25,40,NA (water prepare < water consumption),"1,405",0.11,996,0.71,6.35,2,NA
30,115,Ampicillin,8,Gentamicin sulfate; Ampicillin Sodium,Gentamicin (40mg/1g); Ampicillin (30mg/1g),0.87,30 g,Yes,Mixed in water,NA,25,40,NA (water prepare < water consumption),"1,405",0.11,783,0.56,4.99,2,NA
30,115,Neomycin,9,Neomycin (Bycomycin); Sulphaguanidine,"Sulphaguanidine (2,000mg/100g); Neomycin (2,000mg/100g)",1,100 g,Yes,Mixed in water,NA,30,55,NA (water prepare < water consumption),"1,405",0.12,"2,000",1.42,11.6,2,NA
30,115,Sulphaguanidine,9,Neomycin (Bycomycin); Sulphaguanidine,"Sulphaguanidine (2,000mg/100g); Neomycin (2,000mg/100g)",1,100 g,Yes,Mixed in water,NA,30,55,NA (water prepare < water consumption),"1,405",0.12,"2,000",1.42,11.6,2,NA
30,115,Enrofloxacin,9,Enrofloxacin HCl,Enrofloxacin (100g/1lit),0.91,20 ml,Yes,Mixed in water,NA,20,55,NA (water prepare < water consumption),"1,405",0.12,"1,820",1.3,10.56,2,NA
30,115,Gentamicin,9,Gentamicin sulfate; Ampicillin Sodium,Gentamicin (40mg/1g); Ampicillin (30mg/1g),0.83,30g,Yes,Mixed in water,NA,25,55,NA (water prepare < water consumption),"1,405",0.12,996,0.71,5.78,2,NA
30,115,Ampicillin,9,Gentamicin sulfate; Ampicillin Sodium,Gentamicin (40mg/1g); Ampicillin (30mg/1g),0.87,30g,Yes,Mixed in water,NA,25,55,NA (water prepare < water consumption),"1,405",0.12,783,0.56,4.54,2,NA
30,115,Sulfadimerazine,17,Sulfadimerazine; Diaveridine,Sulfadimerazine (20.4g/100g); Diaveridine (2.6g/100g),1,100 g,Yes,Mixed in water,NA,20,80,NA (water prepare < water consumption),"1,399",0.25,"20,400",14.58,57.42,2,NA
30,115,Neomycin,17,Sulphaguanidine; Neomycin (Bycomycin),"Sulphaguanidine (2,000mg/100g); Neomycin (2,000mg/100g)",1,80g,Yes,Mixed in water,NA,20,80,NA (water prepare < water consumption),"1,399",0.25,"1,600",1.14,4.5,2,NA
30,115,Sulphaguanidine,17,Sulphaguanidine; Neomycin (Bycomycin),"Sulphaguanidine (2,000mg/100g); Neomycin (2,000mg/100g)",1,80g,Yes,Mixed in water,NA,20,80,NA (water prepare < water consumption),"1,399",0.25,"1,600",1.14,4.5,2,NA
30,115,Amoxicillin,19,Amoxicillin trihydrate ; Colistin sulfate,"Amoxicillin (500g/1000g); Colistin (2,000,000,000 IU/1000g)",0.87,20 g,Yes,Mixed in water,NA,20,80,NA (water prepare < water consumption),"1,399",0.29,"8,700",6.22,21.18,2,NA
30,115,Florfenicol,19,Florfenicol; Doxycycline,Florfenicol (200 mg/1ml); Doxycycline (100 mg/1ml),1,30 ml,Yes,Mixed in water,NA,20,80,NA (water prepare < water consumption),"1,399",0.29,"6,000",4.29,14.61,2,NA
30,115,Doxycycline,19,Florfenicol; Doxycycline,Florfenicol (200 mg/1ml); Doxycycline (100 mg/1ml),1,30 ml,Yes,Mixed in water,NA,20,80,NA (water prepare < water consumption),"1,399",0.29,"3,000",2.14,7.3,2,NA
30,115,Colistin,19,Amoxicillin trihydrate ; Colistin sulfate,"Amoxicillin (500g/1000g); Colistin (2,000,000,000 IU/1000g)",1,20 g,Yes,Mixed in water,NA,20,80,NA (water prepare < water consumption),"1,399",0.29,"1,333",0.95,3.25,2,NA
30,115,Amoxicillin,20,Amoxicillin trihydrate ; Colistin sulfate,"Amoxicillin (500g/1000g); Colistin (2,000,000,000 IU/1000g)",0.87,20 g,Yes,Mixed in water,NA,20,80,NA (water prepare < water consumption),"1,399",0.31,"8,700",6.22,19.86,2,NA
30,115,Florfenicol,20,Florfenicol; Doxycycline,Florfenicol (200 mg/1ml); Doxycycline (100 mg/1ml),1,30 ml,Yes,Mixed in water,NA,20,80,NA (water prepare < water consumption),"1,399",0.31,"6,000",4.29,13.7,2,NA
30,115,Doxycycline,20,Florfenicol; Doxycycline,Florfenicol (200 mg/1ml); Doxycycline (100 mg/1ml),1,30 ml,Yes,Mixed in water,NA,20,80,NA (water prepare < water consumption),"1,399",0.31,"3,000",2.14,6.85,2,NA
30,115,Colistin,20,Amoxicillin trihydrate ; Colistin sulfate,"Amoxicillin (500g/1000g); Colistin (2,000,000,000 IU/1000g)",1,20 g,Yes,Mixed in water,NA,20,80,NA (water prepare < water consumption),"1,399",0.31,"1,333",0.95,3.04,2,NA
30,115,Amoxicillin,21,Amoxicillin trihydrate ; Colistin sulfate,"Amoxicillin (500g/1000g); Colistin (2,000,000,000 IU/1000g)",0.87,20 g,Yes,Mixed in water,NA,20,100,NA (water prepare < water consumption),"1,399",0.33,"8,700",6.22,18.72,2,NA
30,115,Florfenicol,21,Florfenicol; Doxycycline,Florfenicol (200 mg/1ml); Doxycycline (100 mg/1ml),1,30 ml,Yes,Mixed in water,NA,20,100,NA (water prepare < water consumption),"1,399",0.33,"6,000",4.29,12.91,2,NA
30,115,Doxycycline,21,Florfenicol; Doxycycline,Florfenicol (200 mg/1ml); Doxycycline (100 mg/1ml),1,30 ml,Yes,Mixed in water,NA,20,100,NA (water prepare < water consumption),"1,399",0.33,"3,000",2.14,6.45,2,NA
30,115,Colistin,21,Amoxicillin trihydrate ; Colistin sulfate,"Amoxicillin (500g/1000g); Colistin (2,000,000,000 IU/1000g)",1,20 g,Yes,Mixed in water,NA,20,100,NA (water prepare < water consumption),"1,399",0.33,"1,333",0.95,2.87,2,NA
30,115,Sulfadimerazine,23,Sulfadimerazine; Diaveridine,Sulfadimerazine (20.4g/100g); Diaveridine (2.6g/100g),1,120 g,Yes,Mixed in water,NA,30,100,NA (water prepare < water consumption),"1,399",0.37,"24,480",17.5,47.43,2,NA
30,115,Neomycin,25,Sulphaguanidine; Neomycin (Bycomycin),"Sulphaguanidine (2,000mg/100g); Neomycin (2,000mg/100g)",1,100 g,Yes,Mixed in water,NA,30,100,NA (water prepare < water consumption),"1,399",0.4,"2,000",1.43,3.55,2,NA
30,115,Sulphaguanidine,25,Sulphaguanidine; Neomycin (Bycomycin),"Sulphaguanidine (2,000mg/100g); Neomycin (2,000mg/100g)",1,100 g,Yes,Mixed in water,NA,30,100,NA (water prepare < water consumption),"1,399",0.4,"2,000",1.43,3.55,2,NA
30,115,Neomycin,26,Sulphaguanidine; Neomycin (Bycomycin),"Sulphaguanidine (2,000mg/100g); Neomycin (2,000mg/100g)",1,100 g,Yes,Mixed in water,NA,30,100,NA (water prepare < water consumption),"1,399",0.42,"2,000",1.43,3.41,2,NA
30,115,Sulphaguanidine,26,Sulphaguanidine; Neomycin (Bycomycin),"Sulphaguanidine (2,000mg/100g); Neomycin (2,000mg/100g)",1,100 g,Yes,Mixed in water,NA,30,100,NA (water prepare < water consumption),"1,399",0.42,"2,000",1.43,3.41,2,NA
30,115,Amoxicillin,27,Amoxicillin trihydrate ; Colistin sulfate,"Amoxicillin (500g/1000g); Colistin (2,000,000,000 IU/1000g)",0.87,30 g,Yes,Mixed in water,NA,40,120,NA (water prepare < water consumption),"1,397",0.43,"13,050",9.34,21.49,2,NA
30,115,Florfenicol,27,Florfenicol; Doxycycline,Florfenicol (200 mg/1ml); Doxycycline (100 mg/1ml),1,50 ml,Yes,Mixed in water,NA,40,120,NA (water prepare < water consumption),"1,397",0.43,"10,000",7.16,16.47,2,NA
30,115,Doxycycline,27,Florfenicol; Doxycycline,Florfenicol (200 mg/1ml); Doxycycline (100 mg/1ml),1,50 ml,Yes,Mixed in water,NA,40,120,NA (water prepare < water consumption),"1,397",0.43,"5,000",3.58,8.23,2,NA
30,115,Colistin,27,Amoxicillin trihydrate ; Colistin sulfate,"Amoxicillin (500g/1000g); Colistin (2,000,000,000 IU/1000g)",1,30 g,Yes,Mixed in water,NA,40,120,NA (water prepare < water consumption),"1,397",0.43,"2,000",1.43,3.29,2,NA
30,115,Amoxicillin,28,Amoxicillin trihydrate ; Colistin sulfate,"Amoxicillin (500g/1000g); Colistin (2,000,000,000 IU/1000g)",0.87,30 g,Yes,Mixed in water,NA,40,120,NA (water prepare < water consumption),"1,397",0.45,"13,050",9.34,20.78,2,NA
30,115,Florfenicol,28,Florfenicol; Doxycycline,Florfenicol (200 mg/1ml); Doxycycline (100 mg/1ml),1,50 ml,Yes,Mixed in water,NA,40,120,NA (water prepare < water consumption),"1,397",0.45,"10,000",7.16,15.92,2,NA
30,115,Doxycycline,28,Florfenicol; Doxycycline,Florfenicol (200 mg/1ml); Doxycycline (100 mg/1ml),1,50 ml,Yes,Mixed in water,NA,40,120,NA (water prepare < water consumption),"1,397",0.45,"5,000",3.58,7.96,2,NA
30,115,Colistin,28,Amoxicillin trihydrate ; Colistin sulfate,"Amoxicillin (500g/1000g); Colistin (2,000,000,000 IU/1000g)",1,30 g,Yes,Mixed in water,NA,40,120,NA (water prepare < water consumption),"1,397",0.45,"2,000",1.43,3.18,2,NA
30,115,Amoxicillin,47,Amoxicillin trihydrate; Colistin sulfate,"Amoxicillin (640g/1000g); Colistin (3,200,000,000 IU/1000g)",0.87,100g,Yes,Mixed in water,NA,80,200,NA (water prepare < water consumption),"1,395",0.87,"55,680",39.91,46.01,2,NA
30,115,Colistin,47,Amoxicillin trihydrate; Colistin sulfate,"Amoxicillin (640g/1000g); Colistin (3,200,000,000 IU/1000g)",1,100g,Yes,Mixed in water,NA,80,200,NA (water prepare < water consumption),"1,395",0.87,"10,667",7.65,8.81,2,NA
30,115,Amoxicillin,48,Amoxicillin trihydrate; Colistin sulfate,"Amoxicillin (640g/1000g); Colistin (3,200,000,000 IU/1000g)",0.87,100g,Yes,Mixed in water,NA,80,200,NA (water prepare < water consumption),"1,395",0.89,"55,680",39.91,44.63,2,NA
30,115,Colistin,48,Amoxicillin trihydrate; Colistin sulfate,"Amoxicillin (640g/1000g); Colistin (3,200,000,000 IU/1000g)",1,100g,Yes,Mixed in water,NA,80,200,NA (water prepare < water consumption),"1,395",0.89,"10,667",7.65,8.55,2,NA
30,115,Amoxicillin,49,Amoxicillin trihydrate; Colistin sulfate,"Amoxicillin (640g/1000g); Colistin (3,200,000,000 IU/1000g)",0.87,100g,Yes,Mixed in water,NA,80,200,NA (water prepare < water consumption),"1,395",0.92,"55,680",39.91,43.37,2,NA
30,115,Colistin,49,Amoxicillin trihydrate; Colistin sulfate,"Amoxicillin (640g/1000g); Colistin (3,200,000,000 IU/1000g)",1,100g,Yes,Mixed in water,NA,80,200,NA (water prepare < water consumption),"1,395",0.92,"10,667",7.65,8.31,2,NA
30,115,Sulfamonomethoxine_TMP,63,Sulfamonomethoxine sodium;  Trimethoprim,Sulfamonomethoxine (500g/1000g); Trimethoprim (80g/1000g),0.93,100 g,Yes,Mixed in water,NA,80,280,NA (water prepare < water consumption),"1,392",1.17,"46,500",33.41,28.52,2,NA
30,115,Trimethoprim,63,Sulfamonomethoxine; Trimethoprim,Sulfamonomethoxine (500g/1000g); Trimethoprim (80g/1000g),1,100 g,Yes,Mixed in water,NA,80,280,NA (water prepare < water consumption),"1,392",1.17,"8,000",5.75,4.91,2,NA
30,115,Sulfamonomethoxine_TMP,64,Sulfamonomethoxine sodium;  Trimethoprim,Sulfamonomethoxine (500g/1000g); Trimethoprim (80g/1000g),0.93,100 g,Yes,Mixed in water,NA,80,280,NA (water prepare < water consumption),"1,392",1.19,"46,500",33.41,28.15,2,NA
30,115,Trimethoprim,64,Sulfamonomethoxine; Trimethoprim,Sulfamonomethoxine (500g/1000g); Trimethoprim (80g/1000g),1,100 g,Yes,Mixed in water,NA,80,280,NA (water prepare < water consumption),"1,392",1.19,"8,000",5.75,4.84,2,NA
30,115,Sulfamonomethoxine_TMP,65,Sulfamonomethoxine sodium;  Trimethoprim,Sulfamonomethoxine (500g/1000g); Trimethoprim (80g/1000g),0.93,100 g,Yes,Mixed in water,NA,80,280,NA (water prepare < water consumption),"1,392",1.2,"46,500",33.41,27.79,2,NA
30,115,Trimethoprim,65,Sulfamonomethoxine; Trimethoprim,Sulfamonomethoxine (500g/1000g); Trimethoprim (80g/1000g),1,100 g,Yes,Mixed in water,NA,80,280,NA (water prepare < water consumption),"1,392",1.2,"8,000",5.75,4.78,2,NA
30,115,Amoxicillin,75,Amoxicillin trihydrate; Colistin sulfate,"Amoxicillin (50g/100g); Colistin (200,000,000 IU/100g)",0.87,100 g,Yes,Mixed in water,NA,80,360,NA (water prepare < water consumption),"1,392",1.41,"43,500",31.25,22.12,2,NA
30,115,Colistin,75,Amoxicillin trihydrate; Colistin sulfate,"Amoxicillin (50g/100g); Colistin (200,000,000 IU/100g)",1,100 g,Yes,Mixed in water,NA,80,360,NA (water prepare < water consumption),"1,392",1.41,"6,667",4.79,3.39,2,NA
30,115,Amoxicillin,83,Amoxicillin trihydrate; Colistin sulfate,"Amoxicillin (640g/1000g); Colistin (3,200,000,000 IU/1000g)",0.87,250 g,Yes,Mixed in water,NA,120,360,NA (water prepare < water consumption),"1,392",1.74,"139,200",100,57.32,2,NA
30,115,Colistin,83,Amoxicillin trihydrate; Colistin sulfate,"Amoxicillin (640g/1000g); Colistin (3,200,000,000 IU/1000g)",1,250 g,Yes,Mixed in water,NA,120,360,NA (water prepare < water consumption),"1,392",1.74,"26,667",19.16,10.98,2,NA
30,115,Amoxicillin,84,Amoxicillin trihydrate; Colistin sulfate,"Amoxicillin (640g/1000g); Colistin (3,200,000,000 IU/1000g)",0.87,250 g,Yes,Mixed in water,NA,120,360,NA (water prepare < water consumption),"1,392",1.8,"139,200",100,55.64,2,NA
30,115,Colistin,84,Amoxicillin trihydrate; Colistin sulfate,"Amoxicillin (640g/1000g); Colistin (3,200,000,000 IU/1000g)",1,250 g,Yes,Mixed in water,NA,120,360,NA (water prepare < water consumption),"1,392",1.8,"26,667",19.16,10.66,2,NA
30,115,Amoxicillin,85,Amoxicillin trihydrate; Colistin sulfate,"Amoxicillin (640g/1000g); Colistin (3,200,000,000 IU/1000g)",0.87,250 g,Yes,Mixed in water,NA,120,360,NA (water prepare < water consumption),"1,392",1.85,"139,200",100,53.99,2,NA
30,115,Colistin,85,Amoxicillin trihydrate; Colistin sulfate,"Amoxicillin (640g/1000g); Colistin (3,200,000,000 IU/1000g)",1,250 g,Yes,Mixed in water,NA,120,360,NA (water prepare < water consumption),"1,392",1.85,"26,667",19.16,10.34,2,NA
30,115,Doxycycline,88,Doxycycline,Doxycycline (500g/1000g),1,100 g,Yes,Mixed in water,NA,120,360,NA (water prepare < water consumption),"1,392",2.03,"50,000",35.92,17.74,2,NA
30,115,Doxycycline,89,Doxycycline,Doxycycline (500g/1000g),1,100 g,Yes,Mixed in water,NA,120,360,NA (water prepare < water consumption),"1,392",2.08,"50,000",35.92,17.24,2,NA
31,155,Enrofloxacin,1,Enrofloxacin,Enrofloxacin (100mg/1ml),1,50ml,Yes,Mixed in water,NA,5,3,"1,000","2,150",0.04,"3,000",1.4,34.22,2,NA
31,155,Enrofloxacin,2,Enrofloxacin,Enrofloxacin (100mg/1ml),1,50ml,Yes,Mixed in water,NA,5,5,NA (water prepare < water consumption),"2,140",0.04,"5,000",2.34,53.14,2,NA
31,155,Enrofloxacin,3,Enrofloxacin,Enrofloxacin (100mg/1ml),1,50ml,Yes,Mixed in water,NA,5,5,NA (water prepare < water consumption),"2,131",0.05,"5,000",2.35,49.49,2,NA
31,155,Enrofloxacin,13,Enrofloxacin,Enrofloxacin (100mg/1ml),1,50 ml,Yes,Mixed in water,NA,10,40,NA (water prepare < water consumption),"2,109",0.1,"5,000",2.37,23.39,2,NA
31,155,Enrofloxacin,14,Enrofloxacin,Enrofloxacin (100mg/1ml),1,50 ml,Yes,Mixed in water,NA,10,40,NA (water prepare < water consumption),"2,108",0.11,"5,000",2.37,21.7,2,NA
31,155,Enrofloxacin,15,Enrofloxacin,Enrofloxacin (100mg/1ml),1,50 ml,Yes,Mixed in water,NA,10,60,NA (water prepare < water consumption),"2,105",0.12,"5,000",2.38,20.18,2,NA
31,155,Enrofloxacin,19,Enrofloxacin,Enrofloxacin (100mg/1ml),1,50 ml,Yes,Mixed in water,NA,10,140,NA (water prepare < water consumption),"2,105",0.15,"5,000",2.38,15.57,2,NA
31,155,Enrofloxacin,20,Enrofloxacin,Enrofloxacin (100mg/1ml),1,50 ml,Yes,Mixed in water,NA,10,160,NA (water prepare < water consumption),"2,100",0.16,"5,000",2.38,14.77,2,NA
31,155,Enrofloxacin,21,Enrofloxacin,Enrofloxacin (100mg/1ml),1,50 ml,Yes,Mixed in water,NA,10,160,NA (water prepare < water consumption),"2,100",0.17,"5,000",2.38,14.03,2,NA
31,155,Amoxicillin,89,Amoxicillin trihydrate,Amoxicillin (50g/100g),1,200g,Yes,Mixed in water,NA,100,400,NA (water prepare < water consumption),"2,054",1.04,"100,000",48.69,46.82,1,Blackhead disease
55,152,Florfenicol,12,Florfenicol,Florfenicol (200mg/1ml),1,50ml,Yes,Mixed in water,NA,30,80,NA (water prepare < water consumption),"2,952",0.12,"10,000",3.39,23.36,2,NA
31,155,Amoxicillin,90,Amoxicillin trihydrate,Amoxicillin (50g/100g),1,200g,Yes,Mixed in water,NA,100,400,NA (water prepare < water consumption),"2,054",1.05,"100,000",48.69,46.28,1,Diarrhea
55,152,Florfenicol,13,Florfenicol,Florfenicol (200mg/1ml),1,50ml,Yes,Mixed in water,NA,30,90,NA (water prepare < water consumption),"2,951",0.13,"10,000",3.39,23.36,2,NA
31,155,Amoxicillin,91,Amoxicillin trihydrate,Amoxicillin (50g/100g),1,200g,Yes,Mixed in water,NA,100,400,NA (water prepare < water consumption),"2,052",1.06,"100,000",48.73,45.82,1,Diarrhea
55,152,Florfenicol,14,Florfenicol,Florfenicol (200mg/1ml),1,50ml,Yes,Mixed in water,NA,30,100,NA (water prepare < water consumption),"2,949",0.14,"10,000",3.39,23.36,2,NA
32,159,Enrofloxacin,2,Enrofloxacin,Enrofloxacin (100mg/1ml),1,100ml,Yes,Mixed in water,NA,5,5,NA (water prepare < water consumption),"2,070",0.05,"10,000",4.83,99.61,2,NA
32,159,Enrofloxacin,3,Enrofloxacin,Enrofloxacin (100mg/1ml),1,100ml,Yes,Mixed in water,NA,5,5,NA (water prepare < water consumption),"2,058",0.05,"10,000",4.86,94.96,2,NA
32,159,Enrofloxacin,13,Enrofloxacin,Enrofloxacin (10.0g/100ml),1,100ml,Yes,Mixed in water,NA,10,30,NA (water prepare < water consumption),"2,028",0.09,"10,000",4.93,56.08,1,Waxy stool
32,159,Enrofloxacin,14,Enrofloxacin,Enrofloxacin (10.0g/100ml),1,100ml,Yes,Mixed in water,NA,10,35,NA (water prepare < water consumption),"2,028",0.09,"10,000",4.93,53.15,1,Waxy stool
32,159,Enrofloxacin,15,Enrofloxacin,Enrofloxacin (10.0g/100ml),1,100ml,Yes,Mixed in water,NA,10,40,NA (water prepare < water consumption),"2,027",0.1,"10,000",4.93,50.49,1,Waxy stool
32,159,Amoxicillin,79,Amoxicillin trihydrate,Amoxicillin (50g/100g),1,200g,Yes,Mixed in water,NA,100,260,NA (water prepare < water consumption),"2,001",0.68,"100,000",49.98,73.56,1,Diarrhea
32,159,Amoxicillin,80,Amoxicillin trihydrate,Amoxicillin (50g/100g),1,200g,Yes,Mixed in water,NA,100,260,NA (water prepare < water consumption),"2,001",0.69,"100,000",49.98,72.22,1,Diarrhea
32,159,Amoxicillin,81,Amoxicillin trihydrate,Amoxicillin (50g/100g),1,200g,Yes,Mixed in water,NA,100,260,NA (water prepare < water consumption),"2,001",0.7,"100,000",49.98,70.91,1,Diarrhea
32,159,Doxycycline,85,Doxycycline hyclate,Doxycycline (500mg/1g),0.82,200g,Yes,Mixed in water,NA,100,280,NA (water prepare < water consumption),"2,001",0.76,"82,000",40.98,22.41,1,Asthma
32,159,Doxycycline,86,Doxycycline hyclate,Doxycycline (500mg/1g),0.82,200g,Yes,Mixed in water,NA,100,280,NA (water prepare < water consumption),"2,001",0.77,"82,000",40.98,22.41,1,Asthma
32,159,Doxycycline,87,Doxycycline hyclate,Doxycycline (500mg/1g),0.82,200g,Yes,Mixed in water,NA,100,280,NA (water prepare < water consumption),"2,001",0.78,"82,000",40.98,22.41,1,Asthma
32,159,Doxycycline,88,Doxycycline hyclate,Doxycycline (500mg/1g),0.82,200g,Yes,Mixed in water,NA,100,280,NA (water prepare < water consumption),"2,001",0.8,"82,000",40.98,22.41,1,Asthma
32,159,Doxycycline,89,Doxycycline hyclate,Doxycycline (500mg/1g),0.82,200g,Yes,Mixed in water,NA,NA,290,NA (water prepare < water consumption),"2,001",0.81,"82,000",40.98,22.41,1,Asthma
33,149,Florfenicol,3,Florfenicol,Florfenicol (200 mg/1ml),1,30ml,Yes,Mixed in water,NA,5,8,NA (water prepare < water consumption),"1,092",0.05,"6,000",5.49,23.36,2,NA
33,149,Florfenicol,4,Florfenicol,Florfenicol (200 mg/1ml),1,30ml,Yes,Mixed in water,NA,5,15,NA (water prepare < water consumption),"1,091",0.06,"6,000",5.5,23.36,2,NA
33,149,Florfenicol,5,Florfenicol,Florfenicol (200 mg/1ml),1,30ml,Yes,Mixed in water,NA,10,15,NA (water prepare < water consumption),"1,091",0.06,"6,000",5.5,23.36,2,NA
33,149,Doxycycline,19,Doxycycline hyclate,Doxycycline (500mg/1g),0.82,50g,Yes,Mixed in water,NA,20,60,NA (water prepare < water consumption),"1,077",0.19,"20,500",19.03,22.41,2,NA
33,149,Doxycycline,20,Doxycycline hyclate,Doxycycline (500mg/1g),0.82,50g,Yes,Mixed in water,NA,20,60,NA (water prepare < water consumption),"1,077",0.2,"20,500",19.03,22.41,2,NA
33,149,Doxycycline,21,Doxycycline hyclate,Doxycycline (500mg/1g),0.82,50g,Yes,Mixed in water,NA,20,70,NA (water prepare < water consumption),"1,076",0.21,"20,500",19.05,22.41,2,NA
33,149,Doxycycline,22,Doxycycline hyclate,Doxycycline (500mg/1g),0.82,50g,Yes,Mixed in water,NA,20,80,NA (water prepare < water consumption),"1,074",0.23,"20,500",19.09,22.41,2,NA
33,149,Doxycycline,60,Doxycycline hyclate,Doxycycline (500mg/1g),0.82,100g,Yes,Mixed in water,NA,100,180,NA (water prepare < water consumption),"1,041",0.79,"41,000",39.39,22.41,1,Diarrhea
33,149,Doxycycline,61,Doxycycline hyclate,Doxycycline (500mg/1g),0.82,100g,Yes,Mixed in water,NA,100,180,NA (water prepare < water consumption),"1,041",0.81,"41,000",39.39,22.41,1,Diarrhea
33,149,Doxycycline,62,Doxycycline hyclate,Doxycycline (500mg/1g),0.82,100g,Yes,Mixed in water,NA,100,180,NA (water prepare < water consumption),"1,041",0.83,"41,000",39.39,22.41,1,Diarrhea
33,149,Doxycycline,63,Doxycycline hyclate,Doxycycline (500mg/1g),0.82,100g,Yes,Mixed in water,NA,100,180,NA (water prepare < water consumption),"1,041",0.84,"41,000",39.39,22.41,1,Diarrhea
33,149,Doxycycline,64,Doxycycline hyclate,Doxycycline (500mg/1g),0.82,100g,Yes,Mixed in water,NA,100,180,NA (water prepare < water consumption),"1,041",0.86,"41,000",39.39,22.41,1,Diarrhea
33,149,Doxycycline,65,Doxycycline hyclate,Doxycycline (500mg/1g),0.82,100g,Yes,Mixed in water,NA,100,190,NA (water prepare < water consumption),938,0.88,"41,000",43.71,22.41,1,Diarrhea
33,149,Doxycycline,78,Doxycycline hyclate,Doxycycline (500mg/1g),0.82,100g,Yes,Mixed in water,NA,100,200,NA (water prepare < water consumption),839,1.09,"41,000",48.87,22.41,1,Diarrhea
33,149,Doxycycline,79,Doxycycline hyclate,Doxycycline (500mg/1g),0.82,100g,Yes,Mixed in water,NA,100,200,NA (water prepare < water consumption),839,1.11,"41,000",48.87,22.41,1,Diarrhea
33,149,Doxycycline,80,Doxycycline hyclate,Doxycycline (500mg/1g),0.82,100g,Yes,Mixed in water,NA,100,200,NA (water prepare < water consumption),839,1.13,"41,000",48.87,22.41,1,Diarrhea
33,149,Doxycycline,81,Doxycycline hyclate,Doxycycline (500mg/1g),0.82,100g,Yes,Mixed in water,NA,100,200,NA (water prepare < water consumption),839,1.15,"41,000",48.87,22.41,1,Diarrhea
33,149,Doxycycline,82,Doxycycline hyclate,Doxycycline (500mg/1g),0.82,100g,Yes,Mixed in water,NA,100,200,NA (water prepare < water consumption),839,1.17,"41,000",48.87,22.41,1,Diarrhea
8,114,Florfenicol,26,"Florfenicol, Doxycycline hyclate",Florfenicol (10g/100g); Doxycycline (10g/100g),1,100 g,Yes,Mixed in water,NA,50,120,NA (water prepare < water consumption),"1,485",0.47,"10,000",6.73,14.28,1,Asthma
8,114,Doxycycline,26,"Florfenicol, Doxycycline hyclate",Florfenicol (10g/100g); Doxycycline (10g/100g),0.82,100 g,Yes,Mixed in water,NA,50,120,NA (water prepare < water consumption),"1,485",0.47,"8,200",5.52,11.71,1,Asthma
8,114,Florfenicol,27,"Florfenicol, Doxycycline hyclate",Florfenicol (10g/100g); Doxycycline (10g/100g),1,100 g,Yes,Mixed in water,NA,50,120,NA (water prepare < water consumption),"1,485",0.49,"10,000",6.73,13.79,1,Asthma
8,114,Doxycycline,27,"Florfenicol, Doxycycline hyclate",Florfenicol (10g/100g); Doxycycline (10g/100g),0.82,100 g,Yes,Mixed in water,NA,50,120,NA (water prepare < water consumption),"1,485",0.49,"8,200",5.52,11.31,1,Asthma
8,114,Florfenicol,28,"Florfenicol, Doxycycline hyclate",Florfenicol (10g/100g); Doxycycline (10g/100g),1,100 g,Yes,Mixed in water,NA,50,120,NA (water prepare < water consumption),"1,485",0.5,"10,000",6.73,13.35,1,Asthma
8,114,Doxycycline,28,"Florfenicol, Doxycycline hyclate",Florfenicol (10g/100g); Doxycycline (10g/100g),0.82,100 g,Yes,Mixed in water,NA,50,120,NA (water prepare < water consumption),"1,485",0.5,"8,200",5.52,10.95,1,Asthma
33,149,Doxycycline,89,"Florfenicol, Doxycycline hyclate",Florfenicol (100 mg/1g); Doxycycline (200mg/1g),0.82,250g,Yes,Mixed in water,NA,130,220,NA (water prepare < water consumption),839,1.3,"41,000",48.87,37.54,1,Asthma
33,149,Florfenicol,89,"Florfenicol, Doxycycline hyclate",Florfenicol (100 mg/1g); Doxycycline (200mg/1g),1,250g,Yes,Mixed in water,NA,130,220,NA (water prepare < water consumption),839,1.3,"25,000",29.8,22.89,1,Asthma
33,149,Doxycycline,90,"Florfenicol, Doxycycline hyclate",Florfenicol (100 mg/1g); Doxycycline (200mg/1g),0.82,250g,Yes,Mixed in water,NA,130,220,NA (water prepare < water consumption),839,1.32,"41,000",48.87,37.06,1,Asthma
33,149,Florfenicol,90,"Florfenicol, Doxycycline hyclate",Florfenicol (100 mg/1g); Doxycycline (200mg/1g),1,250g,Yes,Mixed in water,NA,130,220,NA (water prepare < water consumption),839,1.32,"25,000",29.8,22.6,1,Asthma
34,128,Ampicillin,2,Ampicillin trihydrate; Colistin sulfate,"Ampicillin (100g/1kg); Colistin (25,000,000 IU/1kg)",0.87,20g,Yes,Mixed in water,NA,5,20,NA (water prepare < water consumption),509,0.05,"1,740",3.42,69.21,2,NA
34,128,Colistin,2,Ampicillin trihydrate; Colistin sulfate,"Ampicillin (100g/1kg); Colistin (25,000,000 IU/1kg)",1,20g,Yes,Mixed in water,NA,5,20,NA (water prepare < water consumption),509,0.05,17,0.03,0.66,2,NA
34,128,Ampicillin,3,Ampicillin trihydrate; Colistin sulfate,"Ampicillin (100g/1kg); Colistin (25,000,000 IU/1kg)",0.87,20g,Yes,Mixed in water,NA,5,20,NA (water prepare < water consumption),509,0.05,"1,740",3.42,64.1,2,NA
34,128,Colistin,3,Ampicillin trihydrate; Colistin sulfate,"Ampicillin (100g/1kg); Colistin (25,000,000 IU/1kg)",1,20g,Yes,Mixed in water,NA,5,20,NA (water prepare < water consumption),509,0.05,17,0.03,0.61,2,NA
34,128,Ampicillin,4,Ampicillin trihydrate; Colistin sulfate,"Ampicillin (100g/1kg); Colistin (25,000,000 IU/1kg)",0.87,20g,Yes,Mixed in water,NA,5,25,NA (water prepare < water consumption),509,0.06,"1,740",3.42,59.37,2,NA
34,128,Colistin,4,Ampicillin trihydrate; Colistin sulfate,"Ampicillin (100g/1kg); Colistin (25,000,000 IU/1kg)",1,20g,Yes,Mixed in water,NA,5,25,NA (water prepare < water consumption),509,0.06,17,0.03,0.57,2,NA
34,128,Ampicillin,5,Ampicillin trihydrate; Colistin sulfate,"Ampicillin (100g/1kg); Colistin (25,000,000 IU/1kg)",0.87,20g,Yes,Mixed in water,NA,5,30,NA (water prepare < water consumption),509,0.06,"1,740",3.42,54.99,2,NA
34,128,Colistin,5,Ampicillin trihydrate; Colistin sulfate,"Ampicillin (100g/1kg); Colistin (25,000,000 IU/1kg)",1,20g,Yes,Mixed in water,NA,5,30,NA (water prepare < water consumption),509,0.06,17,0.03,0.53,2,NA
34,128,Ampicillin,6,Ampicillin trihydrate; Colistin sulfate,"Ampicillin (100g/1kg); Colistin (25,000,000 IU/1kg)",0.87,20g,Yes,Mixed in water,NA,5,30,NA (water prepare < water consumption),504,0.07,"1,740",3.45,51.44,2,NA
34,128,Colistin,6,Ampicillin trihydrate; Colistin sulfate,"Ampicillin (100g/1kg); Colistin (25,000,000 IU/1kg)",1,20g,Yes,Mixed in water,NA,5,30,NA (water prepare < water consumption),504,0.07,17,0.03,0.49,2,NA
34,128,Ampicillin,19,"Ampicillin trihydrate, Colistin sulfate","Ampicillin (10,000mg/100g); Colistin (25,000,000 IU/100g)",0.87,20g,Yes,Mixed in water,NA,10,55,NA (water prepare < water consumption),501,0.18,"1,740",3.47,19.78,2,NA
34,128,Colistin,19,"Ampicillin trihydrate, Colistin","Ampicillin (10,000mg/100g); Colistin (25,000,000 IU/100g)",1,20g,Yes,Mixed in water,NA,10,55,NA (water prepare < water consumption),501,0.18,167,0.33,1.89,2,NA
34,128,Ampicillin,20,"Ampicillin trihydrate, Colistin sulfate","Ampicillin (10,000mg/100g); Colistin (25,000,000 IU/100g)",0.87,20g,Yes,Mixed in water,NA,10,60,NA (water prepare < water consumption),501,0.19,"1,740",3.47,18.69,2,NA
34,128,Colistin,20,"Ampicillin trihydrate, Colistin","Ampicillin (10,000mg/100g); Colistin (25,000,000 IU/100g)",1,20g,Yes,Mixed in water,NA,10,60,NA (water prepare < water consumption),501,0.19,167,0.33,1.79,2,NA
34,128,Ampicillin,21,"Ampicillin trihydrate, Colistin sulfate","Ampicillin (10,000mg/100g); Colistin (25,000,000 IU/100g)",0.87,20g,Yes,Mixed in water,NA,10,60,NA (water prepare < water consumption),501,0.2,"1,740",3.47,17.72,2,NA
34,128,Colistin,21,"Ampicillin trihydrate, Colistin","Ampicillin (10,000mg/100g); Colistin (25,000,000 IU/100g)",1,20g,Yes,Mixed in water,NA,10,60,NA (water prepare < water consumption),501,0.2,167,0.33,1.7,2,NA
34,128,Ampicillin,22,"Ampicillin trihydrate, Colistin sulfate","Ampicillin (10,000mg/100g); Colistin (25,000,000 IU/100g)",0.87,20g,Yes,Mixed in water,NA,10,60,NA (water prepare < water consumption),501,0.21,"1,740",3.47,16.86,2,NA
34,128,Colistin,22,"Ampicillin trihydrate, Colistin","Ampicillin (10,000mg/100g); Colistin (25,000,000 IU/100g)",1,20g,Yes,Mixed in water,NA,10,60,NA (water prepare < water consumption),501,0.21,167,0.33,1.62,2,NA
34,128,Ampicillin,23,"Ampicillin trihydrate, Colistin sulfate","Ampicillin (10,000mg/100g); Colistin (25,000,000 IU/100g)",0.87,20g,Yes,Mixed in water,NA,10,60,NA (water prepare < water consumption),501,0.22,"1,740",3.47,16.09,2,NA
34,128,Colistin,23,"Ampicillin trihydrate, Colistin","Ampicillin (10,000mg/100g); Colistin (25,000,000 IU/100g)",1,20g,Yes,Mixed in water,NA,10,60,NA (water prepare < water consumption),501,0.22,167,0.33,1.54,2,NA
34,128,Ampicillin,24,"Ampicillin trihydrate, Colistin sulfate","Ampicillin (10,000mg/100g); Colistin (25,000,000 IU/100g)",0.87,20g,Yes,Mixed in water,NA,10,60,NA (water prepare < water consumption),501,0.23,"1,740",3.47,15.39,2,NA
34,128,Colistin,24,"Ampicillin trihydrate, Colistin","Ampicillin (10,000mg/100g); Colistin (25,000,000 IU/100g)",1,20g,Yes,Mixed in water,NA,10,60,NA (water prepare < water consumption),501,0.23,167,0.33,1.47,2,NA
33,149,Doxycycline,91,"Florfenicol, Doxycycline hyclate",Florfenicol (100 mg/1g); Doxycycline (200mg/1g),0.82,250g,Yes,Mixed in water,NA,130,220,NA (water prepare < water consumption),839,1.33,"41,000",48.87,36.61,1,Asthma
33,149,Florfenicol,91,"Florfenicol, Doxycycline hyclate",Florfenicol (100 mg/1g); Doxycycline (200mg/1g),1,250g,Yes,Mixed in water,NA,130,220,NA (water prepare < water consumption),839,1.33,"25,000",29.8,22.33,1,Asthma
33,149,Doxycycline,93,"Florfenicol, Doxycycline hyclate",Florfenicol (100 mg/1g); Doxycycline (200mg/1g),0.82,250g,Yes,Mixed in water,NA,130,220,NA (water prepare < water consumption),839,1.36,"41,000",48.87,35.82,1,Asthma
33,149,Florfenicol,93,"Florfenicol, Doxycycline hyclate",Florfenicol (100 mg/1g); Doxycycline (200mg/1g),1,250g,Yes,Mixed in water,NA,130,220,NA (water prepare < water consumption),839,1.36,"25,000",29.8,21.84,1,Asthma
33,149,Doxycycline,94,"Florfenicol, Doxycycline hyclate",Florfenicol (100 mg/1g); Doxycycline (200mg/1g),0.82,250g,Yes,Mixed in water,NA,130,220,NA (water prepare < water consumption),839,1.38,"41,000",48.87,35.46,1,Asthma
33,149,Florfenicol,94,"Florfenicol, Doxycycline hyclate",Florfenicol (100 mg/1g); Doxycycline (200mg/1g),1,250g,Yes,Mixed in water,NA,130,220,NA (water prepare < water consumption),839,1.38,"25,000",29.8,21.62,1,Asthma
34,128,Doxycycline,80,"Florfenicol, Doxycycline hyclate",Florfenicol (100 mg/1g); Doxycycline (200mg/1g),0.82,50g,Yes,Mixed in water,NA,25,120,NA (water prepare < water consumption),485,1.13,"8,200",16.91,14.94,1,Asthma
34,128,Florfenicol,80,"Florfenicol, Doxycycline hyclate",Florfenicol (100 mg/1g); Doxycycline (200mg/1g),1,50g,Yes,Mixed in water,NA,25,120,NA (water prepare < water consumption),485,1.13,"5,000",10.31,9.11,1,Asthma
34,128,Doxycycline,81,"Florfenicol, Doxycycline hyclate",Florfenicol (100 mg/1g); Doxycycline (200mg/1g),0.82,50g,Yes,Mixed in water,NA,25,120,NA (water prepare < water consumption),485,1.15,"8,200",16.91,14.74,1,Asthma
34,128,Florfenicol,81,"Florfenicol, Doxycycline hyclate",Florfenicol (100 mg/1g); Doxycycline (200mg/1g),1,50g,Yes,Mixed in water,NA,25,120,NA (water prepare < water consumption),485,1.15,"5,000",10.31,8.99,1,Asthma
34,128,Doxycycline,82,"Florfenicol, Doxycycline hyclate",Florfenicol (100 mg/1g); Doxycycline (200mg/1g),0.82,50g,Yes,Mixed in water,NA,25,120,NA (water prepare < water consumption),485,1.16,"8,200",16.91,14.53,1,Asthma
34,128,Florfenicol,82,"Florfenicol, Doxycycline hyclate",Florfenicol (100 mg/1g); Doxycycline (200mg/1g),1,50g,Yes,Mixed in water,NA,25,120,NA (water prepare < water consumption),485,1.16,"5,000",10.31,8.86,1,Asthma
35,100,Amoxicillin,9,Amoxicillin trihydrate; Colistin sulfate,"Ampicillin (50g/100g); Colistin (300,000,000 IU/100g)",0.87,30g,Yes,Mixed in water,NA,10,20,NA (water prepare < water consumption),"1,290",0.08,"13,050",10.12,123.53,2,NA
35,100,Colistin,9,Amoxicillin trihydrate; Colistin sulfate,"Ampicillin (50g/100g); Colistin (300,000,000 IU/100g)",1,30g,Yes,Mixed in water,NA,10,20,NA (water prepare < water consumption),"1,290",0.08,"3,000",2.33,28.4,2,NA
35,100,Amoxicillin,10,Amoxicillin trihydrate; Colistin sulfate,"Ampicillin (50g/100g); Colistin (300,000,000 IU/100g)",0.87,30g,Yes,Mixed in water,NA,30,20,435,"1,290",0.09,"8,700",6.74,73.53,2,NA
35,100,Colistin,10,Amoxicillin trihydrate; Colistin sulfate,"Ampicillin (50g/100g); Colistin (300,000,000 IU/100g)",1,30g,Yes,Mixed in water,NA,30,20,100,"1,290",0.09,"2,000",1.55,16.9,2,NA
35,100,Amoxicillin,11,Amoxicillin trihydrate; Colistin sulfate,"Ampicillin (50g/100g); Colistin (300,000,000 IU/100g)",0.87,30g,Yes,Mixed in water,NA,10,30,NA (water prepare < water consumption),"1,290",0.1,"13,050",10.12,98.38,2,NA
34,128,Doxycycline,83,"Florfenicol, Doxycycline hyclate",Florfenicol (100 mg/1g); Doxycycline (200mg/1g),0.82,50g,Yes,Mixed in water,NA,25,120,NA (water prepare < water consumption),482,1.18,"8,200",17.01,14.42,1,Asthma
34,128,Florfenicol,83,"Florfenicol, Doxycycline hyclate",Florfenicol (100 mg/1g); Doxycycline (200mg/1g),1,50g,Yes,Mixed in water,NA,25,120,NA (water prepare < water consumption),482,1.18,"5,000",10.37,8.8,1,Asthma
35,100,Colistin,11,Amoxicillin trihydrate; Colistin sulfate,"Ampicillin (50g/100g); Colistin (300,000,000 IU/100g)",1,30g,Yes,Mixed in water,NA,10,30,NA (water prepare < water consumption),"1,290",0.1,"3,000",2.33,22.62,2,NA
34,128,Doxycycline,84,"Florfenicol, Doxycycline hyclate",Florfenicol (100 mg/1g); Doxycycline (200mg/1g),0.82,50g,Yes,Mixed in water,NA,25,120,NA (water prepare < water consumption),482,1.2,"8,200",17.01,14.23,1,Asthma
34,128,Florfenicol,84,"Florfenicol, Doxycycline hyclate",Florfenicol (100 mg/1g); Doxycycline (200mg/1g),1,50g,Yes,Mixed in water,NA,25,120,NA (water prepare < water consumption),482,1.2,"5,000",10.37,8.67,1,Asthma
34,128,Doxycycline,85,"Florfenicol, Doxycycline hyclate",Florfenicol (100 mg/1g); Doxycycline (200mg/1g),0.82,50g,Yes,Mixed in water,NA,25,130,NA (water prepare < water consumption),482,1.21,"8,200",17.01,14.03,1,Asthma
34,128,Florfenicol,85,"Florfenicol, Doxycycline hyclate",Florfenicol (100 mg/1g); Doxycycline (200mg/1g),1,50g,Yes,Mixed in water,NA,25,130,NA (water prepare < water consumption),482,1.21,"5,000",10.37,8.55,1,Asthma
52,134,Doxycycline,82,"Florfenicol, Doxycycline hyclate",Florfenicol (100 mg/1g); Doxycycline (200mg/1g),0.82,100g,Yes,Mixed in water,NA,60,190,NA (water prepare < water consumption),882,1.8,"16,400",18.59,10.32,1,Asthma
52,134,Florfenicol,82,"Florfenicol, Doxycycline hyclate",Florfenicol (100 mg/1g); Doxycycline (200mg/1g),1,100g,Yes,Mixed in water,NA,60,190,NA (water prepare < water consumption),882,1.8,"10,000",11.34,6.29,1,Asthma
52,134,Doxycycline,83,"Florfenicol, Doxycycline hyclate",Florfenicol (100 mg/1g); Doxycycline (200mg/1g),0.82,100g,Yes,Mixed in water,NA,60,200,NA (water prepare < water consumption),882,1.83,"16,400",18.59,10.15,1,Asthma
52,134,Florfenicol,83,"Florfenicol, Doxycycline hyclate",Florfenicol (100 mg/1g); Doxycycline (200mg/1g),1,100g,Yes,Mixed in water,NA,60,200,NA (water prepare < water consumption),882,1.83,"10,000",11.34,6.19,1,Asthma
52,134,Doxycycline,84,"Florfenicol, Doxycycline hyclate",Florfenicol (100 mg/1g); Doxycycline (200mg/1g),0.82,100g,Yes,Mixed in water,NA,60,200,NA (water prepare < water consumption),882,1.86,"16,400",18.59,9.99,1,Asthma
52,134,Florfenicol,84,"Florfenicol, Doxycycline hyclate",Florfenicol (100 mg/1g); Doxycycline (200mg/1g),1,100g,Yes,Mixed in water,NA,60,200,NA (water prepare < water consumption),882,1.86,"10,000",11.34,6.09,1,Asthma
52,134,Doxycycline,85,"Florfenicol, Doxycycline hyclate",Florfenicol (100 mg/1g); Doxycycline (200mg/1g),0.82,100g,Yes,Mixed in water,NA,60,200,NA (water prepare < water consumption),881,1.89,"16,400",18.62,9.84,1,Asthma
52,134,Florfenicol,85,"Florfenicol, Doxycycline hyclate",Florfenicol (100 mg/1g); Doxycycline (200mg/1g),1,100g,Yes,Mixed in water,NA,60,200,NA (water prepare < water consumption),881,1.89,"10,000",11.35,6,1,Asthma
52,134,Doxycycline,86,"Florfenicol, Doxycycline hyclate",Florfenicol (100 mg/1g); Doxycycline (200mg/1g),0.82,100g,Yes,Mixed in water,NA,60,200,NA (water prepare < water consumption),881,1.92,"16,400",18.62,9.68,1,Asthma
52,134,Florfenicol,86,"Florfenicol, Doxycycline hyclate",Florfenicol (100 mg/1g); Doxycycline (200mg/1g),1,100g,Yes,Mixed in water,NA,60,200,NA (water prepare < water consumption),881,1.92,"10,000",11.35,5.9,1,Asthma
35,100,Florfenicol,11,Florfenicol; Tilmicosin Phosphate,Florfenicol (200 mg/1ml); Tilmicosin (300mg/lml),1,20 ml,Yes,Mixed in water,NA,10,30,NA (water prepare < water consumption),"1,290",0.1,"4,000",3.1,30.16,2,NA
35,100,Florfenicol,12,Florfenicol; Tilmicosin Phosphate,Florfenicol (200 mg/1ml); Tilmicosin (300mg/lml),1,20 ml,Yes,Mixed in water,NA,10,30,NA (water prepare < water consumption),"1,289",0.12,"4,000",3.1,26.9,2,NA
35,100,Amoxicillin,52,Amoxicillin trihydrate; Colistin,"Ampicillin (50g/100g); Colistin (200,000,000 IU/100g)",0.87,100g,Yes,Mixed in water,NA,80,900,NA (water prepare < water consumption),"1,272",0.81,"43,500",34.2,42.37,2,NA
35,100,Colistin,52,Amoxicillin trihydrate; Colistin,"Ampicillin (50g/100g); Colistin (200,000,000 IU/100g)",1,100g,Yes,Mixed in water,NA,80,900,NA (water prepare < water consumption),"1,272",0.81,"6,667",5.24,6.49,2,NA
35,100,Amoxicillin,53,Amoxicillin trihydrate; Colistin,"Ampicillin (50g/100g); Colistin (200,000,000 IU/100g)",0.87,100g,Yes,Mixed in water,NA,80,900,NA (water prepare < water consumption),"1,272",0.81,"43,500",34.2,42.3,2,NA
35,100,Colistin,53,Amoxicillin trihydrate; Colistin,"Ampicillin (50g/100g); Colistin (200,000,000 IU/100g)",1,100g,Yes,Mixed in water,NA,80,900,NA (water prepare < water consumption),"1,272",0.81,"6,667",5.24,6.48,2,NA
35,100,Amoxicillin,54,Amoxicillin trihydrate; Colistin,"Ampicillin (50g/100g); Colistin (200,000,000 IU/100g)",0.87,100g,Yes,Mixed in water,NA,80,220,NA (water prepare < water consumption),"1,269",0.81,"43,500",34.28,42.36,2,NA
35,100,Sulfaclozine,54,Sulfachloropyrazine = Sulfaclozine,Sulfachloropyrazine (300g/1kg),1,100g,Yes,Mixed in water,NA,80,220,NA (water prepare < water consumption),"1,269",0.81,"30,000",23.64,29.21,2,NA
35,100,Colistin,54,Amoxicillin trihydrate; Colistin,"Ampicillin (50g/100g); Colistin (200,000,000 IU/100g)",1,100g,Yes,Mixed in water,NA,80,220,NA (water prepare < water consumption),"1,269",0.81,"6,667",5.25,6.49,2,NA
35,100,Sulfaclozine,55,Sulfachloropyrazine = Sulfaclozine,Sulfachloropyrazine (300g/1kg),1,100g,Yes,Mixed in water,NA,80,230,NA (water prepare < water consumption),"1,269",0.81,"30,000",23.64,29.18,2,NA
35,100,Sulfaclozine,56,Sulfachloropyrazine = Sulfaclozine,Sulfachloropyrazine (300g/1kg),1,100g,Yes,Mixed in water,NA,80,240,NA (water prepare < water consumption),"1,269",0.81,"30,000",23.64,29.12,2,NA
60,152,Florfenicol,1,Florfenicol,Florfenicol (200 mg/1ml),1,30ml,Yes,Mixed in water,NA,5,5,NA (water prepare < water consumption),"1,498",0.03,"6,000",4.01,23.36,2,NA
60,152,Florfenicol,2,Florfenicol,Florfenicol (200 mg/1ml),1,30ml,Yes,Mixed in water,NA,5,6,NA (water prepare < water consumption),"1,497",0.04,"6,000",4.01,23.36,2,NA
60,152,Florfenicol,3,Florfenicol,Florfenicol (200 mg/1ml),1,30ml,Yes,Mixed in water,NA,5,7,NA (water prepare < water consumption),"1,497",0.04,"6,000",4.01,23.36,2,NA
36,152,Enrofloxacin,0,Enrofloxacin,Enrofloxacin (100mg/1ml),1,20ml,Yes,Mixed in water,NA,5,2,400,"1,500",0.05,800,0.53,23.54,2,NA
36,152,Enrofloxacin,1,Enrofloxacin,Enrofloxacin (100mg/1ml),1,20ml,Yes,Mixed in water,NA,5,3,400,"1,499",0.05,"1,200",0.8,23.54,2,NA
36,152,Enrofloxacin,2,Enrofloxacin,Enrofloxacin (100mg/1ml),1,20ml,Yes,Mixed in water,NA,5,6,NA (water prepare < water consumption),"1,489",0.06,"2,000",1.34,23.54,2,NA
36,152,Doxycycline,54,Doxycycline hyclate,Doxycycline (500mg/1g),0.82,40g,Yes,Mixed in water,NA,60,180,NA (water prepare < water consumption),"1,345",0.66,"16,400",12.19,18.6,1,Asthma
36,152,Doxycycline,55,Doxycycline hyclate,Doxycycline (500mg/1g),0.82,40g,Yes,Mixed in water,NA,60,180,NA (water prepare < water consumption),"1,345",0.67,"16,400",12.19,18.18,1,Asthma
36,152,Doxycycline,56,Doxycycline hyclate,Doxycycline (500mg/1g),0.82,40g,Yes,Mixed in water,NA,60,180,NA (water prepare < water consumption),"1,345",0.69,"16,400",12.19,17.78,1,Asthma
36,152,Doxycycline,57,Doxycycline hyclate,Doxycycline (500mg/1g),0.82,40g,Yes,Mixed in water,NA,60,180,NA (water prepare < water consumption),"1,345",0.7,"16,400",12.19,17.39,1,Asthma
36,152,Sulfaclozine,74,Sulfachloropyrazine = Sulfaclozine,Sulfachloropyrazine (30g/100g),1,100 g,Yes,Mixed in water,NA,60,190,NA (water prepare < water consumption),"1,343",1.05,"30,000",22.34,21.28,2,NA
36,152,Amoxicillin,74,Amoxicillin trihydrate; Colistin sulfate,"Amoxicillin (10g/100g); Colistin (50,000,000 IU/100g)",0.87,200g,Yes,Mixed in water,NA,60,190,NA (water prepare < water consumption),"1,343",1.05,"17,400",12.96,12.34,2,NA
36,152,Colistin,74,Amoxicillin trihydrate; Colistin sulfate,"Amoxicillin (10g/100g); Colistin (50,000,000 IU/100g)",1,200g,Yes,Mixed in water,NA,60,190,NA (water prepare < water consumption),"1,343",1.05,"3,333",2.48,2.36,2,NA
36,152,Sulfaclozine,75,Sulfachloropyrazine = Sulfaclozine,Sulfachloropyrazine (30g/100g),1,100g,Yes,Mixed in water,NA,60,190,NA (water prepare < water consumption),"1,343",1.07,"30,000",22.34,20.85,1,Blood in stool
36,152,Amoxicillin,75,Amoxicillin trihydrate; Colistin sulfate,"Amoxicillin (10g/100g); Colistin (50,000,000 IU/100g)",0.87,200g,Yes,Mixed in water,NA,60,190,NA (water prepare < water consumption),"1,343",1.07,"17,400",12.96,12.09,2,NA
36,152,Colistin,75,Amoxicillin trihydrate; Colistin sulfate,"Amoxicillin (10g/100g); Colistin (50,000,000 IU/100g)",1,200g,Yes,Mixed in water,NA,60,190,NA (water prepare < water consumption),"1,343",1.07,"3,333",2.48,2.32,2,NA
36,152,Sulfaclozine,76,Sulfachloropyrazine = Sulfaclozine,Sulfachloropyrazine (30g/100g),1,100g,Yes,Mixed in water,NA,60,190,NA (water prepare < water consumption),"1,343",1.09,"30,000",22.34,20.45,1,Blood in stool
36,152,Amoxicillin,76,Amoxicillin trihydrate; Colistin sulfate,"Amoxicillin (10g/100g); Colistin (50,000,000 IU/100g)",0.87,200g,Yes,Mixed in water,NA,60,190,NA (water prepare < water consumption),"1,343",1.09,"17,400",12.96,11.86,2,NA
36,152,Colistin,76,Amoxicillin trihydrate; Colistin sulfate,"Amoxicillin (10g/100g); Colistin (50,000,000 IU/100g)",1,200g,Yes,Mixed in water,NA,60,190,NA (water prepare < water consumption),"1,343",1.09,"3,333",2.48,2.27,2,NA
36,152,Sulfaclozine,77,Sulfachloropyrazine = Sulfaclozine,Sulfachloropyrazine (30g/100g),1,100g,Yes,Mixed in water,NA,60,190,NA (water prepare < water consumption),"1,343",1.11,"30,000",22.34,20.1,1,Blood in stool
36,152,Amoxicillin,77,Amoxicillin trihydrate; Colistin sulfate,"Amoxicillin (10g/100g); Colistin (50,000,000 IU/100g)",0.87,200g,Yes,Mixed in water,NA,60,190,NA (water prepare < water consumption),"1,343",1.11,"17,400",12.96,11.66,2,NA
36,152,Colistin,77,Amoxicillin trihydrate; Colistin sulfate,"Amoxicillin (10g/100g); Colistin (50,000,000 IU/100g)",1,200g,Yes,Mixed in water,NA,60,190,NA (water prepare < water consumption),"1,343",1.11,"3,333",2.48,2.23,2,NA
36,152,Amoxicillin,78,Amoxicillin trihydrate; Colistin sulfate,"Amoxicillin (10g/100g); Colistin (50,000,000 IU/100g)",0.87,200g,Yes,Mixed in water,NA,60,190,NA (water prepare < water consumption),"1,343",1.13,"17,400",12.96,11.48,2,NA
36,152,Colistin,78,Amoxicillin trihydrate; Colistin sulfate,"Amoxicillin (10g/100g); Colistin (50,000,000 IU/100g)",1,200g,Yes,Mixed in water,NA,60,190,NA (water prepare < water consumption),"1,343",1.13,"3,333",2.48,2.2,2,NA
37,149,Florfenicol,0,Florfenicol,Florfenicol (200 mg/1ml),1,25ml,Yes,Mixed in water,NA,5,4,"1,000","1,050",0.05,"4,000",3.81,70.5,2,NA
37,149,Florfenicol,1,Florfenicol,Florfenicol (200 mg/1ml),1,25ml,Yes,Mixed in water,NA,5,5,NA (water prepare < water consumption),"1,049",0.06,"5,000",4.77,81.88,2,NA
37,149,Florfenicol,2,Florfenicol,Florfenicol (200 mg/1ml),1,25ml,Yes,Mixed in water,NA,5,5,NA (water prepare < water consumption),"1,048",0.06,"5,000",4.77,76.07,2,NA
37,149,Florfenicol,3,Florfenicol,Florfenicol (200 mg/1ml),1,25ml,Yes,Mixed in water,NA,5,8,NA (water prepare < water consumption),"1,047",0.07,"5,000",4.78,70.68,2,NA
37,149,Florfenicol,20,Florfenicol,Florfenicol (200 mg/1ml),1,50ml,Yes,Mixed in water,NA,10,25,NA (water prepare < water consumption),844,0.23,"10,000",11.85,52.09,1,Asthma
37,149,Florfenicol,21,Florfenicol,Florfenicol (200 mg/1ml),1,50ml,Yes,Mixed in water,NA,10,25,NA (water prepare < water consumption),843,0.24,"10,000",11.86,49.55,1,Asthma
37,149,Florfenicol,26,Florfenicol,Florfenicol (200 mg/1ml),1,50ml,Yes,Mixed in water,NA,10,30,NA (water prepare < water consumption),842,0.3,"10,000",11.88,40.02,1,Asthma
37,149,Florfenicol,27,Florfenicol,Florfenicol (200 mg/1ml),1,50ml,Yes,Mixed in water,NA,10,30,NA (water prepare < water consumption),842,0.31,"10,000",11.88,38.6,1,Asthma
37,149,Florfenicol,34,Florfenicol,Florfenicol (200 mg/1ml),1,100ml,Yes,Mixed in water,NA,20,40,NA (water prepare < water consumption),837,0.39,"20,000",23.89,60.9,1,"Cough, difficulty breathing"
37,149,Doxycycline,34,"Tylosin tartrate, Doxycycline HCl",Tylosin (100mg/1g); Doxycycline (200mg/1g),0.82,50g,Yes,Mixed in water,NA,20,40,NA (water prepare < water consumption),837,0.39,"8,200",9.8,24.97,1,"Cough, difficulty breathing"
37,149,Tylosin,34,"Tylosin tartrate, Doxycycline HCl",Tylosin (100mg/1g); Doxycycline (200mg/1g),0.86,50g,Yes,Mixed in water,NA,20,40,NA (water prepare < water consumption),837,0.39,"4,300",5.14,13.09,1,"Cough, difficulty breathing"
37,149,Florfenicol,35,Florfenicol,Florfenicol (200 mg/1ml),1,100ml,Yes,Mixed in water,NA,20,40,NA (water prepare < water consumption),827,0.41,"20,000",24.18,59.24,1,"Cough, difficulty breathing"
37,149,Doxycycline,35,"Tylosin tartrate, Doxycycline HCl",Tylosin (100mg/1g); Doxycycline (200mg/1g),0.82,50g,Yes,Mixed in water,NA,20,40,NA (water prepare < water consumption),827,0.41,"8,200",9.92,24.29,1,"Cough, difficulty breathing"
37,149,Tylosin,35,"Tylosin tartrate, Doxycycline HCl",Tylosin (100mg/1g); Doxycycline (200mg/1g),0.86,50g,Yes,Mixed in water,NA,20,40,NA (water prepare < water consumption),827,0.41,"4,300",5.2,12.74,1,"Cough, difficulty breathing"
37,149,Florfenicol,36,Florfenicol,Florfenicol (200 mg/1ml),1,100ml,Yes,Mixed in water,NA,20,50,NA (water prepare < water consumption),797,0.43,"20,000",25.09,59.01,1,"Cough, difficulty breathing"
37,149,Doxycycline,36,"Tylosin tartrate, Doxycycline HCl",Tylosin (100mg/1g); Doxycycline (200mg/1g),0.82,50g,Yes,Mixed in water,NA,20,50,NA (water prepare < water consumption),797,0.43,"8,200",10.29,24.19,1,"Cough, difficulty breathing"
37,149,Tylosin,36,"Tylosin tartrate, Doxycycline HCl",Tylosin (100mg/1g); Doxycycline (200mg/1g),0.86,50g,Yes,Mixed in water,NA,20,50,NA (water prepare < water consumption),797,0.43,"4,300",5.4,12.69,1,"Cough, difficulty breathing"
37,149,Florfenicol,37,Florfenicol,Florfenicol (200 mg/1ml),1,100ml,Yes,Mixed in water,NA,20,50,NA (water prepare < water consumption),771,0.44,"20,000",25.94,58.53,1,"Cough, difficulty breathing"
37,149,Doxycycline,37,"Tylosin tartrate, Doxycycline HCl",Tylosin (100mg/1g); Doxycycline (200mg/1g),0.82,50g,Yes,Mixed in water,NA,20,50,NA (water prepare < water consumption),771,0.44,"8,200",10.64,24,1,"Cough, difficulty breathing"
37,149,Tylosin,37,"Tylosin tartrate, Doxycycline HCl",Tylosin (100mg/1g); Doxycycline (200mg/1g),0.86,50g,Yes,Mixed in water,NA,20,50,NA (water prepare < water consumption),771,0.44,"4,300",5.58,12.58,1,"Cough, difficulty breathing"
37,149,Florfenicol,38,Florfenicol,Florfenicol (200 mg/1ml),1,100ml,Yes,Mixed in water,NA,20,60,NA (water prepare < water consumption),763,0.46,"20,000",26.21,56.76,1,"Cough, difficulty breathing"
37,149,Doxycycline,38,"Tylosin tartrate, Doxycycline HCl",Tylosin (100mg/1g); Doxycycline (200mg/1g),0.82,50g,Yes,Mixed in water,NA,20,60,NA (water prepare < water consumption),763,0.46,"8,200",10.75,23.27,1,"Cough, difficulty breathing"
37,149,Tylosin,38,"Tylosin tartrate, Doxycycline HCl",Tylosin (100mg/1g); Doxycycline (200mg/1g),0.86,50g,Yes,Mixed in water,NA,20,60,NA (water prepare < water consumption),763,0.46,"4,300",5.64,12.2,1,"Cough, difficulty breathing"
37,149,Florfenicol,39,Florfenicol,Florfenicol (200 mg/1ml),1,100ml,Yes,Mixed in water,NA,20,60,NA (water prepare < water consumption),738,0.48,"20,000",27.1,56.36,1,"Cough, difficulty breathing"
37,149,Doxycycline,39,"Tylosin tartrate, Doxycycline HCl",Tylosin (100mg/1g); Doxycycline (200mg/1g),0.82,50g,Yes,Mixed in water,NA,20,60,NA (water prepare < water consumption),738,0.48,"8,200",11.11,23.11,1,"Cough, difficulty breathing"
37,149,Tylosin,39,"Tylosin tartrate, Doxycycline HCl",Tylosin (100mg/1g); Doxycycline (200mg/1g),0.86,50g,Yes,Mixed in water,NA,20,60,NA (water prepare < water consumption),738,0.48,"4,300",5.83,12.12,1,"Cough, difficulty breathing"
37,149,Florfenicol,40,Florfenicol,Florfenicol (200 mg/1ml),1,100ml,Yes,Mixed in water,NA,20,60,NA (water prepare < water consumption),728,0.5,"20,000",27.47,54.95,1,"Cough, difficulty breathing"
37,149,Doxycycline,40,"Tylosin tartrate, Doxycycline HCl",Tylosin (100mg/1g); Doxycycline (200mg/1g),0.82,50g,Yes,Mixed in water,NA,20,60,NA (water prepare < water consumption),728,0.5,"8,200",11.26,22.53,1,"Cough, difficulty breathing"
37,149,Tylosin,40,"Tylosin tartrate, Doxycycline HCl",Tylosin (100mg/1g); Doxycycline (200mg/1g),0.86,50g,Yes,Mixed in water,NA,20,60,NA (water prepare < water consumption),728,0.5,"4,300",5.91,11.81,1,"Cough, difficulty breathing"
37,149,Doxycycline,43,"Tylosin tartrate, Doxycycline HCl",Tylosin (100mg/1g); Doxycycline (200mg/1g),0.82,50g,Yes,Mixed in water,NA,40,75,NA (water prepare < water consumption),680,0.56,"8,200",12.06,21.64,1,"Cough, difficulty breathing"
37,149,Tylosin,43,"Tylosin tartrate, Doxycycline HCl",Tylosin (100mg/1g); Doxycycline (200mg/1g),0.86,50g,Yes,Mixed in water,NA,40,75,NA (water prepare < water consumption),680,0.56,"4,300",6.32,11.35,1,"Cough, difficulty breathing"
37,149,Doxycycline,44,"Tylosin tartrate, Doxycycline HCl",Tylosin (100mg/1g); Doxycycline (200mg/1g),0.82,50g,Yes,Mixed in water,NA,40,70,NA (water prepare < water consumption),677,0.58,"8,200",12.11,21.01,1,"Cough, difficulty breathing"
37,149,Tylosin,44,"Tylosin tartrate, Doxycycline HCl",Tylosin (100mg/1g); Doxycycline (200mg/1g),0.86,50g,Yes,Mixed in water,NA,40,70,NA (water prepare < water consumption),677,0.58,"4,300",6.35,11.02,1,"Cough, difficulty breathing"
37,149,Doxycycline,45,"Tylosin tartrate, Doxycycline HCl",Tylosin (100mg/1g); Doxycycline (200mg/1g),0.82,50g,Yes,Mixed in water,NA,40,70,NA (water prepare < water consumption),676,0.6,"8,200",12.13,20.35,1,"Cough, difficulty breathing"
37,149,Tylosin,45,"Tylosin tartrate, Doxycycline HCl",Tylosin (100mg/1g); Doxycycline (200mg/1g),0.86,50g,Yes,Mixed in water,NA,40,70,NA (water prepare < water consumption),676,0.6,"4,300",6.36,10.67,1,"Cough, difficulty breathing"
37,149,Doxycycline,46,"Tylosin tartrate, Doxycycline HCl",Tylosin (100mg/1g); Doxycycline (200mg/1g),0.82,50g,Yes,Mixed in water,NA,40,70,NA (water prepare < water consumption),675,0.62,"8,200",12.15,19.73,1,"Cough, difficulty breathing"
37,149,Tylosin,46,"Tylosin tartrate, Doxycycline HCl",Tylosin (100mg/1g); Doxycycline (200mg/1g),0.86,50g,Yes,Mixed in water,NA,40,70,NA (water prepare < water consumption),675,0.62,"4,300",6.37,10.35,1,"Cough, difficulty breathing"
37,149,Doxycycline,47,"Tylosin tartrate, Doxycycline HCl",Tylosin (100mg/1g); Doxycycline (200mg/1g),0.82,50g,Yes,Mixed in water,NA,40,70,NA (water prepare < water consumption),673,0.64,"8,200",12.18,19.18,1,"Cough, difficulty breathing"
37,149,Tylosin,47,"Tylosin tartrate, Doxycycline HCl",Tylosin (100mg/1g); Doxycycline (200mg/1g),0.86,50g,Yes,Mixed in water,NA,40,70,NA (water prepare < water consumption),673,0.64,"4,300",6.39,10.06,1,"Cough, difficulty breathing"
37,149,Doxycycline,48,"Tylosin tartrate, Doxycycline HCl",Tylosin (100mg/1g); Doxycycline (200mg/1g),0.82,50g,Yes,Mixed in water,NA,40,70,NA (water prepare < water consumption),672,0.66,"8,200",12.2,18.63,1,"Cough, difficulty breathing"
37,149,Tylosin,48,"Tylosin tartrate, Doxycycline HCl",Tylosin (100mg/1g); Doxycycline (200mg/1g),0.86,50g,Yes,Mixed in water,NA,40,70,NA (water prepare < water consumption),672,0.66,"4,300",6.4,9.77,1,"Cough, difficulty breathing"
38,147,Doxycycline,20,Doxycycline hyclate,Doxycycline (57.5g/100g),1,20g,Yes,Mixed in water,NA,10,55,NA (water prepare < water consumption),"2,386",0.13,"11,500",4.82,37.45,2,NA
38,147,Florfenicol,20,Florfenicol; Tylosin tartrate,Florfenicol (15g/100ml); Tylosin (10g/100ml),1,25ml,Yes,Mixed in water,NA,10,55,NA (water prepare < water consumption),"2,386",0.13,"3,750",1.57,12.21,2,NA
38,147,Tylosin,20,Florfenicol; Tylosin tartrate,Florfenicol (15g/100ml); Tylosin (10g/100ml),0.86,25ml,Yes,Mixed in water,NA,10,55,NA (water prepare < water consumption),"2,386",0.13,"2,150",0.9,7,2,NA
38,147,Doxycycline,21,Doxycycline hyclate,Doxycycline (57.5g/100g),1,20g,Yes,Mixed in water,NA,10,55,NA (water prepare < water consumption),"2,386",0.13,"11,500",4.82,35.99,2,NA
38,147,Florfenicol,21,Florfenicol; Tylosin tartrate,Florfenicol (15g/100ml); Tylosin (10g/100ml),1,25ml,Yes,Mixed in water,NA,10,55,NA (water prepare < water consumption),"2,386",0.13,"3,750",1.57,11.74,2,NA
38,147,Tylosin,21,Florfenicol; Tylosin tartrate,Florfenicol (15g/100ml); Tylosin (10g/100ml),0.86,25ml,Yes,Mixed in water,NA,10,55,NA (water prepare < water consumption),"2,386",0.13,"2,150",0.9,6.73,2,NA
38,147,Doxycycline,22,Doxycycline hyclate,Doxycycline (57.5g/100g),1,20g,Yes,Mixed in water,NA,10,55,NA (water prepare < water consumption),"2,386",0.14,"11,500",4.82,34.68,2,NA
38,147,Florfenicol,22,Florfenicol; Tylosin tartrate,Florfenicol (15g/100ml); Tylosin (10g/100ml),1,25ml,Yes,Mixed in water,NA,10,55,NA (water prepare < water consumption),"2,386",0.14,"3,750",1.57,11.31,2,NA
38,147,Tylosin,22,Florfenicol; Tylosin tartrate,Florfenicol (15g/100ml); Tylosin (10g/100ml),0.86,25ml,Yes,Mixed in water,NA,10,55,NA (water prepare < water consumption),"2,386",0.14,"2,150",0.9,6.48,2,NA
38,147,Doxycycline,70,Doxycycline hyclate,Doxycycline (57.5g/100g),0.82,50g,Yes,Mixed in water,NA,100,120,NA (water prepare < water consumption),"2,356",0.6,"23,575",10.01,16.57,2,NA
38,147,Florfenicol,70,Florfenicol; Tylosin tartrate,Florfenicol (15g/100ml); Tylosin (10g/100ml),1,120ml,Yes,Mixed in water,NA,100,120,NA (water prepare < water consumption),"2,358",0.6,"18,000",7.63,12.64,2,NA
38,147,Tylosin,70,Florfenicol; Tylosin tartrate,Florfenicol (15g/100ml); Tylosin (10g/100ml),0.86,120ml,Yes,Mixed in water,NA,100,120,NA (water prepare < water consumption),"2,358",0.6,"10,320",4.38,7.25,2,NA
38,147,Doxycycline,71,Doxycycline hyclate,Doxycycline (57.5g/100g),0.82,50g,Yes,Mixed in water,NA,100,150,NA (water prepare < water consumption),"2,356",0.62,"23,575",10.01,16.25,2,NA
38,147,Florfenicol,71,Florfenicol; Tylosin tartrate,Florfenicol (15g/100ml); Tylosin (10g/100ml),1,120ml,Yes,Mixed in water,NA,100,150,NA (water prepare < water consumption),"2,357",0.62,"18,000",7.64,12.4,2,NA
38,147,Tylosin,71,Florfenicol; Tylosin tartrate,Florfenicol (15g/100ml); Tylosin (10g/100ml),0.86,120ml,Yes,Mixed in water,NA,100,150,NA (water prepare < water consumption),"2,357",0.62,"10,320",4.38,7.11,2,NA
38,147,Doxycycline,72,Doxycycline hyclate,Doxycycline (57.5g/100g),0.82,50g,Yes,Mixed in water,NA,100,150,NA (water prepare < water consumption),"2,356",0.63,"23,575",10.01,15.94,2,NA
38,147,Florfenicol,72,Florfenicol; Tylosin tartrate,Florfenicol (15g/100ml); Tylosin (10g/100ml),1,120ml,Yes,Mixed in water,NA,100,150,NA (water prepare < water consumption),"2,356",0.63,"18,000",7.64,12.17,2,NA
38,147,Tylosin,72,Florfenicol; Tylosin tartrate,Florfenicol (15g/100ml); Tylosin (10g/100ml),0.86,120ml,Yes,Mixed in water,NA,100,150,NA (water prepare < water consumption),"2,356",0.63,"10,320",4.38,6.98,2,NA
38,147,Doxycycline,73,Doxycycline hyclate,Doxycycline (57.5g/100g),0.82,50g,Yes,Mixed in water,NA,100,150,NA (water prepare < water consumption),"2,355",0.64,"23,575",10.01,15.65,2,NA
38,147,Florfenicol,73,Florfenicol; Tylosin tartrate,Florfenicol (15g/100ml); Tylosin (10g/100ml),1,120ml,Yes,Mixed in water,NA,100,150,NA (water prepare < water consumption),"2,355",0.64,"18,000",7.64,11.95,2,NA
38,147,Tylosin,73,Florfenicol; Tylosin tartrate,Florfenicol (15g/100ml); Tylosin (10g/100ml),0.86,120ml,Yes,Mixed in water,NA,100,150,NA (water prepare < water consumption),"2,355",0.64,"10,320",4.38,6.85,2,NA
38,147,Amoxicillin,80,Amoxicillin trihydrate,Amoxicillin (500mg/1g),1,100g,Yes,Mixed in water,NA,100,200,NA (water prepare < water consumption),"2,344",0.72,"50,000",21.33,29.46,2,NA
38,147,Amoxicillin,81,Amoxicillin trihydrate,Amoxicillin (500mg/1g),1,100g,Yes,Mixed in water,NA,100,200,NA (water prepare < water consumption),"2,343",0.74,"50,000",21.34,29,2,NA
38,147,Amoxicillin,82,Amoxicillin trihydrate,Amoxicillin (500mg/1g),1,100g,Yes,Mixed in water,NA,100,200,NA (water prepare < water consumption),"2,342",0.75,"50,000",21.35,28.56,2,NA
38,147,Amoxicillin,83,Amoxicillin trihydrate,Amoxicillin (500mg/1g),1,100g,Yes,Mixed in water,NA,100,200,NA (water prepare < water consumption),"2,342",0.76,"50,000",21.35,28.13,2,NA
38,147,Amoxicillin,84,Amoxicillin trihydrate,Amoxicillin (500mg/1g),1,100g,Yes,Mixed in water,NA,100,220,NA (water prepare < water consumption),"2,342",0.77,"50,000",21.35,27.72,2,NA
38,147,Colistin,90,Colistin sulfate,Colistin (500mg/1g),1,40g,Yes,Mixed in water,NA,100,250,NA (water prepare < water consumption),"2,336",0.83,"20,000",8.56,10.28,2,NA
38,147,Colistin,91,Colistin sulfate,Colistin (500mg/1g),1,40g,Yes,Mixed in water,NA,100,250,NA (water prepare < water consumption),"2,334",0.84,"20,000",8.57,10.18,2,NA
38,147,Colistin,92,Colistin sulfate,Colistin (500mg/1g),1,40g,Yes,Mixed in water,NA,100,250,NA (water prepare < water consumption),"2,334",0.85,"20,000",8.57,10.07,2,NA
38,147,Colistin,93,Colistin sulfate,Colistin (500mg/1g),1,40g,Yes,Mixed in water,NA,100,250,NA (water prepare < water consumption),"2,334",0.86,"20,000",8.57,9.97,2,NA
39,146,Florfenicol,0,Florfenicol,Florfenicol (200mg/1ml),1,30ml,Yes,Mixed in water,NA,10,10,NA (water prepare < water consumption),"3,000",0.03,"6,000",2,23.36,2,NA
39,146,Florfenicol,1,Florfenicol,Florfenicol (200mg/1ml),1,30ml,Yes,Mixed in water,NA,10,10,NA (water prepare < water consumption),"2,995",0.04,"6,000",2,23.36,2,NA
39,146,Florfenicol,2,Florfenicol,Florfenicol (200mg/1ml),1,30ml,Yes,Mixed in water,NA,10,20,NA (water prepare < water consumption),"2,992",0.04,"6,000",2.01,23.36,2,NA
39,146,Florfenicol,6,Florfenicol,Florfenicol (200mg/1ml),1,40ml,Yes,Mixed in water,NA,20,40,NA (water prepare < water consumption),"2,980",0.05,"8,000",2.68,23.36,2,NA
39,146,Florfenicol,7,Florfenicol,Florfenicol (200mg/1ml),1,40ml,Yes,Mixed in water,NA,20,50,NA (water prepare < water consumption),"2,980",0.05,"8,000",2.68,23.36,2,NA
39,146,Florfenicol,8,Florfenicol,Florfenicol (200mg/1ml),1,40ml,Yes,Mixed in water,NA,20,60,NA (water prepare < water consumption),"2,970",0.06,"8,000",2.69,23.36,2,NA
39,146,Doxycycline,23,Doxycycline hyclate,Doxycycline (57.5g/100g),0.82,25g,Yes,Mixed in water,NA,90,110,NA (water prepare < water consumption),"2,954",0.14,"11,788",3.99,28.54,1,Asthma
39,146,Doxycycline,24,Doxycycline hyclate,Doxycycline (57.5g/100g),0.82,25g,Yes,Mixed in water,NA,90,120,NA (water prepare < water consumption),"2,951",0.15,"11,788",3.99,27.46,1,Asthma
39,146,Doxycycline,25,Doxycycline hyclate,Doxycycline (57.5g/100g),0.82,25g,Yes,Mixed in water,NA,90,120,NA (water prepare < water consumption),"2,951",0.15,"11,788",3.99,26.45,1,Asthma
39,146,Doxycycline,26,Doxycycline hyclate,Doxycycline (57.5g/100g),0.82,25g,Yes,Mixed in water,NA,90,120,NA (water prepare < water consumption),"2,951",0.16,"11,788",3.99,25.52,1,Asthma
39,146,Doxycycline,40,Doxycycline hyclate,Doxycycline (57.5g/100g),0.82,100g,Yes,Mixed in water,NA,100,190,NA (water prepare < water consumption),"2,875",0.28,"47,150",16.4,59.18,1,Asthma
39,146,Doxycycline,41,Doxycycline hyclate,Doxycycline (57.5g/100g),0.82,100g,Yes,Mixed in water,NA,100,190,NA (water prepare < water consumption),"2,868",0.29,"47,150",16.44,56.64,1,Asthma
39,146,Doxycycline,42,Doxycycline hyclate,Doxycycline (57.5g/100g),0.82,100g,Yes,Mixed in water,NA,100,190,NA (water prepare < water consumption),"2,858",0.3,"47,150",16.5,54.32,1,Asthma
39,146,Doxycycline,43,Doxycycline hyclate,Doxycycline (57.5g/100g),0.82,100g,Yes,Mixed in water,NA,100,190,NA (water prepare < water consumption),"2,853",0.32,"47,150",16.53,52.06,1,Asthma
39,146,Doxycycline,72,Doxycycline hyclate,Doxycycline (57.5g/100g),0.82,200g,Yes,Mixed in water,NA,150,250,NA (water prepare < water consumption),"2,771",0.74,"94,300",34.03,45.87,1,Asthma
39,146,Doxycycline,73,Doxycycline hyclate,Doxycycline (57.5g/100g),0.82,200g,Yes,Mixed in water,NA,150,250,NA (water prepare < water consumption),"2,762",0.76,"94,300",34.14,45.17,1,Asthma
39,146,Doxycycline,74,Doxycycline hyclate,Doxycycline (57.5g/100g),0.82,200g,Yes,Mixed in water,NA,150,250,NA (water prepare < water consumption),"2,740",0.77,"94,300",34.42,44.7,1,Asthma
39,146,Doxycycline,75,Doxycycline hyclate,Doxycycline (57.5g/100g),0.82,200g,Yes,Mixed in water,NA,150,260,NA (water prepare < water consumption),"2,736",0.78,"94,300",34.47,43.96,1,Asthma
39,146,Doxycycline,76,Doxycycline hyclate,Doxycycline (57.5g/100g),0.82,200g,Yes,Mixed in water,NA,150,260,NA (water prepare < water consumption),"2,733",0.8,"94,300",34.5,43.22,1,Asthma
39,146,Amoxicillin,77,Amoxicillin trihydrate,Amoxicillin (500mg/1g),1,200g,Yes,Mixed in water,NA,200,260,NA (water prepare < water consumption),"2,731",0.81,"100,000",36.62,45.06,1,Diarrhea
39,146,Amoxicillin,78,Amoxicillin trihydrate,Amoxicillin (500mg/1g),1,200g,Yes,Mixed in water,NA,200,270,NA (water prepare < water consumption),"2,730",0.83,"100,000",36.63,44.29,1,Diarrhea
39,146,Amoxicillin,79,Amoxicillin trihydrate,Amoxicillin (500mg/1g),1,200g,Yes,Mixed in water,NA,200,270,NA (water prepare < water consumption),"2,727",0.84,"100,000",36.67,43.58,1,Diarrhea
40,143,Florfenicol,1,Florfenicol,Florfenicol (500mg/1g); ,1,20g,Yes,Mixed in water,NA,5,5,NA (water prepare < water consumption),"1,000",0.05,"10,000",10,23.36,1,Diarrhea
40,143,Florfenicol,2,Florfenicol,Florfenicol (500mg/1g); ,1,20g,Yes,Mixed in water,NA,5,10,NA (water prepare < water consumption),999,0.06,"10,000",10.01,23.36,1,Diarrhea
40,143,Florfenicol,3,Florfenicol,Florfenicol (500mg/1g); ,1,20g,Yes,Mixed in water,NA,5,10,NA (water prepare < water consumption),998,0.06,"10,000",10.02,23.36,1,Diarrhea
40,143,Amoxicillin,23,Amoxicillin trihydrate,Amoxicillin (500mg/1g),1,50g,Yes,Mixed in water,NA,25,25,NA (water prepare < water consumption),993,0.25,"25,000",25.18,102.52,2,NA
40,143,Amoxicillin,24,Amoxicillin trihydrate,Amoxicillin (500mg/1g),1,50g,Yes,Mixed in water,NA,25,25,NA (water prepare < water consumption),993,0.26,"25,000",25.18,98.3,2,NA
40,143,Amoxicillin,25,Amoxicillin trihydrate,Amoxicillin (500mg/1g),1,50g,Yes,Mixed in water,NA,25,30,NA (water prepare < water consumption),991,0.27,"25,000",25.23,94.7,2,NA
40,143,Amoxicillin,26,Amoxicillin trihydrate,Amoxicillin (500mg/1g),1,50g,Yes,Mixed in water,NA,25,30,NA (water prepare < water consumption),991,0.28,"25,000",25.23,91.27,2,NA
40,143,Enrofloxacin,28,Enrofloxacin,Enrofloxacin (200mg/1ml),1,25 ml,Yes,Mixed in water,NA,25,30,NA (water prepare < water consumption),991,0.3,"5,000",5.05,17.06,2,NA
40,143,Enrofloxacin,29,Enrofloxacin,Enrofloxacin (200mg/1ml),1,25 ml,Yes,Mixed in water,NA,25,30,NA (water prepare < water consumption),991,0.31,"5,000",5.05,16.53,2,NA
40,143,Enrofloxacin,30,Enrofloxacin,Enrofloxacin (200mg/1ml),1,25 ml,Yes,Mixed in water,NA,25,30,NA (water prepare < water consumption),991,0.31,"5,000",5.05,16.02,2,NA
40,143,Gentamicin,39,Gentamicin sulfate,Gentamicin (10g/100ml),0.83,100g,Yes,Mixed in water,NA,30,35,NA (water prepare < water consumption),983,0.43,"8,300",8.44,13.42,2,NA
40,143,Gentamicin,40,Gentamicin sulfate,Gentamicin (10g/100ml),0.83,100g,Yes,Mixed in water,NA,30,35,NA (water prepare < water consumption),983,0.45,"8,300",8.44,13.42,2,NA
40,143,Gentamicin,41,Gentamicin sulfate,Gentamicin (10g/100ml),0.83,100g,Yes,Mixed in water,NA,30,35,NA (water prepare < water consumption),982,0.47,"8,300",8.45,13.42,2,NA
40,143,Gentamicin,42,Gentamicin sulfate,Gentamicin (10g/100ml),0.83,100g,Yes,Mixed in water,NA,30,35,NA (water prepare < water consumption),981,0.48,"8,300",8.46,13.42,2,NA
40,143,Gentamicin,43,Gentamicin sulfate,Gentamicin (10g/100ml),0.83,100g,Yes,Mixed in water,NA,30,35,NA (water prepare < water consumption),980,0.5,"8,300",8.47,13.42,2,NA
40,143,Enrofloxacin,47,Enrofloxacin,Enrofloxacin (200mg/1ml),1,50ml,Yes,Mixed in water,NA,40,40,NA (water prepare < water consumption),977,0.56,"10,000",10.24,18.26,2,NA
40,143,Enrofloxacin,48,Enrofloxacin,Enrofloxacin (200mg/1ml),1,50ml,Yes,Mixed in water,NA,40,40,NA (water prepare < water consumption),977,0.58,"10,000",10.24,17.74,2,NA
40,143,Enrofloxacin,49,Enrofloxacin,Enrofloxacin (200mg/1ml),1,50ml,Yes,Mixed in water,NA,40,40,NA (water prepare < water consumption),976,0.59,"10,000",10.25,17.28,2,NA
40,143,Enrofloxacin,50,Enrofloxacin,Enrofloxacin (200mg/1ml),1,50ml,Yes,Mixed in water,NA,40,40,NA (water prepare < water consumption),976,0.61,"10,000",10.25,16.84,2,NA
35,100,Florfenicol,13,Florfenicol; Tilmicosin Phosphate,Florfenicol (200 mg/1ml); Tilmicosin (300mg/lml),1,20 ml,Yes,Mixed in water,NA,10,40,NA (water prepare < water consumption),"1,289",0.13,"4,000",3.1,23.98,2,NA
35,100,Florfenicol,14,Florfenicol; Tilmicosin Phosphate,Florfenicol (200 mg/1ml); Tilmicosin (300mg/lml),1,20 ml,Yes,Mixed in water,NA,10,40,NA (water prepare < water consumption),"1,289",0.15,"4,000",3.1,21.39,2,NA
35,100,Florfenicol,15,Florfenicol; Tilmicosin Phosphate,Florfenicol (200 mg/1ml); Tilmicosin (300mg/lml),1,20 ml,Yes,Mixed in water,NA,10,40,NA (water prepare < water consumption),"1,289",0.16,"4,000",3.1,19.11,2,NA
35,100,Florfenicol,16,Florfenicol; Tilmicosin Phosphate,Florfenicol (200 mg/1ml); Tilmicosin (300mg/lml),1,20 ml,Yes,Mixed in water,NA,10,50,NA (water prepare < water consumption),"1,289",0.18,"4,000",3.1,17.12,2,NA
35,100,Florfenicol,17,Florfenicol; Tilmicosin Phosphate,Florfenicol (200 mg/1ml); Tilmicosin (300mg/lml),1,20 ml,Yes,Mixed in water,NA,10,50,NA (water prepare < water consumption),"1,289",0.2,"4,000",3.1,15.4,2,NA
35,100,Florfenicol,18,Florfenicol; Tilmicosin Phosphate,Florfenicol (200 mg/1ml); Tilmicosin (300mg/lml),1,20 ml,Yes,Mixed in water,NA,10,60,NA (water prepare < water consumption),"1,289",0.22,"4,000",3.1,13.92,2,NA
41,145,Enrofloxacin,0,Enrofloxacin,Enrofloxacin (200mg/1ml),1,30ml,Yes,Mixed in water,NA,12,5,500,"1,800",0.04,"2,500",1.39,23.54,2,NA
41,145,Amoxicillin,0,Amoxicillin trihydrate; Colistin sulfate,"Amoxicillin (100g/1000g); Colistin (500,000,000 IU/1000g)",0.87,30g,Yes,Mixed in water,NA,12,5,218,"1,800",0.04,"1,088",0.6,14.91,2,NA
41,145,Colistin,0,Amoxicillin trihydrate; Colistin sulfate,"Amoxicillin (100g/1000g); Colistin (500,000,000 IU/1000g)",1,30g,Yes,Mixed in water,NA,12,5,42,"1,800",0.04,208,0.12,2.86,2,NA
41,145,Enrofloxacin,1,Enrofloxacin,Enrofloxacin (200mg/1ml),1,30ml,Yes,Mixed in water,NA,12,5,500,"1,800",0.04,"2,500",1.39,23.54,2,NA
41,145,Amoxicillin,1,Amoxicillin trihydrate; Colistin sulfate,"Amoxicillin (100g/1000g); Colistin (500,000,000 IU/1000g)",0.87,30g,Yes,Mixed in water,NA,12,5,218,"1,800",0.04,"1,088",0.6,13.66,2,NA
41,145,Colistin,1,Amoxicillin trihydrate; Colistin sulfate,"Amoxicillin (100g/1000g); Colistin (500,000,000 IU/1000g)",1,30g,Yes,Mixed in water,NA,12,5,42,"1,800",0.04,208,0.12,2.62,2,NA
41,145,Enrofloxacin,2,Enrofloxacin,Enrofloxacin (200mg/1ml),1,30ml,Yes,Mixed in water,NA,12,5,500,"1,800",0.05,"2,500",1.39,23.54,2,NA
41,145,Amoxicillin,2,Amoxicillin trihydrate; Colistin sulfate,"Amoxicillin (100g/1000g); Colistin (500,000,000 IU/1000g)",0.87,30g,Yes,Mixed in water,NA,12,5,218,"1,800",0.05,"1,088",0.6,12.52,2,NA
41,145,Colistin,2,Amoxicillin trihydrate; Colistin sulfate,"Amoxicillin (100g/1000g); Colistin (500,000,000 IU/1000g)",1,30g,Yes,Mixed in water,NA,12,5,42,"1,800",0.05,208,0.12,2.4,2,NA
41,145,Enrofloxacin,3,Enrofloxacin,Enrofloxacin (200mg/1ml),1,30ml,Yes,Mixed in water,NA,12,10,500,"1,797",0.05,"5,000",2.78,23.54,2,NA
41,145,Enrofloxacin,4,Enrofloxacin,Enrofloxacin (200mg/1ml),1,30ml,Yes,Mixed in water,NA,12,10,500,"1,794",0.06,"5,000",2.79,23.54,2,NA
41,145,Florfenicol,6,Florfenicol,Florfenicol (320 mg/1ml),1,25ml,Yes,Mixed in water,NA,18,15,444,"1,788",0.07,"6,667",3.73,54.56,2,NA
41,145,Florfenicol,7,Florfenicol,Florfenicol (320 mg/1ml),1,25ml,Yes,Mixed in water,NA,18,15,444,"1,788",0.07,"6,667",3.73,50.01,2,NA
41,145,Florfenicol,8,Florfenicol,Florfenicol (320 mg/1ml),1,25ml,Yes,Mixed in water,NA,18,15,444,"1,788",0.08,"6,667",3.73,45.84,2,NA
41,145,Amoxicillin,20,Amoxicillin trihydrate; Colistin sulfate,"Amoxicillin (100g/1000g); Colistin (500,000,000 IU/1000g)",0.87,50g,Yes,Mixed in water,NA,36,80,NA (water prepare < water consumption),"1,779",0.21,"4,350",2.45,11.43,2,NA
41,145,Colistin,20,Amoxicillin trihydrate; Colistin sulfate,"Amoxicillin (100g/1000g); Colistin (500,000,000 IU/1000g)",1,50g,Yes,Mixed in water,NA,36,80,NA (water prepare < water consumption),"1,779",0.21,833,0.47,2.19,2,NA
41,145,Amoxicillin,21,Amoxicillin trihydrate; Colistin sulfate,"Amoxicillin (100g/1000g); Colistin (500,000,000 IU/1000g)",0.87,50g,Yes,Mixed in water,NA,36,80,NA (water prepare < water consumption),"1,778",0.23,"4,350",2.45,10.79,2,NA
41,145,Colistin,21,Amoxicillin trihydrate; Colistin sulfate,"Amoxicillin (100g/1000g); Colistin (500,000,000 IU/1000g)",1,50g,Yes,Mixed in water,NA,36,80,NA (water prepare < water consumption),"1,778",0.23,833,0.47,2.07,2,NA
41,145,Amoxicillin,22,Amoxicillin trihydrate; Colistin sulfate,"Amoxicillin (100g/1000g); Colistin (500,000,000 IU/1000g)",0.87,50g,Yes,Mixed in water,NA,36,90,NA (water prepare < water consumption),"1,778",0.24,"4,350",2.45,10.23,2,NA
41,145,Colistin,22,Amoxicillin trihydrate; Colistin sulfate,"Amoxicillin (100g/1000g); Colistin (500,000,000 IU/1000g)",1,50g,Yes,Mixed in water,NA,36,90,NA (water prepare < water consumption),"1,778",0.24,833,0.47,1.96,2,NA
41,145,Amoxicillin,23,Amoxicillin trihydrate; Colistin sulfate,"Amoxicillin (100g/1000g); Colistin (500,000,000 IU/1000g)",0.87,50g,Yes,Mixed in water,NA,36,90,NA (water prepare < water consumption),"1,776",0.25,"4,350",2.45,9.74,2,NA
41,145,Colistin,23,Amoxicillin trihydrate; Colistin sulfate,"Amoxicillin (100g/1000g); Colistin (500,000,000 IU/1000g)",1,50g,Yes,Mixed in water,NA,36,90,NA (water prepare < water consumption),"1,776",0.25,833,0.47,1.87,2,NA
41,145,Colistin,34,Colistin sulfate,Colistin (500mg/1g),1,40g,Yes,Mixed in water,NA,70,120,NA (water prepare < water consumption),"1,774",0.37,"20,000",11.27,30.37,2,NA
41,145,Amoxicillin,34,Amoxicillin trihydrate; Colistin sulfate,"Amoxicillin (100g/1000g); Colistin (500,000,000 IU/1000g)",0.87,100g,Yes,Mixed in water,NA,70,120,NA (water prepare < water consumption),"1,774",0.37,"8,700",4.9,13.21,2,NA
41,145,Colistin,35,Colistin sulfate,Colistin (500mg/1g),1,40g,Yes,Mixed in water,NA,70,120,NA (water prepare < water consumption),"1,774",0.38,"20,000",11.27,29.39,2,NA
41,145,Amoxicillin,35,Amoxicillin trihydrate; Colistin sulfate,"Amoxicillin (100g/1000g); Colistin (500,000,000 IU/1000g)",0.87,100g,Yes,Mixed in water,NA,70,120,NA (water prepare < water consumption),"1,774",0.38,"8,700",4.9,12.78,2,NA
41,145,Colistin,36,Colistin sulfate,Colistin (500mg/1g),1,40g,Yes,Mixed in water,NA,70,120,NA (water prepare < water consumption),"1,774",0.4,"20,000",11.27,28.43,2,NA
41,145,Amoxicillin,36,Amoxicillin trihydrate; Colistin sulfate,"Amoxicillin (100g/1000g); Colistin (500,000,000 IU/1000g)",0.87,100g,Yes,Mixed in water,NA,70,120,NA (water prepare < water consumption),"1,774",0.4,"8,700",4.9,12.37,2,NA
41,145,Colistin,44,Colistin sulfate,Colistin (500mg/1g),1,40g,Yes,Mixed in water,NA,100,160,NA (water prepare < water consumption),"1,771",0.49,"20,000",11.29,22.97,2,NA
41,145,Amoxicillin,44,Amoxicillin trihydrate; Colistin sulfate,"Amoxicillin (100g/1000g); Colistin (500,000,000 IU/1000g)",0.87,100g,Yes,Mixed in water,NA,100,160,NA (water prepare < water consumption),"1,771",0.49,"8,700",4.91,9.99,2,NA
41,145,Amoxicillin,45,Amoxicillin trihydrate; Colistin sulfate,"Amoxicillin (100g/1000g); Colistin (500,000,000 IU/1000g)",0.87,100g,Yes,Mixed in water,NA,100,160,NA (water prepare < water consumption),"1,770",0.5,"8,700",4.92,9.8,2,NA
41,145,Colistin,45,Amoxicillin trihydrate; Colistin sulfate,"Amoxicillin (100g/1000g); Colistin (500,000,000 IU/1000g)",1,100g,Yes,Mixed in water,NA,100,160,NA (water prepare < water consumption),"1,770",0.5,"1,667",0.94,1.88,2,NA
41,145,Amoxicillin,46,Amoxicillin trihydrate; Colistin sulfate,"Amoxicillin (100g/1000g); Colistin (500,000,000 IU/1000g)",0.87,100g,Yes,Mixed in water,NA,100,170,NA (water prepare < water consumption),"1,769",0.51,"8,700",4.92,9.62,2,NA
41,145,Colistin,46,Amoxicillin trihydrate; Colistin sulfate,"Amoxicillin (100g/1000g); Colistin (500,000,000 IU/1000g)",1,100g,Yes,Mixed in water,NA,100,170,NA (water prepare < water consumption),"1,769",0.51,"1,667",0.94,1.84,2,NA
41,145,Amoxicillin,47,Amoxicillin trihydrate; Colistin sulfate,"Amoxicillin (100g/1000g); Colistin (500,000,000 IU/1000g)",0.87,100g,Yes,Mixed in water,NA,100,180,NA (water prepare < water consumption),"1,767",0.52,"8,700",4.92,9.46,2,NA
41,145,Colistin,47,Amoxicillin trihydrate; Colistin sulfate,"Amoxicillin (100g/1000g); Colistin (500,000,000 IU/1000g)",1,100g,Yes,Mixed in water,NA,100,180,NA (water prepare < water consumption),"1,767",0.52,"1,667",0.94,1.81,2,NA
41,145,Amoxicillin,58,Amoxicillin trihydrate; Colistin sulfate,"Amoxicillin (100g/1000g); Colistin (500,000,000 IU/1000g)",0.87,100g,Yes,Mixed in water,NA,100,220,NA (water prepare < water consumption),"1,761",0.6,"8,700",4.94,8.18,2,NA
41,145,Colistin,58,Amoxicillin trihydrate; Colistin sulfate,"Amoxicillin (100g/1000g); Colistin (500,000,000 IU/1000g)",1,100g,Yes,Mixed in water,NA,100,220,NA (water prepare < water consumption),"1,761",0.6,"1,667",0.95,1.57,2,NA
41,145,Amoxicillin,59,Amoxicillin trihydrate; Colistin sulfate,"Amoxicillin (100g/1000g); Colistin (500,000,000 IU/1000g)",0.87,100g,Yes,Mixed in water,NA,100,220,NA (water prepare < water consumption),"1,760",0.61,"8,700",4.94,8.09,2,NA
41,145,Colistin,59,Amoxicillin trihydrate; Colistin sulfate,"Amoxicillin (100g/1000g); Colistin (500,000,000 IU/1000g)",1,100g,Yes,Mixed in water,NA,100,220,NA (water prepare < water consumption),"1,760",0.61,"1,667",0.95,1.55,2,NA
41,145,Amoxicillin,60,Amoxicillin trihydrate; Colistin sulfate,"Amoxicillin (100g/1000g); Colistin (500,000,000 IU/1000g)",0.87,100g,Yes,Mixed in water,NA,100,220,NA (water prepare < water consumption),"1,759",0.62,"8,700",4.95,7.99,2,NA
41,145,Colistin,60,Amoxicillin trihydrate; Colistin sulfate,"Amoxicillin (100g/1000g); Colistin (500,000,000 IU/1000g)",1,100g,Yes,Mixed in water,NA,100,220,NA (water prepare < water consumption),"1,759",0.62,"1,667",0.95,1.53,2,NA
41,145,Amoxicillin,61,Amoxicillin trihydrate; Colistin sulfate,"Amoxicillin (100g/1000g); Colistin (500,000,000 IU/1000g)",0.87,100g,Yes,Mixed in water,NA,100,220,NA (water prepare < water consumption),"1,759",0.63,"8,700",4.95,7.89,2,NA
41,145,Colistin,61,Amoxicillin trihydrate; Colistin sulfate,"Amoxicillin (100g/1000g); Colistin (500,000,000 IU/1000g)",1,100g,Yes,Mixed in water,NA,100,220,NA (water prepare < water consumption),"1,759",0.63,"1,667",0.95,1.51,2,NA
41,145,Doxycycline,63,Doxycycline hyclate,Doxycycline (575g/1000g),0.82,100g,Yes,Mixed in water,NA,120,240,NA (water prepare < water consumption),"1,758",0.64,"47,150",26.82,41.73,2,NA
41,145,Doxycycline,64,Doxycycline hyclate,Doxycycline (575g/1000g),0.82,100g,Yes,Mixed in water,NA,120,240,NA (water prepare < water consumption),"1,758",0.65,"47,150",26.82,41.23,2,NA
41,145,Doxycycline,65,Doxycycline hyclate,Doxycycline (575g/1000g),0.82,100g,Yes,Mixed in water,NA,120,250,NA (water prepare < water consumption),"1,757",0.66,"47,150",26.84,40.77,2,NA
41,145,Doxycycline,66,Doxycycline hyclate,Doxycycline (575g/1000g),0.82,100g,Yes,Mixed in water,NA,120,250,NA (water prepare < water consumption),"1,757",0.67,"47,150",26.84,40.31,2,NA
41,145,Doxycycline,73,Doxycycline hyclate,Doxycycline (575g/1000g),0.82,100g,Yes,Mixed in water,NA,120,260,NA (water prepare < water consumption),"1,752",0.72,"47,150",26.91,37.54,2,NA
41,145,Tilmicosin,73,Tilmicosin phosphate,Tilmicosin (300 g/1lit),0.9,100ml,Yes,Mixed in water,NA,120,260,NA (water prepare < water consumption),"1,752",0.72,"27,000",15.41,21.5,2,NA
41,145,Doxycycline,74,Doxycycline hyclate,Doxycycline (575g/1000g),0.82,100g,Yes,Mixed in water,NA,120,260,NA (water prepare < water consumption),"1,751",0.72,"47,150",26.93,37.16,2,NA
41,145,Tilmicosin,74,Tilmicosin phosphate,Tilmicosin (300 g/1lit),0.9,100ml,Yes,Mixed in water,NA,120,260,NA (water prepare < water consumption),"1,751",0.72,"27,000",15.42,21.28,2,NA
41,145,Doxycycline,75,Doxycycline hyclate,Doxycycline (575g/1000g),0.82,100g,Yes,Mixed in water,NA,120,260,NA (water prepare < water consumption),"1,751",0.73,"47,150",26.93,36.75,2,NA
41,145,Tilmicosin,75,Tilmicosin phosphate,Tilmicosin (300 g/1lit),0.9,100ml,Yes,Mixed in water,NA,120,260,NA (water prepare < water consumption),"1,751",0.73,"27,000",15.42,21.05,2,NA
41,145,Doxycycline,76,Doxycycline hyclate,Doxycycline (575g/1000g),0.82,100g,Yes,Mixed in water,NA,120,260,NA (water prepare < water consumption),"1,751",0.74,"47,150",26.93,36.35,2,NA
41,145,Tilmicosin,76,Tilmicosin phosphate,Tilmicosin (300 g/1lit),0.9,100ml,Yes,Mixed in water,NA,120,260,NA (water prepare < water consumption),"1,751",0.74,"27,000",15.42,20.81,2,NA
41,145,Doxycycline,77,Doxycycline hyclate,Doxycycline (575g/1000g),0.82,100g,Yes,Mixed in water,NA,120,260,NA (water prepare < water consumption),"1,748",0.75,"47,150",26.97,36,2,NA
41,145,Tilmicosin,77,Tilmicosin phosphate,Tilmicosin (300 g/1lit),0.9,100ml,Yes,Mixed in water,NA,120,260,NA (water prepare < water consumption),"1,748",0.75,"27,000",15.45,20.62,2,NA
41,145,Doxycycline,78,Doxycycline hyclate,Doxycycline (575g/1000g),0.82,100g,Yes,Mixed in water,NA,120,260,NA (water prepare < water consumption),"1,747",0.76,"47,150",26.99,35.62,2,NA
41,145,Tilmicosin,78,Tilmicosin phosphate,Tilmicosin (300 g/1lit),0.9,100ml,Yes,Mixed in water,NA,120,260,NA (water prepare < water consumption),"1,747",0.76,"27,000",15.46,20.4,2,NA
41,145,Bacitracin,83,Bacitracin methylene disalicylate,Bacitracin methylene (50g/100g),1,100g,Yes,Mixed in water,NA,120,270,NA (water prepare < water consumption),"1,746",0.8,"50,000",28.64,35.86,2,NA
41,145,Sulfamonomethoxine_TMP,83,Sulfamonomethoxine sodium;  Trimethoprim,Sulfamonomethoxine (500mg/1g),0.93,100g,Yes,Mixed in water,NA,120,270,NA (water prepare < water consumption),"1,746",0.8,"46,500",26.63,33.35,2,NA
41,145,Bacitracin,84,Bacitracin methylene disalicylate,Bacitracin methylene (50g/100g),1,100g,Yes,Mixed in water,NA,120,270,NA (water prepare < water consumption),"1,746",0.81,"50,000",28.64,35.51,2,NA
41,145,Sulfamonomethoxine_TMP,84,Sulfamonomethoxine sodium;  Trimethoprim,Sulfamonomethoxine (500mg/1g),0.93,100g,Yes,Mixed in water,NA,120,270,NA (water prepare < water consumption),"1,746",0.81,"46,500",26.63,33.03,2,NA
41,145,Bacitracin,85,Bacitracin methylene disalicylate,Bacitracin methylene (50g/100g),1,100g,Yes,Mixed in water,NA,120,270,NA (water prepare < water consumption),"1,743",0.81,"50,000",28.69,35.23,2,NA
41,145,Sulfamonomethoxine_TMP,85,Sulfamonomethoxine sodium;  Trimethoprim,Sulfamonomethoxine (500mg/1g),0.93,100g,Yes,Mixed in water,NA,120,270,NA (water prepare < water consumption),"1,743",0.81,"46,500",26.68,32.77,2,NA
41,145,Bacitracin,86,Bacitracin methylene disalicylate,Bacitracin methylene (50g/100g),1,100g,Yes,Mixed in water,NA,120,270,NA (water prepare < water consumption),"1,741",0.82,"50,000",28.72,34.94,2,NA
41,145,Sulfamonomethoxine_TMP,86,Sulfamonomethoxine sodium;  Trimethoprim,Sulfamonomethoxine (500mg/1g),0.93,100g,Yes,Mixed in water,NA,120,270,NA (water prepare < water consumption),"1,741",0.82,"46,500",26.71,32.5,2,NA
41,145,Bacitracin,87,Bacitracin methylene disalicylate,Bacitracin methylene (50g/100g),1,100g,Yes,Mixed in water,NA,120,270,NA (water prepare < water consumption),"1,740",0.83,"50,000",28.74,34.65,2,NA
41,145,Sulfamonomethoxine_TMP,87,Sulfamonomethoxine sodium;  Trimethoprim,Sulfamonomethoxine (500mg/1g),0.93,100g,Yes,Mixed in water,NA,120,270,NA (water prepare < water consumption),"1,740",0.83,"46,500",26.72,32.22,2,NA
41,145,Bacitracin,88,Bacitracin methylene disalicylate,Bacitracin methylene (50g/100g),1,100g,Yes,Mixed in water,NA,120,270,NA (water prepare < water consumption),"1,739",0.84,"50,000",28.75,34.37,2,NA
41,145,Sulfamonomethoxine_TMP,88,Sulfamonomethoxine sodium;  Trimethoprim,Sulfamonomethoxine (500mg/1g),0.93,100g,Yes,Mixed in water,NA,120,270,NA (water prepare < water consumption),"1,739",0.84,"46,500",26.74,31.96,2,NA
41,145,Bacitracin,89,Bacitracin methylene disalicylate,Bacitracin methylene (50g/100g),1,100g,Yes,Mixed in water,NA,120,270,NA (water prepare < water consumption),"1,738",0.84,"50,000",28.77,34.11,2,NA
42,151,Bacitracin,61,Bacitracin methylene disalicylate,Bacitracin methylene (500mg/1000mg),1,80g,Yes,Mixed in water,NA,60,160,NA (water prepare < water consumption),"1,512",0.97,"40,000",26.46,27.31,1,Diarrhea
42,151,Bacitracin,62,Bacitracin methylene disalicylate,Bacitracin methylene (500mg/1000mg),1,80g,Yes,Mixed in water,NA,60,160,NA (water prepare < water consumption),"1,512",0.99,"40,000",26.46,26.59,1,Diarrhea
42,151,Bacitracin,63,Bacitracin methylene disalicylate,Bacitracin methylene (500mg/1000mg),1,80g,Yes,Mixed in water,NA,60,160,NA (water prepare < water consumption),"1,512",1.02,"40,000",26.46,25.91,1,Diarrhea
42,151,Bacitracin,64,Bacitracin methylene disalicylate,Bacitracin methylene (500mg/1000mg),1,80g,Yes,Mixed in water,NA,60,160,NA (water prepare < water consumption),"1,507",1.05,"40,000",26.54,25.35,1,Diarrhea
42,151,Bacitracin,65,Bacitracin methylene disalicylate,Bacitracin methylene (500mg/1000mg),1,80g,Yes,Mixed in water,NA,60,160,NA (water prepare < water consumption),"1,507",1.07,"40,000",26.54,24.74,1,Diarrhea
43,146,Enrofloxacin,0,Enrofloxacin,Enrofloxacin (300mg/1ml),1,30 ml,Yes,Mixed in water,NA,5,4,"1,800","1,020",0.05,"7,200",7.06,23.54,2,NA
43,146,Enrofloxacin,1,Enrofloxacin,Enrofloxacin (300mg/1ml),1,30 ml,Yes,Mixed in water,NA,5,7,NA (water prepare < water consumption),"1,019",0.05,"9,000",8.83,23.54,2,NA
43,146,Enrofloxacin,2,Enrofloxacin,Enrofloxacin (300mg/1ml),1,30 ml,Yes,Mixed in water,NA,5,8,NA (water prepare < water consumption),"1,019",0.06,"9,000",8.83,23.54,2,NA
43,146,Neomycin,7,Neomycin sulfate; Colistin sulfate,"Neomycin (100g/1000g); Colistin ( 60,000,000IU/1000g)",0.68,30 g,Yes,Mixed in water,NA,3,20,NA (water prepare < water consumption),"1,007",0.08,"2,040",2.03,24.75,2,NA
43,146,Colistin,7,Neomycin sulfate; Colistin sulfate,"Neomycin (100g/1000g); Colistin ( 60,000,000IU/1000g)",1,30 g,Yes,Mixed in water,NA,3,20,NA (water prepare < water consumption),"1,007",0.08,60,0.06,0.73,2,NA
43,146,Neomycin,8,Neomycin sulfate; Colistin sulfate,"Neomycin (100g/1000g); Colistin ( 60,000,000IU/1000g)",0.68,30 g,Yes,Mixed in water,NA,3,20,NA (water prepare < water consumption),"1,007",0.09,"2,040",2.03,23.03,2,NA
43,146,Colistin,8,Neomycin sulfate; Colistin sulfate,"Neomycin (100g/1000g); Colistin ( 60,000,000IU/1000g)",1,30 g,Yes,Mixed in water,NA,3,20,NA (water prepare < water consumption),"1,007",0.09,60,0.06,0.68,2,NA
43,146,Neomycin,9,Neomycin sulfate; Colistin sulfate,"Neomycin (100g/1000g); Colistin ( 60,000,000IU/1000g)",0.68,30 g,Yes,Mixed in water,NA,3,20,NA (water prepare < water consumption),"1,007",0.09,"2,040",2.03,21.42,2,NA
43,146,Colistin,9,Neomycin sulfate; Colistin sulfate,"Neomycin (100g/1000g); Colistin ( 60,000,000IU/1000g)",1,30 g,Yes,Mixed in water,NA,3,20,NA (water prepare < water consumption),"1,007",0.09,60,0.06,0.63,2,NA
43,146,Neomycin,28,Neomycin sulfate; Colistin sulfate,"Neomycin (100g/1000g); Colistin ( 60,000,000IU/1000g)",0.68,50 g,Yes,Mixed in water,NA,20,60,NA (water prepare < water consumption),979,0.27,"3,400",3.47,12.92,2,NA
43,146,Colistin,28,Neomycin sulfate; Colistin sulfate,"Neomycin (100g/1000g); Colistin ( 60,000,000IU/1000g)",1,50 g,Yes,Mixed in water,NA,20,60,NA (water prepare < water consumption),979,0.27,100,0.1,0.38,2,NA
43,146,Neomycin,29,Neomycin sulfate; Colistin sulfate,"Neomycin (100g/1000g); Colistin ( 60,000,000IU/1000g)",0.68,50g,Yes,Mixed in water,NA,20,70,NA (water prepare < water consumption),978,0.28,"3,400",3.48,12.57,2,NA
43,146,Colistin,29,Neomycin sulfate; Colistin sulfate,"Neomycin (100g/1000g); Colistin ( 60,000,000IU/1000g)",1,50g,Yes,Mixed in water,NA,20,70,NA (water prepare < water consumption),978,0.28,100,0.1,0.37,2,NA
43,146,Doxycycline,79,Doxycycline hyclate,Doxycycline (500mg/1g),0.82,150g,Yes,Mixed in water,NA,70,100,NA (water prepare < water consumption),931,1.03,"61,500",66.06,22.41,1,Asthma
43,146,Doxycycline,80,Doxycycline hyclate,Doxycycline (500mg/1g),0.82,150g,Yes,Mixed in water,NA,70,120,NA (water prepare < water consumption),930,1.04,"61,500",66.13,22.41,1,Asthma
43,146,Doxycycline,81,Doxycycline hyclate,Doxycycline (500mg/1g),0.82,150g,Yes,Mixed in water,NA,70,120,NA (water prepare < water consumption),929,1.06,"61,500",66.2,22.41,1,Asthma
43,146,Doxycycline,82,Doxycycline hyclate,Doxycycline (500mg/1g),0.82,150g,Yes,Mixed in water,NA,70,120,NA (water prepare < water consumption),928,1.08,"61,500",66.27,22.41,1,Asthma
43,146,Doxycycline,83,Doxycycline hyclate,Doxycycline (500mg/1g),0.82,150g,Yes,Mixed in water,NA,70,120,NA (water prepare < water consumption),925,1.09,"61,500",66.49,22.41,1,Asthma
43,146,Florfenicol,89,Florfenicol,Florfenicol (300 mg/1ml),1,150g,Yes,Mixed in water,NA,80,130,NA (water prepare < water consumption),921,1.2,"45,000",48.86,40.73,2,NA
43,146,Florfenicol,90,Florfenicol,Florfenicol (300 mg/1ml),1,150g,Yes,Mixed in water,NA,80,130,NA (water prepare < water consumption),921,1.22,"45,000",48.86,40.18,2,NA
43,146,Florfenicol,91,Florfenicol,Florfenicol (300 mg/1ml),1,150g,Yes,Mixed in water,NA,80,130,NA (water prepare < water consumption),920,1.23,"45,000",48.91,39.7,2,NA
43,146,Florfenicol,92,Florfenicol,Florfenicol (300 mg/1ml),1,150g,Yes,Mixed in water,NA,80,130,NA (water prepare < water consumption),920,1.25,"45,000",48.91,39.21,2,NA
43,146,Neomycin,94,Neomycin sulfate; Nystatin,Neomycin(200g/1000g),0.68,150g,Yes,Mixed in water,NA,80,140,NA (water prepare < water consumption),918,1.28,"20,400",22.22,17.4,2,NA
43,146,Neomycin,95,Neomycin sulfate; Nystatin,Neomycin(200g/1000g),0.68,150g,Yes,Mixed in water,NA,80,140,NA (water prepare < water consumption),917,1.29,"20,400",22.25,17.21,2,NA
43,146,Neomycin,96,Neomycin sulfate; Nystatin,Neomycin(200g/1000g),0.68,150g,Yes,Mixed in water,NA,80,140,NA (water prepare < water consumption),916,1.31,"20,400",22.27,17.03,2,NA
43,146,Neomycin,97,Neomycin sulfate; Nystatin,Neomycin(200g/1000g),0.68,150g,Yes,Mixed in water,NA,80,140,NA (water prepare < water consumption),914,1.32,"20,400",22.32,16.86,2,NA
44,161,Enrofloxacin,0,Enrofloxacin base,Enrofloxacin (300g/1lit),1,20ml,Yes,Mixed in water,NA,7,5,857,"2,020",0.04,"4,286",2.12,54.25,2,NA
44,161,Enrofloxacin,1,Enrofloxacin base,Enrofloxacin (300g/1lit),1,20ml,Yes,Mixed in water,NA,7,5,857,"2,008",0.04,"4,286",2.13,50.38,2,NA
44,161,Enrofloxacin,2,Enrofloxacin base,Enrofloxacin (300g/1lit),1,20ml,Yes,Mixed in water,NA,7,10,NA (water prepare < water consumption),"1,998",0.05,"6,000",3,65.44,2,NA
44,161,Enrofloxacin,17,Enrofloxacin base,Enrofloxacin (300g/1lit),1,40 ml,Yes,Mixed in water,NA,20,85,NA (water prepare < water consumption),"1,973",0.15,"12,000",6.08,40.62,2,NA
44,161,Enrofloxacin,18,Enrofloxacin base,Enrofloxacin (300g/1lit),1,40 ml,Yes,Mixed in water,NA,20,85,NA (water prepare < water consumption),"1,971",0.16,"12,000",6.09,38.08,2,NA
44,161,Enrofloxacin,19,Enrofloxacin base,Enrofloxacin (300g/1lit),1,40 ml,Yes,Mixed in water,NA,20,90,NA (water prepare < water consumption),"1,971",0.17,"12,000",6.09,35.82,2,NA
44,161,Amoxicillin,22,Amoxicillin trihydrate,Amoxicillin (15g/100g),0.87,50g,Yes,Mixed in water,NA,25,100,NA (water prepare < water consumption),"1,959",0.2,"6,525",3.33,16.69,2,NA
44,161,Amoxicillin,23,Amoxicillin trihydrate,Amoxicillin (15g/100g),0.87,50g,Yes,Mixed in water,NA,25,110,NA (water prepare < water consumption),"1,956",0.21,"6,525",3.34,15.95,2,NA
44,161,Amoxicillin,24,Amoxicillin trihydrate,Amoxicillin (15g/100g),0.87,50g,Yes,Mixed in water,NA,25,110,NA (water prepare < water consumption),"1,954",0.22,"6,525",3.34,15.27,2,NA
44,161,Amoxicillin,61,Amoxicillin trihydrate,Amoxicillin (575mg/1g),0.87,100g,Yes,Mixed in water,NA,50,150,NA (water prepare < water consumption),"1,928",0.75,"50,025",25.95,34.82,2,NA
44,161,Florfenicol,61,Florfenicol,Florfenicol (200g/1lit),1,100ml,Yes,Mixed in water,NA,50,150,NA (water prepare < water consumption),"1,928",0.75,"20,000",10.37,13.92,2,NA
44,161,Amoxicillin,62,Amoxicillin trihydrate,Amoxicillin (575mg/1g),0.87,100g,Yes,Mixed in water,NA,50,150,NA (water prepare < water consumption),"1,927",0.76,"50,025",25.96,34.21,2,NA
44,161,Florfenicol,62,Florfenicol,Florfenicol (200g/1lit),1,100ml,Yes,Mixed in water,NA,50,150,NA (water prepare < water consumption),"1,927",0.76,"20,000",10.38,13.68,2,NA
44,161,Amoxicillin,63,Amoxicillin trihydrate,Amoxicillin (575mg/1g),0.87,100g,Yes,Mixed in water,NA,50,150,NA (water prepare < water consumption),"1,927",0.77,"50,025",25.96,33.61,2,NA
44,161,Florfenicol,63,Florfenicol,Florfenicol (200g/1lit),1,100ml,Yes,Mixed in water,NA,50,150,NA (water prepare < water consumption),"1,927",0.77,"20,000",10.38,13.44,2,NA
44,161,Amoxicillin,64,Amoxicillin trihydrate,Amoxicillin (575mg/1g),0.87,100g,Yes,Mixed in water,NA,50,150,NA (water prepare < water consumption),"1,927",0.79,"50,025",25.96,33.02,2,NA
44,161,Florfenicol,64,Florfenicol,Florfenicol (200g/1lit),1,100ml,Yes,Mixed in water,NA,50,150,NA (water prepare < water consumption),"1,927",0.79,"20,000",10.38,13.2,2,NA
44,161,Doxycycline,104,Doxycycline hyclate,Doxycycline (500mg/1g),0.82,200g,Yes,Mixed in water,NA,100,300,NA (water prepare < water consumption),"1,899",1.43,"82,000",43.18,22.41,1,Asthma
44,161,Tilmicosin,104,Tilmicosin phosphate,Tilmicosin (250 g/1lit),0.9,200 ml,Yes,Mixed in water,NA,100,300,NA (water prepare < water consumption),"1,899",1.43,"45,000",23.7,16.58,1,Asthma
44,161,Doxycycline,105,Doxycycline hyclate,Doxycycline (500mg/1g),0.82,200g,Yes,Mixed in water,NA,100,300,NA (water prepare < water consumption),"1,899",1.45,"82,000",43.18,22.41,1,Asthma
44,161,Tilmicosin,105,Tilmicosin phosphate,Tilmicosin (250 g/1lit),0.9,200 ml,Yes,Mixed in water,NA,100,300,NA (water prepare < water consumption),"1,899",1.45,"45,000",23.7,16.36,1,Asthma
44,161,Doxycycline,106,Doxycycline hyclate,Doxycycline (500mg/1g),0.82,200g,Yes,Mixed in water,NA,100,300,NA (water prepare < water consumption),"1,899",1.47,"82,000",43.18,22.41,1,Asthma
44,161,Tilmicosin,106,Tilmicosin phosphate,Tilmicosin (250 g/1lit),0.9,200 ml,Yes,Mixed in water,NA,100,300,NA (water prepare < water consumption),"1,899",1.47,"45,000",23.7,16.12,1,Asthma
44,161,Doxycycline,107,Doxycycline hyclate,Doxycycline (500mg/1g),0.82,200g,Yes,Mixed in water,NA,100,310,NA (water prepare < water consumption),"1,899",1.49,"82,000",43.18,22.41,1,Asthma
44,161,Tilmicosin,107,Tilmicosin phosphate,Tilmicosin (250 g/1lit),0.9,200 ml,Yes,Mixed in water,NA,100,310,NA (water prepare < water consumption),"1,899",1.49,"45,000",23.7,15.87,1,Asthma
44,161,Doxycycline,108,Doxycycline hyclate,Doxycycline (500mg/1g),0.82,200g,Yes,Mixed in water,NA,100,310,NA (water prepare < water consumption),"1,899",1.52,"82,000",43.18,22.41,1,Asthma
44,161,Tilmicosin,108,Tilmicosin phosphate,Tilmicosin (250 g/1lit),0.9,200ml,Yes,Mixed in water,NA,100,310,NA (water prepare < water consumption),"1,899",1.52,"45,000",23.7,15.6,1,Asthma
44,161,Doxycycline,109,Doxycycline hyclate,Doxycycline (500mg/1g),0.82,200g,Yes,Mixed in water,NA,100,310,NA (water prepare < water consumption),"1,898",1.55,"82,000",43.2,22.41,1,Asthma
44,161,Tilmicosin,109,Tilmicosin phosphate,Tilmicosin (250 g/1lit),0.9,200 ml,Yes,Mixed in water,NA,100,310,NA (water prepare < water consumption),"1,898",1.55,"45,000",23.71,15.34,1,Asthma
45,146,Enrofloxacin,1,Enrofloxacin,Enrofloxacin (200mg/1ml),1,15ml,Yes,Mixed in water,NA,7,3,429,"1,000",0.04,"1,286",1.29,31.33,2,NA
45,146,Enrofloxacin,2,Enrofloxacin,Enrofloxacin (200mg/1ml),1,15ml,Yes,Mixed in water,NA,7,4,429,997,0.04,"1,714",1.72,38.78,2,NA
45,146,Amoxicillin,17,Amoxicillin trihydrate,Amoxicillin (500mg/1g),1,70g,Yes,Mixed in water,NA,10,25,NA (water prepare < water consumption),969,0.14,"35,000",36.12,257.12,2,NA
45,146,Amoxicillin,18,Amoxicillin trihydrate,Amoxicillin (500mg/1g),1,70g,Yes,Mixed in water,NA,10,30,NA (water prepare < water consumption),969,0.15,"35,000",36.12,241.1,2,NA
45,146,Enrofloxacin,34,Enrofloxacin,Enrofloxacin (200mg/1ml),1,40 ml,Yes,Mixed in water,NA,30,70,NA (water prepare < water consumption),960,0.29,"8,000",8.33,29.24,2,NA
45,146,Enrofloxacin,35,Enrofloxacin,Enrofloxacin (200mg/1ml),1,40 ml,Yes,Mixed in water,NA,30,70,NA (water prepare < water consumption),960,0.3,"8,000",8.33,28.17,2,NA
45,146,Enrofloxacin,36,Enrofloxacin,Enrofloxacin (200mg/1ml),1,40 ml,Yes,Mixed in water,NA,30,80,NA (water prepare < water consumption),960,0.31,"8,000",8.33,27.11,2,NA
45,146,Doxycycline,37,Gentamicin sulfate; Doxycycline hyclate,Gentamicin (50mg/1g); Doxycycline (100mg/1g),0.82,100g,Yes,Mixed in water,NA,30,80,NA (water prepare < water consumption),960,0.32,"8,200",8.54,26.72,2,NA
45,146,Gentamicin,37,Gentamicin sulfate; Doxycycline hyclate,Gentamicin (50mg/1g); Doxycycline (100mg/1g),0.83,100g,Yes,Mixed in water,NA,30,80,NA (water prepare < water consumption),960,0.32,"4,150",4.32,13.52,2,NA
45,146,Sulfamonomethoxine,38,Sulfamonomethoxine sodium,Sulfamonomethoxine (9.85g/10g),0.93,20g,Yes,Mixed in water,NA,30,80,NA (water prepare < water consumption),960,0.33,"18,321",19.08,57.41,2,NA
45,146,Doxycycline,38,Gentamicin sulfate; Doxycycline hyclate,Gentamicin (50mg/1g); Doxycycline (100mg/1g),0.82,100g,Yes,Mixed in water,NA,30,80,NA (water prepare < water consumption),960,0.33,"8,200",8.54,25.7,2,NA
45,146,Gentamicin,38,Gentamicin sulfate; Doxycycline hyclate,Gentamicin (50mg/1g); Doxycycline (100mg/1g),0.83,100g,Yes,Mixed in water,NA,30,80,NA (water prepare < water consumption),960,0.33,"4,150",4.32,13,2,NA
45,146,Sulfamonomethoxine,39,Sulfamonomethoxine sodium,Sulfamonomethoxine (9.85g/10g),0.93,20g,Yes,Mixed in water,NA,30,90,NA (water prepare < water consumption),960,0.35,"18,321",19.08,55.24,2,NA
45,146,Doxycycline,39,Gentamicin sulfate; Doxycycline hyclate,Gentamicin (50mg/1g); Doxycycline (100mg/1g),0.82,100g,Yes,Mixed in water,NA,30,90,NA (water prepare < water consumption),960,0.35,"8,200",8.54,24.72,2,NA
45,146,Gentamicin,39,Gentamicin sulfate; Doxycycline hyclate,Gentamicin (50mg/1g); Doxycycline (100mg/1g),0.83,100g,Yes,Mixed in water,NA,30,90,NA (water prepare < water consumption),960,0.35,"4,150",4.32,12.51,2,NA
45,146,Florfenicol,51,Florfenicol; Doxycycline,Florfenicol (200 mg/1ml); Doxycycline (100 mg/1ml),1,100ml,Yes,Mixed in water,NA,40,140,NA (water prepare < water consumption),959,0.51,"20,000",20.86,40.61,2,NA
45,146,Doxycycline,51,Florfenicol; Doxycycline,Florfenicol (200 mg/1ml); Doxycycline (100 mg/1ml),1,100ml,Yes,Mixed in water,NA,40,140,NA (water prepare < water consumption),959,0.51,"10,000",10.43,20.3,2,NA
45,146,Florfenicol,52,Florfenicol; Doxycycline,Florfenicol (200 mg/1ml); Doxycycline (100 mg/1ml),1,100ml,Yes,Mixed in water,NA,40,140,NA (water prepare < water consumption),959,0.53,"20,000",20.86,39.57,2,NA
45,146,Doxycycline,52,Florfenicol; Doxycycline,Florfenicol (200 mg/1ml); Doxycycline (100 mg/1ml),1,100ml,Yes,Mixed in water,NA,40,140,NA (water prepare < water consumption),959,0.53,"10,000",10.43,19.79,2,NA
45,146,Florfenicol,53,Florfenicol; Doxycycline,Florfenicol (200 mg/1ml); Doxycycline (100 mg/1ml),1,100ml,Yes,Mixed in water,NA,40,140,NA (water prepare < water consumption),959,0.54,"20,000",20.86,38.61,2,NA
45,146,Doxycycline,53,Florfenicol; Doxycycline,Florfenicol (200 mg/1ml); Doxycycline (100 mg/1ml),1,100ml,Yes,Mixed in water,NA,40,140,NA (water prepare < water consumption),959,0.54,"10,000",10.43,19.3,2,NA
45,146,Sulfamonomethoxine,60,Sulfamonomethoxine sodium,Sulfamonomethoxine (9.85g/10g),0.93,30 g,Yes,Mixed in water,NA,40,150,NA (water prepare < water consumption),958,0.64,"27,482",28.69,45.13,2,NA
45,146,Doxycycline,60,Doxycycline; Gentamicin sulfate,Doxycycline (10g/100g); Gentamicin (5g/100g),1,50g,Yes,Mixed in water,NA,40,150,NA (water prepare < water consumption),958,0.64,"5,000",5.22,8.21,2,NA
45,146,Gentamicin,60,Doxycycline; Gentamicin sulfate,Doxycycline (10g/100g); Gentamicin (5g/100g),0.83,50g,Yes,Mixed in water,NA,40,150,NA (water prepare < water consumption),958,0.64,"4,150",4.33,6.81,2,NA
45,146,Sulfamonomethoxine,61,Sulfamonomethoxine sodium,Sulfamonomethoxine (9.85g/10g),0.93,30 g,Yes,Mixed in water,NA,40,150,NA (water prepare < water consumption),958,0.65,"27,482",28.69,44.13,2,NA
45,146,Doxycycline,61,Doxycycline; Gentamicin sulfate,Doxycycline (10g/100g); Gentamicin (5g/100g),1,50g,Yes,Mixed in water,NA,40,150,NA (water prepare < water consumption),958,0.65,"5,000",5.22,8.03,2,NA
45,146,Gentamicin,61,Doxycycline; Gentamicin sulfate,Doxycycline (10g/100g); Gentamicin (5g/100g),0.83,50g,Yes,Mixed in water,NA,40,150,NA (water prepare < water consumption),958,0.65,"4,150",4.33,6.66,2,NA
45,146,Sulfamonomethoxine,62,Sulfamonomethoxine sodium,Sulfamonomethoxine (9.85g/10g),0.93,30 g,Yes,Mixed in water,NA,40,150,NA (water prepare < water consumption),958,0.66,"27,482",28.69,43.18,2,NA
45,146,Doxycycline,62,Doxycycline; Gentamicin sulfate,Doxycycline (10g/100g); Gentamicin (5g/100g),1,50g,Yes,Mixed in water,NA,40,150,NA (water prepare < water consumption),958,0.66,"5,000",5.22,7.86,2,NA
45,146,Gentamicin,62,Doxycycline; Gentamicin sulfate,Doxycycline (10g/100g); Gentamicin (5g/100g),0.83,50g,Yes,Mixed in water,NA,40,150,NA (water prepare < water consumption),958,0.66,"4,150",4.33,6.52,2,NA
45,146,Doxycycline,69,Gentamicin sulfate; Doxycycline hyclate,Gentamicin (50mg/1g); Doxycycline (100mg/1g),0.82,100g,Yes,Mixed in water,NA,70,160,NA (water prepare < water consumption),958,0.76,"8,200",8.56,11.23,1,Asthma
45,146,Doxycycline,70,Gentamicin sulfate; Doxycycline hyclate,Gentamicin (50mg/1g); Doxycycline (100mg/1g),0.82,100g,Yes,Mixed in water,NA,70,170,NA (water prepare < water consumption),958,0.78,"8,200",8.56,11.02,1,Asthma
45,146,Doxycycline,71,Gentamicin sulfate; Doxycycline hyclate,Gentamicin (50mg/1g); Doxycycline (100mg/1g),0.82,100g,Yes,Mixed in water,NA,70,170,NA (water prepare < water consumption),958,0.79,"8,200",8.56,10.83,1,Asthma
45,146,Doxycycline,72,Gentamicin sulfate; Doxycycline hyclate,Gentamicin (50mg/1g); Doxycycline (100mg/1g),0.82,100g,Yes,Mixed in water,NA,70,170,NA (water prepare < water consumption),958,0.8,"8,200",8.56,10.64,1,Asthma
45,146,Doxycycline,73,Gentamicin sulfate; Doxycycline hyclate,Gentamicin (50mg/1g); Doxycycline (100mg/1g),0.82,100g,Yes,Mixed in water,NA,70,170,NA (water prepare < water consumption),958,0.82,"8,200",8.56,10.46,1,Asthma
45,146,Doxycycline,76,Gentamicin sulfate; Doxycycline hyclate,Gentamicin (50mg/1g); Doxycycline (100mg/1g),0.82,150g,Yes,Mixed in water,NA,70,180,NA (water prepare < water consumption),958,0.86,"12,300",12.84,14.93,1,Asthma
45,146,Doxycycline,77,Gentamicin sulfate; Doxycycline hyclate,Gentamicin (50mg/1g); Doxycycline (100mg/1g),0.82,150g,Yes,Mixed in water,NA,70,180,NA (water prepare < water consumption),958,0.87,"12,300",12.84,14.7,1,Asthma
45,146,Doxycycline,78,Gentamicin sulfate; Doxycycline hyclate,Gentamicin (50mg/1g); Doxycycline (100mg/1g),0.82,150g,Yes,Mixed in water,NA,70,180,NA (water prepare < water consumption),958,0.89,"12,300",12.84,14.47,1,Asthma
45,146,Doxycycline,79,Gentamicin sulfate; Doxycycline hyclate,Gentamicin (50mg/1g); Doxycycline (100mg/1g),0.82,150g,Yes,Mixed in water,NA,70,180,NA (water prepare < water consumption),958,0.9,"12,300",12.84,14.26,1,Asthma
45,146,Doxycycline,80,Gentamicin sulfate; Doxycycline hyclate,Gentamicin (50mg/1g); Doxycycline (100mg/1g),0.82,150g,Yes,Mixed in water,NA,70,190,NA (water prepare < water consumption),958,0.91,"12,300",12.84,14.06,1,Asthma
45,146,Doxycycline,81,Gentamicin sulfate; Doxycycline hyclate,Gentamicin (50mg/1g); Doxycycline (100mg/1g),0.82,150g,Yes,Mixed in water,NA,70,190,NA (water prepare < water consumption),958,0.93,"12,300",12.84,13.87,1,Asthma
46,148,Enrofloxacin,2,Enrofloxacin,Enrofloxacin (10g/100ml),1,20ml,Yes,Mixed in water,NA,5,10,NA (water prepare < water consumption),"2,014",0.04,"2,000",0.99,22.69,2,NA
46,148,Enrofloxacin,3,Enrofloxacin,Enrofloxacin (10g/100ml),1,20ml,Yes,Mixed in water,NA,5,10,NA (water prepare < water consumption),"2,008",0.05,"2,000",1,20.93,2,NA
46,148,Enrofloxacin,4,Enrofloxacin,Enrofloxacin (10g/100ml),1,20ml,Yes,Mixed in water,NA,5,20,NA (water prepare < water consumption),"2,002",0.05,"2,000",1,19.31,2,NA
46,148,Florfenicol,9,Florfenicol,Florfenicol (200mg/1ml),1,30ml,Yes,Mixed in water,NA,20,60,NA (water prepare < water consumption),"1,991",0.08,"6,000",3.01,23.36,2,NA
46,148,Florfenicol,10,Florfenicol,Florfenicol (200mg/1ml),1,30ml,Yes,Mixed in water,NA,20,70,NA (water prepare < water consumption),"1,989",0.09,"6,000",3.02,23.36,2,NA
46,148,Florfenicol,11,Florfenicol,Florfenicol (200mg/1ml),1,30ml,Yes,Mixed in water,NA,20,70,NA (water prepare < water consumption),"1,988",0.09,"6,000",3.02,23.36,2,NA
46,148,Doxycycline,70,Doxycycline hyclate,Doxycycline (500mg/1g),0.82,150g,Yes,Mixed in water,NA,100,300,NA (water prepare < water consumption),"1,435",0.68,"61,500",42.86,22.41,1,Asthma
46,148,Florfenicol,70,Florfenicol,Florfenicol (200mg/1ml),1,150 ml,Yes,Mixed in water,NA,100,300,NA (water prepare < water consumption),"1,435",0.68,"30,000",20.91,23.36,1,Asthma
46,148,Doxycycline,71,Doxycycline hyclate,Doxycycline (500mg/1g),0.82,150g,Yes,Mixed in water,NA,100,300,NA (water prepare < water consumption),"1,435",0.69,"61,500",42.86,22.41,1,Asthma
46,148,Florfenicol,71,Florfenicol,Florfenicol (200mg/1ml),1,150 ml,Yes,Mixed in water,NA,100,300,NA (water prepare < water consumption),"1,435",0.69,"30,000",20.91,23.36,1,Asthma
46,148,Amoxicillin,139,Amoxicillin trihydrate,Amoxicillin (500mg/1g),1,300g,Yes,Mixed in water,NA,200,750,NA (water prepare < water consumption),"1,427",2.27,"150,000",105.12,46.37,1,Blood in stool
46,148,Amoxicillin,140,Amoxicillin trihydrate,Amoxicillin (500mg/1g),1,300g,Yes,Mixed in water,NA,200,750,NA (water prepare < water consumption),"1,427",2.27,"150,000",105.12,46.37,1,Blood in stool
46,148,Amoxicillin,141,Amoxicillin trihydrate,Amoxicillin (500mg/1g),1,300g,Yes,Mixed in water,NA,200,750,NA (water prepare < water consumption),"1,427",2.27,"150,000",105.12,46.37,1,Blood in stool
47,144,Tylosin,2,"Gentamicin sulfate,Tylosin tartrate",Gentamicin (10g/50g); Tylosin (25g/50g),0.86,25g,Yes,Mixed in water,NA,2,5,NA (water prepare < water consumption),"1,496",0.05,"10,750",7.19,149.59,2,NA
47,144,Gentamicin,2,"Gentamicin sulfate,Tylosin tartrate",Gentamicin (10g/50g); Tylosin (25g/50g),0.83,25g,Yes,Mixed in water,NA,2,5,NA (water prepare < water consumption),"1,496",0.05,"4,150",2.77,57.75,2,NA
47,144,Tylosin,3,"Gentamicin sulfate,Tylosin tartrate",Gentamicin (10g/50g); Tylosin (25g/50g),0.86,25g,Yes,Mixed in water,NA,2,8,NA (water prepare < water consumption),"1,495",0.05,"10,750",7.19,138.29,2,NA
47,144,Gentamicin,3,"Gentamicin sulfate,Tylosin tartrate",Gentamicin (10g/50g); Tylosin (25g/50g),0.83,25g,Yes,Mixed in water,NA,2,8,NA (water prepare < water consumption),"1,495",0.05,"4,150",2.78,53.39,2,NA
47,144,Tylosin,4,"Gentamicin sulfate,Tylosin tartrate",Gentamicin (10g/50g); Tylosin (25g/50g),0.86,25g,Yes,Mixed in water,NA,2,8,NA (water prepare < water consumption),"1,493",0.06,"10,750",7.2,127.93,2,NA
47,144,Gentamicin,4,"Gentamicin sulfate,Tylosin tartrate",Gentamicin (10g/50g); Tylosin (25g/50g),0.83,25g,Yes,Mixed in water,NA,2,8,NA (water prepare < water consumption),"1,493",0.06,"4,150",2.78,49.39,2,NA
47,144,Tylosin,5,"Gentamicin sulfate,Tylosin tartrate",Gentamicin (10g/50g); Tylosin (25g/50g),0.86,25g,Yes,Mixed in water,NA,2,10,NA (water prepare < water consumption),"1,492",0.06,"10,750",7.21,118.27,2,NA
47,144,Gentamicin,5,"Gentamicin sulfate,Tylosin tartrate",Gentamicin (10g/50g); Tylosin (25g/50g),0.83,25g,Yes,Mixed in water,NA,2,10,NA (water prepare < water consumption),"1,492",0.06,"4,150",2.78,45.66,2,NA
47,144,Amoxicillin,32,Amoxicillin trihydrate; Colistin sulfate,"Amoxicillin (500g/1000g); Colistin (2,000,000,000 IU/1000g)",0.87,50g,Yes,Mixed in water,NA,20,120,NA (water prepare < water consumption),"1,486",0.28,"21,750",14.64,51.86,1,Blood in stool
47,144,Oxytetracycline,32,Oxytetracycline HCl,Oxytetracycline (100g/1000g),0.93,50g,Yes,Mixed in water,NA,20,120,NA (water prepare < water consumption),"1,486",0.28,"4,650",3.13,11.09,1,Blood in stool
47,144,Colistin,32,Amoxicillin trihydrate; Colistin sulfate,"Amoxicillin (500g/1000g); Colistin (2,000,000,000 IU/1000g)",1,50g,Yes,Mixed in water,NA,20,120,NA (water prepare < water consumption),"1,486",0.28,"3,333",2.24,7.95,1,Blood in stool
47,144,Amoxicillin,33,Amoxicillin trihydrate; Colistin sulfate,"Amoxicillin (500g/1000g); Colistin (2,000,000,000 IU/1000g)",0.87,50g,Yes,Mixed in water,NA,20,130,NA (water prepare < water consumption),"1,486",0.29,"21,750",14.64,50.34,1,Blood in stool
47,144,Oxytetracycline,33,Oxytetracycline HCl,Oxytetracycline (100g/1000g),0.93,50g,Yes,Mixed in water,NA,20,130,NA (water prepare < water consumption),"1,486",0.29,"4,650",3.13,10.76,1,Blood in stool
47,144,Colistin,33,Amoxicillin trihydrate; Colistin sulfate,"Amoxicillin (500g/1000g); Colistin (2,000,000,000 IU/1000g)",1,50g,Yes,Mixed in water,NA,20,130,NA (water prepare < water consumption),"1,486",0.29,"3,333",2.24,7.71,1,Blood in stool
47,144,Amoxicillin,34,Amoxicillin trihydrate; Colistin sulfate,"Amoxicillin (500g/1000g); Colistin (2,000,000,000 IU/1000g)",0.87,50g,Yes,Mixed in water,NA,20,140,NA (water prepare < water consumption),"1,486",0.3,"21,750",14.64,48.79,1,Blood in stool
47,144,Oxytetracycline,34,Oxytetracycline HCl,Oxytetracycline (100g/1000g),0.93,50g,Yes,Mixed in water,NA,20,140,NA (water prepare < water consumption),"1,486",0.3,"4,650",3.13,10.43,1,Blood in stool
47,144,Colistin,34,Amoxicillin trihydrate; Colistin sulfate,"Amoxicillin (500g/1000g); Colistin (2,000,000,000 IU/1000g)",1,50g,Yes,Mixed in water,NA,20,140,NA (water prepare < water consumption),"1,486",0.3,"3,333",2.24,7.48,1,Blood in stool
47,144,Amoxicillin,35,Amoxicillin trihydrate; Colistin sulfate,"Amoxicillin (500g/1000g); Colistin (2,000,000,000 IU/1000g)",0.87,50g,Yes,Mixed in water,NA,20,150,NA (water prepare < water consumption),"1,486",0.31,"21,750",14.64,47.21,1,Blood in stool
47,144,Oxytetracycline,35,Oxytetracycline HCl,Oxytetracycline (100g/1000g),0.93,50g,Yes,Mixed in water,NA,20,150,NA (water prepare < water consumption),"1,486",0.31,"4,650",3.13,10.09,1,Blood in stool
47,144,Colistin,35,Amoxicillin trihydrate; Colistin sulfate,"Amoxicillin (500g/1000g); Colistin (2,000,000,000 IU/1000g)",1,50g,Yes,Mixed in water,NA,20,150,NA (water prepare < water consumption),"1,486",0.31,"3,333",2.24,7.24,1,Blood in stool
36,152,Enrofloxacin,5,Enrofloxacin,Enrofloxacin (100mg/1ml),1,30ml,Yes,Mixed in water,NA,10,20,NA (water prepare < water consumption),"1,477",0.07,"3,000",2.03,23.54,2,NA
36,152,Enrofloxacin,6,Enrofloxacin,Enrofloxacin (100mg/1ml),1,30ml,Yes,Mixed in water,NA,10,30,NA (water prepare < water consumption),"1,475",0.07,"3,000",2.03,23.54,2,NA
36,152,Enrofloxacin,7,Enrofloxacin,Enrofloxacin (100mg/1ml),1,30ml,Yes,Mixed in water,NA,10,40,NA (water prepare < water consumption),"1,472",0.08,"3,000",2.04,23.54,2,NA
31,155,Sulfamethoxazole,89,Sulfamethoxazole Sodium,Sulfamethoxazole(200mg/1g),0.92,200g,Yes,Mixed in water,NA,100,400,NA (water prepare < water consumption),"2,054",1.04,"36,800",17.92,17.23,1,Blackhead disease
31,155,Sulfamethoxazole,90,Sulfamethoxazole Sodium,Sulfamethoxazole(200mg/1g),0.92,200 g,Yes,Mixed in water,NA,100,400,NA (water prepare < water consumption),"2,054",1.05,"36,800",17.92,17.03,1,Diarrhea
31,155,Sulfamethoxazole,91,Sulfamethoxazole Sodium,Sulfamethoxazole(200mg/1g),0.92,200g,Yes,Mixed in water,NA,100,400,NA (water prepare < water consumption),"2,052",1.06,"36,800",17.93,16.86,1,Diarrhea
47,144,Sulfamethoxazole,93,Sulfamethoxazole Sodium,Sulfamethoxazole(200mg/1g),0.92,250g,Yes,Mixed in feed,50,NA,300,NA (water prepare < water consumption),"1,480",0.87,"46,000",31.08,35.79,1,Swollen comb
47,144,Sulfamethoxazole,94,Sulfamethoxazole Sodium,Sulfamethoxazole(200mg/1g),0.92,250g,Yes,Mixed in feed,50,NA,300,NA (water prepare < water consumption),"1,480",0.88,"46,000",31.08,35.39,1,Swollen comb
47,144,Sulfamethoxazole,95,Sulfamethoxazole Sodium,Sulfamethoxazole(200mg/1g),0.92,250g,Yes,Mixed in feed,50,NA,300,NA (water prepare < water consumption),"1,480",0.89,"46,000",31.08,34.97,1,Swollen comb
48,147,Doxycycline,0,Doxycycline HCl; Colistin sulfate,"Doxycycline (50g/1000g); Colistin (500,000,000 IU/1000g)",0.82,10g,Yes,Mixed in water,NA,2,3,NA (water prepare < water consumption),"1,015",0.05,410,0.4,8.16,2,NA
48,147,Colistin,0,Doxycycline HCl; Colistin sulfate,"Doxycycline (50g/1000g); Colistin (500,000,000 IU/1000g)",1,10g,Yes,Mixed in water,NA,2,3,NA (water prepare < water consumption),"1,015",0.05,167,0.16,3.32,2,NA
48,147,Doxycycline,1,Doxycycline HCl; Colistin sulfate,"Doxycycline (50g/1000g); Colistin (500,000,000 IU/1000g)",0.82,10g,Yes,Mixed in water,NA,2,3,NA (water prepare < water consumption),"1,015",0.05,410,0.4,7.76,2,NA
48,147,Colistin,1,Doxycycline HCl; Colistin sulfate,"Doxycycline (50g/1000g); Colistin (500,000,000 IU/1000g)",1,10g,Yes,Mixed in water,NA,2,3,NA (water prepare < water consumption),"1,015",0.05,167,0.16,3.15,2,NA
48,147,Doxycycline,2,Doxycycline HCl; Colistin sulfate,"Doxycycline (50g/1000g); Colistin (500,000,000 IU/1000g)",0.82,10g,Yes,Mixed in water,NA,2,3,NA (water prepare < water consumption),"1,009",0.05,410,0.41,7.42,2,NA
48,147,Colistin,2,Doxycycline HCl; Colistin sulfate,"Doxycycline (50g/1000g); Colistin (500,000,000 IU/1000g)",1,10g,Yes,Mixed in water,NA,2,3,NA (water prepare < water consumption),"1,009",0.05,167,0.17,3.02,2,NA
48,147,Amoxicillin,6,Amoxicillin trihydrate; Colistin sulfate,"Amoxicillin (50g/100g); Colistin (280,000,000 IU/100g)",0.87,100g,Yes,Mixed in water,NA,15,5,"2,900",985,0.07,"14,500",14.72,219.38,1,Swollen eyes
48,147,Doxycycline,6,"Tylosin tartrate, Doxycycline HCl",Tylosin (100mg/1g); Doxycycline (200mg/1g),0.82,100g,Yes,Mixed in water,NA,15,5,"1,093",985,0.07,"5,467",5.55,82.71,2,NA
48,147,Colistin,6,Amoxicillin trihydrate; Colistin sulfate,"Amoxicillin (50g/100g); Colistin (280,000,000 IU/100g)",1,100g,Yes,Mixed in water,NA,15,5,622,985,0.07,"3,111",3.16,47.07,1,Swollen eyes
48,147,Tylosin,6,"Tylosin tartrate, Doxycycline HCl",Tylosin (100mg/1g); Doxycycline (200mg/1g),0.86,100g,Yes,Mixed in water,NA,15,5,573,985,0.07,"2,867",2.91,43.37,2,NA
48,147,Amoxicillin,7,Amoxicillin trihydrate; Colistin sulfate,"Amoxicillin (50g/100g); Colistin (280,000,000 IU/100g)",0.87,100g,Yes,Mixed in water,NA,15,10,"2,900",985,0.07,"29,000",29.44,417.07,1,Swollen eyes
48,147,Doxycycline,7,"Tylosin tartrate, Doxycycline HCl",Tylosin (100mg/1g); Doxycycline (200mg/1g),0.82,100g,Yes,Mixed in water,NA,15,10,"1,093",985,0.07,"10,933",11.1,157.24,2,NA
48,147,Colistin,7,Amoxicillin trihydrate; Colistin sulfate,"Amoxicillin (50g/100g); Colistin (280,000,000 IU/100g)",1,100g,Yes,Mixed in water,NA,15,10,622,985,0.07,"6,222",6.32,89.49,1,Swollen eyes
48,147,Tylosin,7,"Tylosin tartrate, Doxycycline HCl",Tylosin (100mg/1g); Doxycycline (200mg/1g),0.86,100g,Yes,Mixed in water,NA,15,10,573,985,0.07,"5,733",5.82,82.46,2,NA
48,147,Amoxicillin,8,Amoxicillin trihydrate; Colistin sulfate,"Amoxicillin (50g/100g); Colistin (280,000,000 IU/100g)",0.87,100g,Yes,Mixed in water,NA,15,10,"2,900",985,0.07,"29,000",29.44,396.44,1,Swollen eyes
48,147,Doxycycline,8,"Tylosin tartrate, Doxycycline HCl",Tylosin (100mg/1g); Doxycycline (200mg/1g),0.82,100g,Yes,Mixed in water,NA,15,10,"1,093",985,0.07,"10,933",11.1,149.46,2,NA
48,147,Colistin,8,Amoxicillin trihydrate; Colistin sulfate,"Amoxicillin (50g/100g); Colistin (280,000,000 IU/100g)",1,100g,Yes,Mixed in water,NA,15,10,622,985,0.07,"6,222",6.32,85.06,1,Swollen eyes
48,147,Tylosin,8,"Tylosin tartrate, Doxycycline HCl",Tylosin (100mg/1g); Doxycycline (200mg/1g),0.86,100g,Yes,Mixed in water,NA,15,10,573,985,0.07,"5,733",5.82,78.38,2,NA
48,147,Doxycycline,92,Doxycycline hyclate,Doxycycline (500mg/1g),1,150g,Yes,Mixed in water,NA,60,190,NA (water prepare < water consumption),977,0.9,"75,000",76.77,85.45,1,Asthma
48,147,Tilmicosin,92,Tilmicosin Phosphate,Tilmicosin (200mg/1g),0.9,150g,Yes,Mixed in water,NA,40,190,NA (water prepare < water consumption),977,0.9,"27,000",27.64,30.76,1,Asthma
48,147,Doxycycline,93,Doxycycline hyclate,Doxycycline (500mg/1g),1,150g,Yes,Mixed in water,NA,40,200,NA (water prepare < water consumption),977,0.91,"75,000",76.77,84.37,1,Asthma
48,147,Tilmicosin,93,Tilmicosin Phosphate,Tilmicosin (200mg/1g),0.9,150g,Yes,Mixed in water,NA,40,200,NA (water prepare < water consumption),977,0.91,"27,000",27.64,30.37,1,Asthma
48,147,Doxycycline,94,Doxycycline hyclate,Doxycycline (500mg/1g),1,150g,Yes,Mixed in water,NA,40,200,NA (water prepare < water consumption),977,0.92,"75,000",76.77,83.26,1,Asthma
48,147,Tilmicosin,94,Tilmicosin Phosphate,Tilmicosin (200mg/1g),0.9,150g,Yes,Mixed in water,NA,40,200,NA (water prepare < water consumption),977,0.92,"27,000",27.64,29.97,1,Asthma
48,147,Doxycycline,95,Doxycycline hyclate,Doxycycline (500mg/1g),1,150g,Yes,Mixed in water,NA,40,200,NA (water prepare < water consumption),977,0.94,"75,000",76.77,82.09,1,Asthma
48,147,Tilmicosin,95,Tilmicosin Phosphate,Tilmicosin (200mg/1g),0.9,150g,Yes,Mixed in water,NA,40,200,NA (water prepare < water consumption),977,0.94,"27,000",27.64,29.55,2,NA
48,147,Doxycycline,96,Doxycycline hyclate,Doxycycline (500mg/1g),1,150g,Yes,Mixed in water,NA,40,200,NA (water prepare < water consumption),977,0.95,"75,000",76.77,80.84,1,Asthma
48,147,Tilmicosin,96,Tilmicosin Phosphate,Tilmicosin (200mg/1g),0.9,150g,Yes,Mixed in water,NA,40,200,NA (water prepare < water consumption),977,0.95,"27,000",27.64,29.1,1,Asthma
48,147,Doxycycline,97,Doxycycline hyclate,Doxycycline (500mg/1g),1,150g,Yes,Mixed in water,NA,40,200,NA (water prepare < water consumption),977,0.97,"75,000",76.77,79.52,1,Asthma
48,147,Tilmicosin,97,Tilmicosin Phosphate,Tilmicosin (200mg/1g),0.9,150g,Yes,Mixed in water,NA,40,200,NA (water prepare < water consumption),977,0.97,"27,000",27.64,28.63,1,Asthma
49,137,Oxytetracycline,24,Oxytetracycline HCl,Box of 25 packets x 5 grams (Oxytetracycline: 500mg/1g),0.93,8g,Yes,Mixed in water,NA,3,200,NA (water prepare < water consumption),"3,596",0.15,"3,720",1.03,6.97,2,NA
49,137,Oxytetracycline,25,Oxytetracycline HCl,Box of 25 packets x 5 grams (Oxytetracycline: 500mg/1g),0.93,8g,Yes,Mixed in water,NA,3,220,NA (water prepare < water consumption),"3,595",0.15,"3,720",1.03,6.8,2,NA
49,137,Amoxicillin,36,Amoxicillin trihydrate,Amoxicillin (500mg/1g),1,30 g,Yes,Mixed in water,NA,7,240,NA (water prepare < water consumption),"3,592",0.2,"15,000",4.18,20.68,1,Diarrhea
49,137,Amoxicillin,37,Amoxicillin trihydrate,Amoxicillin (500mg/1g),1,30 g,Yes,Mixed in water,NA,7,240,NA (water prepare < water consumption),"3,592",0.21,"15,000",4.18,19.91,1,Diarrhea
49,137,Enrofloxacin,37,Enrofloxacin,Enrofloxacin (100mg/1ml),1,15 ml,Yes,Mixed in water,NA,7,240,NA (water prepare < water consumption),"3,592",0.21,"1,500",0.42,23.54,1,Diarrhea
50,129,Enrofloxacin,4,Enrofloxacin,Enrofloxacin (10g/100ml),1,30ml,Yes,Mixed in water,NA,5,30,NA (water prepare < water consumption),"1,985",0.05,"3,000",1.51,27.57,2,NA
50,129,Enrofloxacin,5,Enrofloxacin,Enrofloxacin (10g/100ml),1,30ml,Yes,Mixed in water,NA,5,30,NA (water prepare < water consumption),"1,980",0.06,"3,000",1.52,25.48,2,NA
50,129,Enrofloxacin,6,Enrofloxacin,Enrofloxacin (10g/100ml),1,30ml,Yes,Mixed in water,NA,5,30,NA (water prepare < water consumption),"1,979",0.06,"3,000",1.52,23.5,2,NA
50,129,Doxycycline,19,Doxycycline hyclate,Doxycycline (500mg/1g),0.82,50g,Yes,Mixed in water,NA,50,110,NA (water prepare < water consumption),"1,972",0.18,"20,500",10.4,22.41,2,NA
50,129,Doxycycline,20,Doxycycline hyclate,Doxycycline (500mg/1g),0.82,50g,Yes,Mixed in water,NA,50,120,NA (water prepare < water consumption),"1,971",0.19,"20,500",10.4,22.41,2,NA
50,129,Doxycycline,21,Doxycycline hyclate,Doxycycline (500mg/1g),0.82,50g,Yes,Mixed in water,NA,50,130,NA (water prepare < water consumption),"1,970",0.2,"20,500",10.41,22.41,2,NA
50,129,Doxycycline,22,Doxycycline hyclate,Doxycycline (500mg/1g),0.82,50g,Yes,Mixed in water,NA,50,140,NA (water prepare < water consumption),"1,969",0.21,"20,500",10.41,22.41,2,NA
50,129,Sulfamonomethoxine_TMP,50,Sulfamonomethoxine sodium; Trimethoprim,Sulfamonomethoxine (400g/1000g); Trimethoprim (80g/1000g),0.93,100g,Yes,Mixed in water,NA,100,280,NA (water prepare < water consumption),"1,945",0.56,"37,200",19.13,34,2,NA
50,129,Trimethoprim,50,Sulfamonomethoxine sodium; Trimethoprim,Sulfamonomethoxine (400g/1000g); Trimethoprim (80g/1000g),1,100g,Yes,Mixed in water,NA,100,280,NA (water prepare < water consumption),"1,945",0.56,"8,000",4.11,7.31,2,NA
50,129,Sulfamonomethoxine_TMP,51,Sulfamonomethoxine sodium; Trimethoprim,Sulfamonomethoxine (400g/1000g); Trimethoprim (80g/1000g),0.93,100g,Yes,Mixed in water,NA,100,300,NA (water prepare < water consumption),"1,945",0.58,"37,200",19.13,33.12,2,NA
50,129,Trimethoprim,51,Sulfamonomethoxine sodium; Trimethoprim,Sulfamonomethoxine (400g/1000g); Trimethoprim (80g/1000g),1,100g,Yes,Mixed in water,NA,100,300,NA (water prepare < water consumption),"1,945",0.58,"8,000",4.11,7.12,2,NA
50,129,Sulfamonomethoxine_TMP,52,Sulfamonomethoxine sodium; Trimethoprim,Sulfamonomethoxine (400g/1000g); Trimethoprim (80g/1000g),0.93,100g,Yes,Mixed in water,NA,100,300,NA (water prepare < water consumption),"1,945",0.59,"37,200",19.13,32.32,2,NA
50,129,Trimethoprim,52,Sulfamonomethoxine sodium; Trimethoprim,Sulfamonomethoxine (400g/1000g); Trimethoprim (80g/1000g),1,100g,Yes,Mixed in water,NA,100,300,NA (water prepare < water consumption),"1,945",0.59,"8,000",4.11,6.95,2,NA
50,129,Neomycin,63,Neomycin sulfate; Nystatin,"Neomycin (200g/1000g); Nystatin (1,500,000IU/100g)",0.68,100g,Yes,Mixed in water,NA,100,400,NA (water prepare < water consumption),"1,937",0.75,"13,600",7.02,9.41,1,Diarrhea
50,129,Neomycin,64,Neomycin sulfate; Nystatin,"Neomycin (200g/1000g); Nystatin (1,500,000IU/100g)",0.68,100g,Yes,Mixed in water,NA,100,400,NA (water prepare < water consumption),"1,937",0.76,"13,600",7.02,9.22,1,Diarrhea
50,129,Neomycin,65,Neomycin sulfate; Nystatin,"Neomycin (200g/1000g); Nystatin (1,500,000IU/100g)",0.68,100g,Yes,Mixed in water,NA,100,400,NA (water prepare < water consumption),"1,936",0.78,"13,600",7.02,9.05,1,Diarrhea
50,129,Neomycin,66,Neomycin sulfate; Nystatin,"Neomycin (200g/1000g); Nystatin (1,500,000IU/100g)",0.68,100g,Yes,Mixed in water,NA,100,400,NA (water prepare < water consumption),"1,936",0.79,"13,600",7.02,8.87,1,Diarrhea
50,129,Doxycycline,90,Doxycycline hyclate,Doxycycline (500mg/1g),0.82,200g,Yes,Mixed in feed,75,NA,500,NA (water prepare < water consumption),"1,915",1.18,"82,000",42.82,22.41,1,Diarrhea
50,129,Doxycycline,91,Doxycycline hyclate,Doxycycline (500mg/1g),0.82,200g,Yes,Mixed in feed,75,NA,500,NA (water prepare < water consumption),"1,915",1.2,"82,000",42.82,22.41,1,Diarrhea
50,129,Doxycycline,92,Doxycycline hyclate,Doxycycline (500mg/1g),0.82,200g,Yes,Mixed in feed,75,NA,500,NA (water prepare < water consumption),"1,915",1.21,"82,000",42.82,22.41,1,Diarrhea
51,129,Florfenicol,1,Florfenicol,Florfenicol (200mg/1ml),1,20 ml,Yes,Mixed in water,NA,8,5,500,"1,990",0.04,"2,500",1.26,23.36,2,NA
51,129,Florfenicol,2,Florfenicol,Florfenicol (200mg/1ml),1,20 ml,Yes,Mixed in water,NA,8,10,NA (water prepare < water consumption),"1,985",0.05,"4,000",2.02,23.36,2,NA
51,129,Florfenicol,80,Florfenicol; Doxycycline HCl,"Florfenicol (50,000 mg/1kg); Doxycycline (50,000 mg/1kg)",1,200 g,Yes,Mixed in water,NA,120,290,NA (water prepare < water consumption),"1,969",1.19,"10,000",5.08,4.27,1,Asthma
51,129,Doxycycline,80,Florfenicol; Doxycycline HCl,"Florfenicol (50,000 mg/1lit); Doxycycline (50,000 mg/1lit)",0.82,200 g,Yes,Mixed in water,NA,120,290,NA (water prepare < water consumption),"1,969",1.19,"8,200",4.16,3.5,1,Asthma
51,129,Florfenicol,81,Florfenicol; Doxycycline HCl,"Florfenicol (50,000 mg/1kg); Doxycycline (50,000 mg/1kg)",1,200 g,Yes,Mixed in water,NA,120,290,NA (water prepare < water consumption),"1,967",1.21,"10,000",5.08,4.21,1,Asthma
51,129,Doxycycline,81,Florfenicol; Doxycycline HCl,"Florfenicol (50,000 mg/1lit); Doxycycline (50,000 mg/1lit)",0.82,200 g,Yes,Mixed in water,NA,120,290,NA (water prepare < water consumption),"1,967",1.21,"8,200",4.17,3.45,1,Asthma
51,129,Florfenicol,82,Florfenicol; Doxycycline HCl,"Florfenicol (50,000 mg/1kg); Doxycycline (50,000 mg/1kg)",1,200 g,Yes,Mixed in water,NA,120,300,NA (water prepare < water consumption),"1,967",1.23,"10,000",5.08,4.15,1,Asthma
51,129,Doxycycline,82,Florfenicol; Doxycycline HCl,"Florfenicol (50,000 mg/1lit); Doxycycline (50,000 mg/1lit)",0.82,200 g,Yes,Mixed in water,NA,120,300,NA (water prepare < water consumption),"1,967",1.23,"8,200",4.17,3.4,1,Asthma
51,129,Florfenicol,83,Florfenicol; Doxycycline HCl,"Florfenicol (50,000 mg/1kg); Doxycycline (50,000 mg/1kg)",1,200 g,Yes,Mixed in water,NA,120,300,NA (water prepare < water consumption),"1,967",1.24,"10,000",5.08,4.09,1,Asthma
51,129,Doxycycline,83,Florfenicol; Doxycycline HCl,"Florfenicol (50,000 mg/1lit); Doxycycline (50,000 mg/1lit)",0.82,200 g,Yes,Mixed in water,NA,120,300,NA (water prepare < water consumption),"1,967",1.24,"8,200",4.17,3.35,1,Asthma
51,129,Florfenicol,99,Florfenicol; Doxycycline HCl,"Florfenicol (50,000 mg/1kg); Doxycycline (50,000 mg/1kg)",1,250 g,Yes,Mixed in water,NA,160,320,NA (water prepare < water consumption),"1,967",1.54,"12,500",6.35,4.13,1,Asthma
51,129,Doxycycline,99,Florfenicol; Doxycycline HCl,"Florfenicol (50,000 mg/1lit); Doxycycline (50,000 mg/1lit)",0.82,250 g,Yes,Mixed in water,NA,160,320,NA (water prepare < water consumption),"1,967",1.54,"10,250",5.21,3.38,1,Asthma
51,129,Florfenicol,100,Florfenicol; Doxycycline HCl,"Florfenicol (50,000 mg/1kg); Doxycycline (50,000 mg/1kg)",1,250 g,Yes,Mixed in water,NA,160,320,NA (water prepare < water consumption),"1,967",1.56,"12,500",6.35,4.08,1,Asthma
51,129,Doxycycline,100,Florfenicol; Doxycycline HCl,"Florfenicol (50,000 mg/1lit); Doxycycline (50,000 mg/1lit)",0.82,250 g,Yes,Mixed in water,NA,160,320,NA (water prepare < water consumption),"1,967",1.56,"10,250",5.21,3.34,1,Asthma
51,129,Florfenicol,101,Florfenicol; Doxycycline HCl,"Florfenicol (50,000 mg/1kg); Doxycycline (50,000 mg/1kg)",1,250 g,Yes,Mixed in water,NA,160,320,NA (water prepare < water consumption),"1,967",1.58,"12,500",6.35,4.03,1,Asthma
51,129,Doxycycline,101,Florfenicol; Doxycycline HCl,"Florfenicol (50,000 mg/1lit); Doxycycline (50,000 mg/1lit)",0.82,250 g,Yes,Mixed in water,NA,160,320,NA (water prepare < water consumption),"1,967",1.58,"10,250",5.21,3.3,1,Asthma
52,134,Amoxicillin,2,Amoxicillin trihydrate,Amoxicillin (500mg/1g),1,30g,Yes,Mixed in water,NA,4,10,NA (water prepare < water consumption),899,0.06,"15,000",16.69,290.81,2,NA
52,134,Amoxicillin,3,Amoxicillin trihydrate,Amoxicillin (500mg/1g),1,30g,Yes,Mixed in water,NA,4,15,NA (water prepare < water consumption),899,0.06,"15,000",16.69,265.86,2,NA
52,134,Amoxicillin,4,Amoxicillin trihydrate,Amoxicillin (500mg/1g),1,30g,Yes,Mixed in water,NA,4,20,NA (water prepare < water consumption),899,0.07,"15,000",16.69,243.05,2,NA
52,134,Amoxicillin,5,Amoxicillin trihydrate,Amoxicillin (500mg/1g),1,30g,Yes,Mixed in water,NA,4,20,NA (water prepare < water consumption),898,0.08,"15,000",16.7,222.45,2,NA
52,134,Doxycycline,29,Tylosin tartrate; Doxycycline HCl,Tylosin (100mg/1g); Doxycycline (200mg/1g),0.82,50g,Yes,Mixed in water,NA,20,85,NA (water prepare < water consumption),891,0.38,"8,200",9.2,23.92,1,Diarrhea
52,134,Tylosin,29,Tylosin tartrate; Doxycycline HCl,Tylosin (100mg/1g); Doxycycline (200mg/1g),0.86,50g,Yes,Mixed in water,NA,20,85,NA (water prepare < water consumption),891,0.38,"4,300",4.83,12.54,1,Diarrhea
52,134,Doxycycline,30,Tylosin tartrate; Doxycycline HCl,Tylosin (100mg/1g); Doxycycline (200mg/1g),0.82,50g,Yes,Mixed in water,NA,20,90,NA (water prepare < water consumption),891,0.4,"8,200",9.2,23.15,1,Diarrhea
52,134,Tylosin,30,Tylosin tartrate; Doxycycline HCl,Tylosin (100mg/1g); Doxycycline (200mg/1g),0.86,50g,Yes,Mixed in water,NA,20,90,NA (water prepare < water consumption),891,0.4,"4,300",4.83,12.14,1,Diarrhea
52,134,Doxycycline,31,Tylosin tartrate; Doxycycline HCl,Tylosin (100mg/1g); Doxycycline (200mg/1g),0.82,50g,Yes,Mixed in water,NA,20,90,NA (water prepare < water consumption),891,0.41,"8,200",9.2,22.41,1,Diarrhea
52,134,Tylosin,31,Tylosin tartrate; Doxycycline HCl,Tylosin (100mg/1g); Doxycycline (200mg/1g),0.86,50g,Yes,Mixed in water,NA,20,90,NA (water prepare < water consumption),891,0.41,"4,300",4.83,11.75,1,Diarrhea
52,134,Doxycycline,32,Tylosin tartrate; Doxycycline HCl,Tylosin (100mg/1g); Doxycycline (200mg/1g),0.82,50g,Yes,Mixed in water,NA,20,90,NA (water prepare < water consumption),891,0.42,"8,200",9.2,21.66,1,Diarrhea
52,134,Tylosin,32,Tylosin tartrate; Doxycycline HCl,Tylosin (100mg/1g); Doxycycline (200mg/1g),0.86,50g,Yes,Mixed in water,NA,20,90,NA (water prepare < water consumption),891,0.42,"4,300",4.83,11.36,1,Diarrhea
52,134,Amoxicillin,77,Amoxicillin trihydrate; Colistin sulfate,"Amoxicillin (500mg/1g); Colistin (200,000 IU/1g)",0.87,70g,Yes,Mixed in water,NA,60,160,NA (water prepare < water consumption),882,1.65,"30,450",34.52,20.86,2,NA
52,134,Colistin,77,Amoxicillin trihydrate; Colistin sulfate,"Amoxicillin (500mg/1g); Colistin (200,000 IU/1g)",1,70g,Yes,Mixed in water,NA,60,160,NA (water prepare < water consumption),882,1.65,467,0.53,0.32,2,NA
52,134,Amoxicillin,78,Amoxicillin trihydrate; Colistin sulfate,"Amoxicillin (500mg/1g); Colistin (200,000 IU/1g)",0.87,70g,Yes,Mixed in water,NA,60,180,NA (water prepare < water consumption),882,1.68,"30,450",34.52,20.51,2,NA
52,134,Colistin,78,Amoxicillin trihydrate; Colistin sulfate,"Amoxicillin (500mg/1g); Colistin (200,000 IU/1g)",1,70g,Yes,Mixed in water,NA,60,180,NA (water prepare < water consumption),882,1.68,467,0.53,0.31,2,NA
52,134,Amoxicillin,79,Amoxicillin trihydrate; Colistin sulfate,"Amoxicillin (500mg/1g); Colistin (200,000 IU/1g)",0.87,70g,Yes,Mixed in water,NA,60,180,NA (water prepare < water consumption),882,1.71,"30,450",34.52,20.16,2,NA
52,134,Colistin,79,Amoxicillin trihydrate; Colistin sulfate,"Amoxicillin (500mg/1g); Colistin (200,000 IU/1g)",1,70g,Yes,Mixed in water,NA,60,180,NA (water prepare < water consumption),882,1.71,467,0.53,0.31,2,NA
52,134,Amoxicillin,80,Amoxicillin trihydrate; Colistin sulfate,"Amoxicillin (500mg/1g); Colistin (200,000 IU/1g)",0.87,70g,Yes,Mixed in water,NA,60,190,NA (water prepare < water consumption),882,1.74,"30,450",34.52,19.82,2,NA
52,134,Colistin,80,Amoxicillin trihydrate; Colistin sulfate,"Amoxicillin (500mg/1g); Colistin (200,000 IU/1g)",1,70g,Yes,Mixed in water,NA,60,190,NA (water prepare < water consumption),882,1.74,467,0.53,0.3,2,NA
35,100,Florfenicol,19,Florfenicol; Tilmicosin Phosphate,Florfenicol (200 mg/1ml); Tilmicosin (300mg/lml),1,20 ml,Yes,Mixed in water,NA,10,60,NA (water prepare < water consumption),"1,287",0.25,"4,000",3.11,12.66,2,NA
35,100,Tilmicosin,11,Florfenicol; Tilmicosin phosphate,Florfenicol (200 mg/1ml); Tilmicosin (300mg/lml),0.9,20 ml,Yes,Mixed in water,NA,10,30,NA (water prepare < water consumption),"1,290",0.1,"5,400",4.19,40.71,2,NA
35,100,Tilmicosin,12,Florfenicol; Tilmicosin phosphate,Florfenicol (200 mg/1ml); Tilmicosin (300mg/lml),0.9,20 ml,Yes,Mixed in water,NA,10,30,NA (water prepare < water consumption),"1,289",0.12,"5,400",4.19,36.32,2,NA
35,100,Tilmicosin,13,Florfenicol; Tilmicosin phosphate,Florfenicol (200 mg/1ml); Tilmicosin (300mg/lml),0.9,20 ml,Yes,Mixed in water,NA,10,40,NA (water prepare < water consumption),"1,289",0.13,"5,400",4.19,32.37,2,NA
35,100,Tilmicosin,14,Florfenicol; Tilmicosin phosphate,Florfenicol (200 mg/1ml); Tilmicosin (300mg/lml),0.9,20 ml,Yes,Mixed in water,NA,10,40,NA (water prepare < water consumption),"1,289",0.15,"5,400",4.19,28.87,2,NA
35,100,Tilmicosin,15,Florfenicol; Tilmicosin phosphate,Florfenicol (200 mg/1ml); Tilmicosin (300mg/lml),0.9,20 ml,Yes,Mixed in water,NA,10,40,NA (water prepare < water consumption),"1,289",0.16,"5,400",4.19,25.8,2,NA
35,100,Tilmicosin,16,Florfenicol; Tilmicosin phosphate,Florfenicol (200 mg/1ml); Tilmicosin (300mg/lml),0.9,20 ml,Yes,Mixed in water,NA,10,50,NA (water prepare < water consumption),"1,289",0.18,"5,400",4.19,23.12,2,NA
35,100,Tilmicosin,17,Florfenicol; Tilmicosin phosphate,Florfenicol (200 mg/1ml); Tilmicosin (300mg/lml),0.9,20 ml,Yes,Mixed in water,NA,10,50,NA (water prepare < water consumption),"1,289",0.2,"5,400",4.19,20.8,2,NA
35,100,Tilmicosin,18,Florfenicol; Tilmicosin phosphate,Florfenicol (200 mg/1ml); Tilmicosin (300mg/lml),0.9,20 ml,Yes,Mixed in water,NA,10,60,NA (water prepare < water consumption),"1,289",0.22,"5,400",4.19,18.79,2,NA
35,100,Tilmicosin,19,Florfenicol; Tilmicosin phosphate,Florfenicol (200 mg/1ml); Tilmicosin (300mg/lml),0.9,20 ml,Yes,Mixed in water,NA,10,60,NA (water prepare < water consumption),"1,287",0.25,"5,400",4.2,17.09,2,NA
52,134,Amoxicillin,92,Amoxicillin trihydrate; Colistin sulfate,"Amoxicillin (500mg/1g); Colistin (200,000 IU/1g)",0.87,70g,Yes,Mixed in water,NA,60,200,NA (water prepare < water consumption),881,2.09,"30,450",34.56,16.53,2,NA
52,134,Colistin,92,Amoxicillin trihydrate; Colistin sulfate,"Amoxicillin (500mg/1g); Colistin (200,000 IU/1g)",1,70g,Yes,Mixed in water,NA,60,200,NA (water prepare < water consumption),881,2.09,467,0.53,0.25,2,NA
52,134,Amoxicillin,93,Amoxicillin trihydrate; Colistin sulfate,"Amoxicillin (500mg/1g); Colistin (200,000 IU/1g)",0.87,70g,Yes,Mixed in water,NA,60,200,NA (water prepare < water consumption),881,2.12,"30,450",34.56,16.34,2,NA
52,134,Colistin,93,Amoxicillin trihydrate; Colistin sulfate,"Amoxicillin (500mg/1g); Colistin (200,000 IU/1g)",1,70g,Yes,Mixed in water,NA,60,200,NA (water prepare < water consumption),881,2.12,467,0.53,0.25,2,NA
52,134,Amoxicillin,94,Amoxicillin trihydrate; Colistin sulfate,"Amoxicillin (500mg/1g); Colistin (200,000 IU/1g)",0.87,70g,Yes,Mixed in water,NA,60,200,NA (water prepare < water consumption),881,2.14,"30,450",34.56,16.15,2,NA
52,134,Colistin,94,Amoxicillin trihydrate; Colistin sulfate,"Amoxicillin (500mg/1g); Colistin (200,000 IU/1g)",1,70g,Yes,Mixed in water,NA,60,200,NA (water prepare < water consumption),881,2.14,467,0.53,0.25,2,NA
52,134,Amoxicillin,95,Amoxicillin trihydrate; Colistin sulfate,"Amoxicillin (500mg/1g); Colistin (200,000 IU/1g)",0.87,70g,Yes,Mixed in water,NA,60,200,NA (water prepare < water consumption),881,2.17,"30,450",34.56,15.96,2,NA
52,134,Colistin,95,Amoxicillin trihydrate; Colistin sulfate,"Amoxicillin (500mg/1g); Colistin (200,000 IU/1g)",1,70g,Yes,Mixed in water,NA,60,200,NA (water prepare < water consumption),881,2.17,467,0.53,0.24,2,NA
53,109,Enrofloxacin,1,Enrofloxacin,Enrofloxacin (100mg/1ml),1,20ml,Yes,Mixed in water,NA,5,10,NA (water prepare < water consumption),"2,988",0.05,"2,000",0.67,23.54,2,NA
53,109,Enrofloxacin,2,Enrofloxacin,Enrofloxacin (100mg/1ml),1,20ml,Yes,Mixed in water,NA,5,10,NA (water prepare < water consumption),"2,982",0.05,"2,000",0.67,23.54,2,NA
53,109,Enrofloxacin,3,Enrofloxacin,Enrofloxacin (100mg/1ml),1,20ml,Yes,Mixed in water,NA,5,10,NA (water prepare < water consumption),"2,976",0.05,"2,000",0.67,23.54,2,NA
53,109,Ampicillin,21,Ampicillin trihydrate; Colistin sulfate,"Ampicillin (10g/100g); Colistin (25,000,000 IU/100g)",0.87,100g,Yes,Mixed in water,NA,20,100,NA (water prepare < water consumption),"2,969",0.14,"8,700",2.93,20.61,1,Blood in stool
53,109,Colistin,21,Ampicillin trihydrate; Colistin sulfate,"Ampicillin (10g/100g); Colistin (25,000,000 IU/100g)",1,100g,Yes,Mixed in water,NA,20,100,NA (water prepare < water consumption),"2,969",0.14,833,0.28,1.97,1,Blood in stool
53,109,Ampicillin,22,Ampicillin trihydrate; Colistin sulfate,"Ampicillin (10g/100g); Colistin (25,000,000 IU/100g)",0.87,100g,Yes,Mixed in water,NA,20,100,NA (water prepare < water consumption),"2,969",0.15,"8,700",2.93,19.86,1,Blood in stool
53,109,Colistin,22,Ampicillin trihydrate; Colistin sulfate,"Ampicillin (10g/100g); Colistin (25,000,000 IU/100g)",1,100g,Yes,Mixed in water,NA,20,100,NA (water prepare < water consumption),"2,969",0.15,833,0.28,1.9,1,Blood in stool
53,109,Ampicillin,23,Ampicillin trihydrate; Colistin sulfate,"Ampicillin (10g/100g); Colistin (25,000,000 IU/100g)",0.87,100g,Yes,Mixed in water,NA,20,120,NA (water prepare < water consumption),"2,967",0.15,"8,700",2.93,19.2,1,Blood in stool
53,109,Colistin,23,Ampicillin trihydrate; Colistin sulfate,"Ampicillin (10g/100g); Colistin (25,000,000 IU/100g)",1,100g,Yes,Mixed in water,NA,20,120,NA (water prepare < water consumption),"2,967",0.15,833,0.28,1.84,1,Blood in stool
53,109,Ampicillin,28,"Ampicillin trihydrate, Colistin sulfate","Ampicillin (10,000mg/100g); Colistin (25,000,000 IU/100g)",0.87,200g,Yes,Mixed in water,NA,30,140,NA (water prepare < water consumption),"2,967",0.18,"17,400",5.86,33.37,1,Blood in stool
53,109,Colistin,28,"Ampicillin trihydrate, Colistin","Ampicillin (10,000mg/100g); Colistin (25,000,000 IU/100g)",1,200g,Yes,Mixed in water,NA,30,140,NA (water prepare < water consumption),"2,967",0.18,"1,667",0.56,3.2,1,Blood in stool
53,109,Ampicillin,29,"Ampicillin trihydrate, Colistin sulfate","Ampicillin (10,000mg/100g); Colistin (25,000,000 IU/100g)",0.87,200g,Yes,Mixed in water,NA,30,150,NA (water prepare < water consumption),"2,967",0.18,"17,400",5.86,32.6,1,Blood in stool
53,109,Colistin,29,"Ampicillin trihydrate, Colistin","Ampicillin (10,000mg/100g); Colistin (25,000,000 IU/100g)",1,200g,Yes,Mixed in water,NA,30,150,NA (water prepare < water consumption),"2,967",0.18,"1,667",0.56,3.12,1,Blood in stool
53,109,Ampicillin,30,"Ampicillin trihydrate, Colistin sulfate","Ampicillin (10,000mg/100g); Colistin (25,000,000 IU/100g)",0.87,200g,Yes,Mixed in water,NA,30,150,NA (water prepare < water consumption),"2,967",0.18,"17,400",5.86,31.84,1,Blood in stool
53,109,Colistin,30,"Ampicillin trihydrate, Colistin","Ampicillin (10,000mg/100g); Colistin (25,000,000 IU/100g)",1,200g,Yes,Mixed in water,NA,30,150,NA (water prepare < water consumption),"2,967",0.18,"1,667",0.56,3.05,1,Blood in stool
47,144,Sulfamethoxazole,96,Sulfamethoxazole Sodium,Sulfamethoxazole(200mg/1g),0.92,250g,Yes,Mixed in feed,50,NA,300,NA (water prepare < water consumption),"1,480",0.9,"46,000",31.08,34.51,1,Swollen comb
47,144,Sulfamethoxazole,107,Sulfamethoxazole Sodium,Sulfamethoxazole(200mg/1g),0.92,250g,Yes,Mixed in feed,50,NA,370,NA (water prepare < water consumption),"1,376",1.16,"46,000",33.43,28.75,1,Swollen comb
47,144,Sulfamethoxazole,108,Sulfamethoxazole Sodium,Sulfamethoxazole(200mg/1g),0.92,250g,Yes,Mixed in feed,50,NA,380,NA (water prepare < water consumption),"1,375",1.21,"46,000",33.45,27.75,1,Swollen comb
53,109,Amoxicillin,89,Amoxicillin trihydrate; Colistin sulfate,"Amoxicillin (50g/100g); Colistin (300,000,000 IU/100g)",0.87,250g,Yes,Mixed in water,NA,130,260,NA (water prepare < water consumption),"2,960",0.64,"108,750",36.74,57.09,1,Diarrhea
53,109,Colistin,89,Amoxicillin trihydrate; Colistin sulfate,"Amoxicillin (50g/100g); Colistin (300,000,000 IU/100g)",1,250g,Yes,Mixed in water,NA,130,260,NA (water prepare < water consumption),"2,960",0.64,"25,000",8.45,13.12,1,Diarrhea
53,109,Amoxicillin,90,Amoxicillin trihydrate; Colistin sulfate,"Amoxicillin (50g/100g); Colistin (300,000,000 IU/100g)",0.87,250g,Yes,Mixed in water,NA,130,260,NA (water prepare < water consumption),"2,960",0.65,"108,750",36.74,56.51,1,Diarrhea
53,109,Colistin,90,Amoxicillin trihydrate; Colistin sulfate,"Amoxicillin (50g/100g); Colistin (300,000,000 IU/100g)",1,250g,Yes,Mixed in water,NA,130,260,NA (water prepare < water consumption),"2,960",0.65,"25,000",8.45,12.99,1,Diarrhea
53,109,Amoxicillin,91,Amoxicillin trihydrate; Colistin sulfate,"Amoxicillin (50g/100g); Colistin (300,000,000 IU/100g)",0.87,250g,Yes,Mixed in water,NA,130,260,NA (water prepare < water consumption),"2,960",0.66,"108,750",36.74,55.96,1,Diarrhea
53,109,Colistin,91,Amoxicillin trihydrate; Colistin sulfate,"Amoxicillin (50g/100g); Colistin (300,000,000 IU/100g)",1,250g,Yes,Mixed in water,NA,130,260,NA (water prepare < water consumption),"2,960",0.66,"25,000",8.45,12.87,1,Diarrhea
53,109,Amoxicillin,92,Amoxicillin trihydrate; Colistin sulfate,"Amoxicillin (50g/100g); Colistin (300,000,000 IU/100g)",0.87,250g,Yes,Mixed in water,NA,130,260,NA (water prepare < water consumption),"2,960",0.66,"108,750",36.74,55.43,1,Diarrhea
53,109,Colistin,92,Amoxicillin trihydrate; Colistin sulfate,"Amoxicillin (50g/100g); Colistin (300,000,000 IU/100g)",1,250g,Yes,Mixed in water,NA,130,260,NA (water prepare < water consumption),"2,960",0.66,"25,000",8.45,12.74,1,Diarrhea
53,109,Amoxicillin,93,Amoxicillin trihydrate; Colistin sulfate,"Amoxicillin (50g/100g); Colistin (300,000,000 IU/100g)",0.87,250g,Yes,Mixed in water,NA,130,260,NA (water prepare < water consumption),"2,960",0.67,"108,750",36.74,54.9,1,Diarrhea
53,109,Colistin,93,Amoxicillin trihydrate; Colistin sulfate,"Amoxicillin (50g/100g); Colistin (300,000,000 IU/100g)",1,250g,Yes,Mixed in water,NA,130,260,NA (water prepare < water consumption),"2,960",0.67,"25,000",8.45,12.62,1,Diarrhea
54,133,Enrofloxacin,2,Enrofloxacin,Enrofloxacin (10g/100ml),1,20ml,Yes,Mixed in water,NA,5,3,400,994,0.04,"1,200",1.21,31.52,2,NA
54,133,Enrofloxacin,3,Enrofloxacin,Enrofloxacin (10g/100ml),1,20ml,Yes,Mixed in water,NA,5,4,400,984,0.04,"1,600",1.63,38.47,2,NA
54,133,Enrofloxacin,4,Enrofloxacin,Enrofloxacin (10g/100ml),1,20ml,Yes,Mixed in water,NA,5,4,400,979,0.05,"1,600",1.63,35.04,2,NA
54,133,Tilmicosin,19,Tilmicosin Phosphate,Tilmicosin (250mg/1ml),0.9,30ml,Yes,Mixed in water,NA,10,50,NA (water prepare < water consumption),964,0.19,"6,750",7,36.28,1,Asthma
54,133,Tilmicosin,20,Tilmicosin Phosphate,Tilmicosin (250mg/1ml),0.9,30ml,Yes,Mixed in water,NA,10,50,NA (water prepare < water consumption),964,0.21,"6,750",7,33.76,1,Asthma
54,133,Tilmicosin,21,Tilmicosin Phosphate,Tilmicosin (250mg/1ml),0.9,30ml,Yes,Mixed in water,NA,10,50,NA (water prepare < water consumption),964,0.22,"6,750",7,31.57,1,Asthma
54,133,Amoxicillin,24,Amoxicillin trihydrate; Colistin sulfate,"Amoxicillin (50g/100g); Colistin (300,000,000 IU/100g)",0.87,100g,Yes,Mixed in water,NA,20,60,NA (water prepare < water consumption),962,0.26,"43,500",45.22,170.9,2,NA
54,133,Colistin,24,Amoxicillin trihydrate; Colistin sulfate,"Amoxicillin (50g/100g); Colistin (300,000,000 IU/100g)",1,100g,Yes,Mixed in water,NA,20,60,NA (water prepare < water consumption),962,0.26,"10,000",10.4,2.3,2,NA
54,133,Amoxicillin,25,Amoxicillin trihydrate; Colistin sulfate,"Amoxicillin (50g/100g); Colistin (300,000,000 IU/100g)",0.87,100g,Yes,Mixed in water,NA,20,60,NA (water prepare < water consumption),960,0.28,"43,500",45.31,162.74,2,NA
54,133,Colistin,25,Amoxicillin trihydrate; Colistin sulfate,"Amoxicillin (50g/100g); Colistin (300,000,000 IU/100g)",1,100g,Yes,Mixed in water,NA,20,60,NA (water prepare < water consumption),960,0.28,"10,000",10.42,2.3,2,NA
54,133,Amoxicillin,26,Amoxicillin trihydrate; Colistin sulfate,"Amoxicillin (50g/100g); Colistin (300,000,000 IU/100g)",0.87,100g,Yes,Mixed in water,NA,20,70,NA (water prepare < water consumption),960,0.29,"43,500",45.31,155.2,2,NA
54,133,Colistin,26,Amoxicillin trihydrate; Colistin sulfate,"Amoxicillin (50g/100g); Colistin (300,000,000 IU/100g)",1,100g,Yes,Mixed in water,NA,20,70,NA (water prepare < water consumption),960,0.29,"10,000",10.42,2.3,2,NA
54,133,Amoxicillin,27,Amoxicillin trihydrate; Colistin sulfate,"Amoxicillin (50g/100g); Colistin (300,000,000 IU/100g)",0.87,100g,Yes,Mixed in water,NA,20,70,NA (water prepare < water consumption),960,0.31,"43,500",45.31,148.53,2,NA
54,133,Colistin,27,Amoxicillin trihydrate; Colistin sulfate,"Amoxicillin (50g/100g); Colistin (300,000,000 IU/100g)",1,100g,Yes,Mixed in water,NA,20,70,NA (water prepare < water consumption),960,0.31,"10,000",10.42,2.3,2,NA
54,133,Sulfamonomethoxine,36,Sulfamonomethoxine sodium,Sulfamonomethoxine (99g/100g),0.93,50g,Yes,Mixed in water,NA,20,80,NA (water prepare < water consumption),960,0.43,"46,035",47.95,112.43,1,Asthma
54,133,Doxycycline,36,Doxycycline hyclate; Gentamicin sulfate,Doxycycline (200mg/1g); Gentamicin (100mg/1g),0.82,50g,Yes,Mixed in water,NA,20,80,NA (water prepare < water consumption),960,0.43,"8,200",8.54,20.03,1,Asthma
54,133,Gentamicin,36,Doxycycline hyclate; Gentamicin sulfate,Doxycycline (200mg/1g); Gentamicin (100mg/1g),0.83,50g,Yes,Mixed in water,NA,20,80,NA (water prepare < water consumption),960,0.43,"4,150",4.32,10.14,1,Asthma
54,133,Sulfamonomethoxine,37,Sulfamonomethoxine sodium,Sulfamonomethoxine (99g/100g),0.93,50g,Yes,Mixed in water,NA,20,100,NA (water prepare < water consumption),960,0.44,"46,035",47.95,108.3,1,Asthma
54,133,Doxycycline,37,Doxycycline hyclate; Gentamicin sulfate,Doxycycline (200mg/1g); Gentamicin (100mg/1g),0.82,50g,Yes,Mixed in water,NA,20,100,NA (water prepare < water consumption),960,0.44,"8,200",8.54,19.29,1,Asthma
54,133,Gentamicin,37,Doxycycline hyclate; Gentamicin sulfate,Doxycycline (200mg/1g); Gentamicin (100mg/1g),0.83,50g,Yes,Mixed in water,NA,20,100,NA (water prepare < water consumption),960,0.44,"4,150",4.32,9.76,1,Asthma
54,133,Sulfamonomethoxine,38,Sulfamonomethoxine sodium,Sulfamonomethoxine (99g/100g),0.93,50g,Yes,Mixed in water,NA,20,100,NA (water prepare < water consumption),960,0.46,"46,035",47.95,104.4,1,Asthma
54,133,Doxycycline,38,Doxycycline hyclate; Gentamicin sulfate,Doxycycline (200mg/1g); Gentamicin (100mg/1g),0.82,50g,Yes,Mixed in water,NA,20,100,NA (water prepare < water consumption),960,0.46,"8,200",8.54,18.6,1,Asthma
54,133,Gentamicin,38,Doxycycline hyclate; Gentamicin sulfate,Doxycycline (200mg/1g); Gentamicin (100mg/1g),0.83,50g,Yes,Mixed in water,NA,20,100,NA (water prepare < water consumption),960,0.46,"4,150",4.32,9.41,1,Asthma
54,133,Amoxicillin,95,Amoxicillin trihydrate,Amoxicillin (500mg/1g),1,500g,Yes,Mixed in water,NA,60,200,NA (water prepare < water consumption),950,1.24,"250,000",263.16,212.6,2,NA
54,133,Amoxicillin,96,Amoxicillin trihydrate,Amoxicillin (500mg/1g),1,500g,Yes,Mixed in water,NA,60,200,NA (water prepare < water consumption),950,1.25,"250,000",263.16,211.25,2,NA
54,133,Doxycycline,97,Doxycycline hyclate; Gentamicin sulfate,Doxycycline (200mg/1g); Gentamicin (100mg/1g),0.82,200g,Yes,Mixed in water,NA,60,200,NA (water prepare < water consumption),950,1.25,"32,800",34.53,27.54,2,NA
54,133,Gentamicin,97,Doxycycline hyclate; Gentamicin sulfate,Doxycycline (200mg/1g); Gentamicin (100mg/1g),0.83,200g,Yes,Mixed in water,NA,60,200,NA (water prepare < water consumption),950,1.25,"16,600",17.47,13.94,2,NA
54,133,Doxycycline,98,Doxycycline hyclate; Gentamicin sulfate,Doxycycline (200mg/1g); Gentamicin (100mg/1g),0.82,200g,Yes,Mixed in water,NA,60,200,NA (water prepare < water consumption),950,1.26,"32,800",34.53,27.38,2,NA
54,133,Gentamicin,98,Doxycycline hyclate; Gentamicin sulfate,Doxycycline (200mg/1g); Gentamicin (100mg/1g),0.83,200g,Yes,Mixed in water,NA,60,200,NA (water prepare < water consumption),950,1.26,"16,600",17.47,13.86,2,NA
54,133,Doxycycline,99,Doxycycline hyclate; Gentamicin sulfate,Doxycycline (200mg/1g); Gentamicin (100mg/1g),0.82,200g,Yes,Mixed in water,NA,60,200,NA (water prepare < water consumption),950,1.27,"32,800",34.53,27.21,2,NA
54,133,Gentamicin,99,Doxycycline hyclate; Gentamicin sulfate,Doxycycline (200mg/1g); Gentamicin (100mg/1g),0.83,200g,Yes,Mixed in water,NA,60,200,NA (water prepare < water consumption),950,1.27,"16,600",17.47,13.77,2,NA
54,133,Doxycycline,100,Doxycycline hyclate; Gentamicin sulfate,Doxycycline (200mg/1g); Gentamicin (100mg/1g),0.82,200g,Yes,Mixed in water,NA,60,200,NA (water prepare < water consumption),950,1.28,"32,800",34.53,27.05,2,NA
54,133,Gentamicin,100,Doxycycline hyclate; Gentamicin sulfate,Doxycycline (200mg/1g); Gentamicin (100mg/1g),0.83,200g,Yes,Mixed in water,NA,60,200,NA (water prepare < water consumption),950,1.28,"16,600",17.47,13.69,2,NA
54,133,Doxycycline,101,Doxycycline hyclate; Gentamicin sulfate,Doxycycline (200mg/1g); Gentamicin (100mg/1g),0.82,200g,Yes,Mixed in water,NA,60,200,NA (water prepare < water consumption),950,1.28,"32,800",34.53,26.89,2,NA
54,133,Gentamicin,101,Doxycycline hyclate; Gentamicin sulfate,Doxycycline (200mg/1g); Gentamicin (100mg/1g),0.83,200g,Yes,Mixed in water,NA,60,200,NA (water prepare < water consumption),950,1.28,"16,600",17.47,13.61,2,NA
55,152,Enrofloxacin,1,Enrofloxacin,Enrofloxacin (10g/100ml),1,60 ml,Yes,Mixed in water,NA,9,15,NA (water prepare < water consumption),"3,000",0.05,"6,000",2,37.47,2,NA
55,152,Enrofloxacin,2,Enrofloxacin,Enrofloxacin (10g/100ml),1,60 ml,Yes,Mixed in water,NA,9,15,NA (water prepare < water consumption),"3,000",0.06,"6,000",2,34.72,2,NA
55,152,Enrofloxacin,3,Enrofloxacin,Enrofloxacin (10g/100ml),1,60 ml,Yes,Mixed in water,NA,9,20,NA (water prepare < water consumption),"3,000",0.06,"6,000",2,32.17,2,NA
47,144,Sulfamethoxazole,109,Sulfamethoxazole Sodium,Sulfamethoxazole(200mg/1g),0.92,250g,Yes,Mixed in feed,50,NA,380,NA (water prepare < water consumption),"1,375",1.25,"46,000",33.45,26.71,1,Swollen comb
47,144,Sulfamethoxazole,110,Sulfamethoxazole Sodium,Sulfamethoxazole(200mg/1g),0.92,250g,Yes,Mixed in feed,50,NA,380,NA (water prepare < water consumption),"1,375",1.3,"46,000",33.45,25.67,1,Swollen comb
47,144,Sulfamethoxazole,111,Sulfamethoxazole Sodium,Sulfamethoxazole(200mg/1g),0.92,250g,Yes,Mixed in feed,50,NA,380,NA (water prepare < water consumption),"1,375",1.36,"46,000",33.45,24.65,1,Swollen comb
55,152,Amoxicillin,26,Amoxicillin trihydrate; Colistin sulfate,"Amoxicillin (100g/1000g); Colistin (500,000,000 IU/1000g)",0.87,100g,Yes,Mixed in water,NA,50,170,NA (water prepare < water consumption),"2,938",0.28,"8,700",2.96,10.75,2,NA
55,152,Colistin,26,Amoxicillin trihydrate; Colistin sulfate,"Amoxicillin (100g/1000g); Colistin (500,000,000 IU/1000g)",1,100g,Yes,Mixed in water,NA,50,170,NA (water prepare < water consumption),"2,938",0.28,"1,667",0.57,2.06,2,NA
55,152,Amoxicillin,27,Amoxicillin trihydrate; Colistin sulfate,"Amoxicillin (100g/1000g); Colistin (500,000,000 IU/1000g)",0.87,100g,Yes,Mixed in water,NA,50,180,NA (water prepare < water consumption),"2,938",0.28,"8,700",2.96,10.4,2,NA
55,152,Colistin,27,Amoxicillin trihydrate; Colistin sulfate,"Amoxicillin (100g/1000g); Colistin (500,000,000 IU/1000g)",1,100g,Yes,Mixed in water,NA,50,180,NA (water prepare < water consumption),"2,938",0.28,"1,667",0.57,1.99,2,NA
55,152,Amoxicillin,28,Amoxicillin trihydrate; Colistin sulfate,"Amoxicillin (100g/1000g); Colistin (500,000,000 IU/1000g)",0.87,100g,Yes,Mixed in water,NA,50,190,NA (water prepare < water consumption),"2,937",0.29,"8,700",2.96,10.09,2,NA
55,152,Colistin,28,Amoxicillin trihydrate; Colistin sulfate,"Amoxicillin (100g/1000g); Colistin (500,000,000 IU/1000g)",1,100g,Yes,Mixed in water,NA,50,190,NA (water prepare < water consumption),"2,937",0.29,"1,667",0.57,1.93,2,NA
55,152,Amoxicillin,41,Amoxicillin trihydrate,Amoxicillin (50g/100g);,0.87,200g,Yes,Mixed in water,NA,150,280,NA (water prepare < water consumption),"2,928",0.45,"87,000",29.71,66.38,1,Diarrhea
55,152,Amoxicillin,42,Amoxicillin trihydrate,Amoxicillin (50g/100g);,0.87,200g,Yes,Mixed in water,NA,150,280,NA (water prepare < water consumption),"2,928",0.46,"87,000",29.71,64.38,1,Diarrhea
55,152,Amoxicillin,43,Amoxicillin trihydrate,Amoxicillin (50g/100g);,0.87,200g,Yes,Mixed in water,NA,150,300,NA (water prepare < water consumption),"2,928",0.48,"87,000",29.71,62.51,1,Diarrhea
55,152,Amoxicillin,44,Amoxicillin trihydrate,Amoxicillin (50g/100g);,0.87,200g,Yes,Mixed in water,NA,150,300,NA (water prepare < water consumption),"2,927",0.49,"87,000",29.72,60.78,1,Diarrhea
55,152,Amoxicillin,45,Amoxicillin trihydrate,Amoxicillin (50g/100g);,0.87,200g,Yes,Mixed in water,NA,150,300,NA (water prepare < water consumption),"2,924",0.5,"87,000",29.75,59.18,1,Diarrhea
55,152,Amoxicillin,46,Amoxicillin trihydrate,Amoxicillin (50g/100g);,0.87,200g,Yes,Mixed in water,NA,150,300,NA (water prepare < water consumption),"2,923",0.52,"87,000",29.76,57.6,1,Diarrhea
55,152,Doxycycline,63,Doxycycline hyclate,Doxycycline (500mg/1g),0.82,200g,Yes,Mixed in water,NA,200,360,NA (water prepare < water consumption),"2,910",0.74,"82,000",28.18,22.41,1,Asthma
55,152,Tilmicosin,63,Tilmicosin phosphate,Tilmicosin (250g/960ml),0.9,200ml,Yes,Mixed in water,NA,200,360,NA (water prepare < water consumption),"2,910",0.74,"46,800",16.08,21.63,1,Asthma
55,152,Doxycycline,64,Doxycycline hyclate,Doxycycline (500mg/1g),0.82,200g,Yes,Mixed in water,NA,200,360,NA (water prepare < water consumption),"2,909",0.76,"82,000",28.19,22.41,1,Asthma
55,152,Tilmicosin,64,Tilmicosin phosphate,Tilmicosin (250g/960ml),0.9,200ml,Yes,Mixed in water,NA,200,360,NA (water prepare < water consumption),"2,909",0.76,"46,800",16.09,21.23,1,Asthma
55,152,Doxycycline,65,Doxycycline hyclate,Doxycycline (500mg/1g),0.82,200g,Yes,Mixed in water,NA,200,360,NA (water prepare < water consumption),"2,909",0.77,"82,000",28.19,22.41,1,Asthma
55,152,Tilmicosin,65,Tilmicosin phosphate,Tilmicosin (250g/960ml),0.9,200ml,Yes,Mixed in water,NA,200,360,NA (water prepare < water consumption),"2,909",0.77,"46,800",16.09,20.85,1,Asthma
55,152,Doxycycline,66,Doxycycline hyclate,Doxycycline (500mg/1g),0.82,200g,Yes,Mixed in water,NA,200,380,NA (water prepare < water consumption),"2,908",0.79,"82,000",28.2,22.41,1,Asthma
55,152,Tilmicosin,66,Tilmicosin phosphate,Tilmicosin (250g/960ml),0.9,200ml,Yes,Mixed in water,NA,200,380,NA (water prepare < water consumption),"2,908",0.79,"46,800",16.09,20.48,1,Asthma
55,152,Doxycycline,67,Doxycycline hyclate,Doxycycline (500mg/1g),0.82,200g,Yes,Mixed in water,NA,200,380,NA (water prepare < water consumption),"2,908",0.8,"82,000",28.2,22.41,1,Asthma
55,152,Tilmicosin,67,Tilmicosin phosphate,Tilmicosin (250g/960ml),0.9,200ml,Yes,Mixed in water,NA,200,380,NA (water prepare < water consumption),"2,908",0.8,"46,800",16.09,20.13,1,Asthma
55,152,Doxycycline,68,Doxycycline hyclate,Doxycycline (500mg/1g),0.82,200g,Yes,Mixed in water,NA,200,380,NA (water prepare < water consumption),"2,907",0.81,"82,000",28.21,22.41,1,Asthma
55,152,Tilmicosin,68,Tilmicosin phosphate,Tilmicosin (250g/960ml),0.9,200ml,Yes,Mixed in water,NA,200,380,NA (water prepare < water consumption),"2,907",0.81,"46,800",16.1,19.8,1,Asthma
55,152,Amoxicillin,98,Amoxicillin trihydrate,Amoxicillin (50g/100g);,0.87,300g,Yes,Mixed in water,NA,250,500,NA (water prepare < water consumption),"2,883",1.21,"130,500",45.27,37.28,1,Diarrhea
55,152,Tilmicosin,98,Tilmicosin phosphate,Tilmicosin (250g/960ml),0.9,400ml,Yes,Mixed in water,NA,250,500,NA (water prepare < water consumption),"2,883",1.21,"93,600",32.47,26.74,1,Asthma
56,140,Doxycycline,102,Doxycycline hyclate,Doxycycline (500mg/1g),0.82,450g,Yes,Mixed in feed,75,NA,380,NA (water prepare < water consumption),"2,903",1.58,"184,500",63.55,22.41,1,Diarrhea
56,140,Doxycycline,103,Doxycycline hyclate,Doxycycline (500mg/1g),0.82,450g,Yes,Mixed in feed,75,NA,400,NA (water prepare < water consumption),"2,903",1.6,"184,500",63.55,22.41,1,Diarrhea
56,140,Doxycycline,104,Doxycycline hyclate,Doxycycline (500mg/1g),0.82,450g,Yes,Mixed in feed,75,NA,400,NA (water prepare < water consumption),"2,903",1.62,"184,500",63.55,22.41,1,Diarrhea
56,140,Doxycycline,105,Doxycycline hyclate,Doxycycline (500mg/1g),0.82,450g,Yes,Mixed in feed,75,NA,400,NA (water prepare < water consumption),"2,903",1.64,"184,500",63.55,22.41,1,Diarrhea
56,140,Doxycycline,106,Doxycycline hyclate,Doxycycline (500mg/1g),0.82,450g,Yes,Mixed in feed,75,NA,400,NA (water prepare < water consumption),"2,903",1.67,"184,500",63.55,22.41,1,Diarrhea
56,140,Doxycycline,107,Doxycycline hyclate,Doxycycline (500mg/1g),0.82,450g,Yes,Mixed in feed,75,NA,400,NA (water prepare < water consumption),"2,903",1.69,"184,500",63.55,22.41,1,Diarrhea
57,140,Ampicillin,0,Ampicillin trihydrate; Erythromycin thiocyanate,"Ampicillin (2,000mg/100g); Colistin (2,000mg/100g)",0.87,100g,Yes,Mixed in water,NA,5,5,NA (water prepare < water consumption),"2,000",0.04,"1,740",0.87,20.41,2,NA
57,140,Amoxicillin,1,Amoxicillin trihydrate; Colistin sulfate,"Amoxicillin (10g/100g); Colistin (50,000,000 IU/100g)",0.87,30g,Yes,Mixed in water,NA,5,5,NA (water prepare < water consumption),"2,000",0.05,"2,610",1.31,28.06,2,NA
57,140,Ampicillin,1,Ampicillin trihydrate; Erythromycin thiocyanate,"Ampicillin (2,000mg/100g); Colistin (2,000mg/100g)",0.87,100g,Yes,Mixed in water,NA,5,5,NA (water prepare < water consumption),"2,000",0.05,"1,740",0.87,18.71,2,NA
57,140,Colistin,1,Amoxicillin trihydrate; Colistin sulfate,"Amoxicillin (10g/100g); Colistin (50,000,000 IU/100g)",1,30g,Yes,Mixed in water,NA,5,5,NA (water prepare < water consumption),"2,000",0.05,500,0.25,5.38,2,NA
57,140,Amoxicillin,2,Amoxicillin trihydrate; Colistin sulfate,"Amoxicillin (10g/100g); Colistin (50,000,000 IU/100g)",0.87,30g,Yes,Mixed in water,NA,5,10,NA (water prepare < water consumption),"1,999",0.05,"2,610",1.31,25.73,2,NA
57,140,Ampicillin,2,Ampicillin trihydrate; Erythromycin thiocyanate,"Ampicillin (2,000mg/100g); Colistin (2,000mg/100g)",0.87,100g,Yes,Mixed in water,NA,5,10,NA (water prepare < water consumption),"1,999",0.05,"1,740",0.87,17.16,2,NA
57,140,Colistin,2,Amoxicillin trihydrate; Colistin sulfate,"Amoxicillin (10g/100g); Colistin (50,000,000 IU/100g)",1,30g,Yes,Mixed in water,NA,5,10,NA (water prepare < water consumption),"1,999",0.05,500,0.25,4.93,2,NA
57,140,Amoxicillin,3,Amoxicillin trihydrate; Colistin sulfate,"Amoxicillin (10g/100g); Colistin (50,000,000 IU/100g)",0.87,30g,Yes,Mixed in water,NA,5,15,NA (water prepare < water consumption),"1,997",0.06,"2,610",1.31,23.61,2,NA
57,140,Ampicillin,3,Ampicillin trihydrate; Erythromycin thiocyanate,"Ampicillin (2,000mg/100g); Colistin (2,000mg/100g)",0.87,100g,Yes,Mixed in water,NA,5,15,NA (water prepare < water consumption),"1,997",0.06,"1,740",0.87,15.74,2,NA
57,140,Colistin,3,Amoxicillin trihydrate; Colistin sulfate,"Amoxicillin (10g/100g); Colistin (50,000,000 IU/100g)",1,3,Yes,Mixed in water,NA,5,15,NA (water prepare < water consumption),"1,997",0.06,500,0.25,4.52,2,NA
57,140,Ampicillin,4,Ampicillin trihydrate; Erythromycin thiocyanate,"Ampicillin (2,000mg/100g); Colistin (2,000mg/100g)",0.87,100g,Yes,Mixed in water,NA,10,15,NA (water prepare < water consumption),"1,996",0.06,"1,740",0.87,14.43,2,NA
57,140,Ampicillin,5,Ampicillin trihydrate; Erythromycin thiocyanate,"Ampicillin (2,000mg/100g); Colistin (2,000mg/100g)",0.87,100g,Yes,Mixed in water,NA,10,20,NA (water prepare < water consumption),"1,994",0.07,"1,740",0.87,13.24,2,NA
57,140,Ampicillin,6,Ampicillin trihydrate; Erythromycin thiocyanate,"Ampicillin (2,000mg/100g); Colistin (2,000mg/100g)",0.87,100g,Yes,Mixed in water,NA,10,20,NA (water prepare < water consumption),"1,992",0.07,"1,740",0.87,12.15,2,NA
57,140,Amoxicillin,21,Amoxicillin trihydrate; Colistin sulfate,"Amoxicillin (100,000mg/1000g); Colistin (400,000,000 IU/1000g)",0.87,50g,Yes,Mixed in water,NA,30,100,NA (water prepare < water consumption),"1,982",0.24,"4,350",2.19,9.15,2,NA
57,140,Colistin,21,Amoxicillin; Colistin,"Amoxicillin (100,000mg/1000g); Colistin (400,000,000 IU/1000g)",1,50g,Yes,Mixed in water,NA,30,100,NA (water prepare < water consumption),"1,982",0.24,667,0.34,1.4,2,NA
57,140,Amoxicillin,22,Amoxicillin trihydrate; Colistin sulfate,"Amoxicillin (100,000mg/1000g); Colistin (400,000,000 IU/1000g)",0.87,50g,Yes,Mixed in water,NA,30,100,NA (water prepare < water consumption),"1,982",0.25,"4,350",2.19,8.67,2,NA
57,140,Colistin,22,Amoxicillin; Colistin,"Amoxicillin (100,000mg/1000g); Colistin (400,000,000 IU/1000g)",1,50g,Yes,Mixed in water,NA,30,100,NA (water prepare < water consumption),"1,982",0.25,667,0.34,1.33,2,NA
57,140,Amoxicillin,23,Amoxicillin trihydrate; Colistin sulfate,"Amoxicillin (100,000mg/1000g); Colistin (400,000,000 IU/1000g)",0.87,50g,Yes,Mixed in water,NA,30,120,NA (water prepare < water consumption),"1,982",0.27,"4,350",2.19,8.24,2,NA
57,140,Colistin,23,Amoxicillin; Colistin,"Amoxicillin (100,000mg/1000g); Colistin (400,000,000 IU/1000g)",1,50g,Yes,Mixed in water,NA,30,120,NA (water prepare < water consumption),"1,982",0.27,667,0.34,1.26,2,NA
57,140,Sulfadiazine,34,"Sulfadiazine sodium, Trimethoprim",Sulfadiazine (420mg/1g); Trimethoprim (80mg/1g),0.92,50g,Yes,Mixed in water,NA,40,140,NA (water prepare < water consumption),"1,980",0.4,"19,320",9.76,24.33,2,NA
57,140,Trimethoprim,34,"Sulfadiazine sodium, Trimethoprim",Sulfadiazine (420mg/1g); Trimethoprim (80mg/1g),1,50g,Yes,Mixed in water,NA,40,140,NA (water prepare < water consumption),"1,980",0.4,"4,000",2.02,5.04,2,NA
57,140,Sulfadiazine,35,"Sulfadiazine sodium, Trimethoprim",Sulfadiazine (420mg/1g); Trimethoprim (80mg/1g),0.92,50g,Yes,Mixed in water,NA,40,140,NA (water prepare < water consumption),"1,980",0.42,"19,320",9.76,23.46,2,NA
57,140,Trimethoprim,35,"Sulfadiazine sodium, Trimethoprim",Sulfadiazine (420mg/1g); Trimethoprim (80mg/1g),1,50g,Yes,Mixed in water,NA,40,140,NA (water prepare < water consumption),"1,980",0.42,"4,000",2.02,4.86,2,NA
57,140,Sulfadiazine,36,"Sulfadiazine sodium, Trimethoprim",Sulfadiazine (420mg/1g); Trimethoprim (80mg/1g),0.92,50g,Yes,Mixed in water,NA,40,140,NA (water prepare < water consumption),"1,980",0.43,"19,320",9.76,22.61,2,NA
57,140,Trimethoprim,36,"Sulfadiazine sodium, Trimethoprim",Sulfadiazine (420mg/1g); Trimethoprim (80mg/1g),1,50g,Yes,Mixed in water,NA,40,140,NA (water prepare < water consumption),"1,980",0.43,"4,000",2.02,4.68,2,NA
57,140,Amoxicillin,82,Amoxicillin trihydrate; Colistin sulfate,"Amoxicillin (100,000mg/1000g); Colistin (400,000,000 IU/1000g)",0.87,100g,Yes,Mixed in water,NA,100,320,NA (water prepare < water consumption),"1,978",1.19,"8,700",4.4,3.69,1,Asthma
57,140,Colistin,82,Amoxicillin; Colistin,"Amoxicillin (100,000mg/1000g); Colistin (400,000,000 IU/1000g)",1,100g,Yes,Mixed in water,NA,100,320,NA (water prepare < water consumption),"1,978",1.19,"1,333",0.67,0.57,1,Asthma
57,140,Amoxicillin,83,Amoxicillin trihydrate; Colistin sulfate,"Amoxicillin (100,000mg/1000g); Colistin (400,000,000 IU/1000g)",0.87,100g,Yes,Mixed in water,NA,100,320,NA (water prepare < water consumption),"1,978",1.21,"8,700",4.4,3.64,1,Asthma
57,140,Colistin,83,Amoxicillin; Colistin,"Amoxicillin (100,000mg/1000g); Colistin (400,000,000 IU/1000g)",1,100g,Yes,Mixed in water,NA,100,320,NA (water prepare < water consumption),"1,978",1.21,"1,333",0.67,0.56,1,Asthma
57,140,Amoxicillin,84,Amoxicillin trihydrate; Colistin sulfate,"Amoxicillin (100,000mg/1000g); Colistin (400,000,000 IU/1000g)",0.87,100g,Yes,Mixed in water,NA,100,320,NA (water prepare < water consumption),"1,978",1.23,"8,700",4.4,3.59,1,Asthma
57,140,Colistin,84,Amoxicillin; Colistin,"Amoxicillin (100,000mg/1000g); Colistin (400,000,000 IU/1000g)",1,100g,Yes,Mixed in water,NA,100,320,NA (water prepare < water consumption),"1,978",1.23,"1,333",0.67,0.55,1,Asthma
58,124,Florfenicol,0,Florfenicol,Florfenicol (200 mg/1ml),1,10ml,Yes,Mixed in water,NA,2,2.5,NA (water prepare < water consumption),"1,000",0.05,"2,000",2,38.94,2,NA
58,124,Florfenicol,1,Florfenicol,Florfenicol (200 mg/1ml),1,10ml,Yes,Mixed in water,NA,2,5,NA (water prepare < water consumption),997,0.06,"2,000",2.01,35.69,2,NA
58,124,Florfenicol,2,Florfenicol,Florfenicol (200 mg/1ml),1,10ml,Yes,Mixed in water,NA,2,5,NA (water prepare < water consumption),996,0.06,"2,000",2.01,32.65,2,NA
58,124,Florfenicol,10,Florfenicol,Florfenicol (200 mg/1ml),1,15ml,Yes,Mixed in water,NA,5,20,NA (water prepare < water consumption),985,0.13,"3,000",3.05,24.05,2,NA
58,124,Florfenicol,11,Florfenicol,Florfenicol (200 mg/1ml),1,15ml,Yes,Mixed in water,NA,5,20,NA (water prepare < water consumption),985,0.14,"3,000",3.05,21.95,2,NA
58,124,Florfenicol,19,Florfenicol,Florfenicol (200 mg/1ml),1,20ml,Yes,Mixed in water,NA,20,50,NA (water prepare < water consumption),981,0.27,"4,000",4.08,15.11,1,Nasal discharge
58,124,Florfenicol,20,Florfenicol,Florfenicol (200 mg/1ml),1,20ml,Yes,Mixed in water,NA,20,50,NA (water prepare < water consumption),981,0.29,"4,000",4.08,14.17,1,Nasal discharge
58,124,Florfenicol,21,Florfenicol,Florfenicol (200 mg/1ml),1,20ml,Yes,Mixed in water,NA,20,55,NA (water prepare < water consumption),981,0.31,"4,000",4.08,13.34,1,Nasal discharge
58,124,Doxycycline,30,Doxycycline hyclate,Doxycycline (500mg/1g),0.82,25g,Yes,Mixed in water,NA,30,80,NA (water prepare < water consumption),975,0.44,"10,250",10.51,22.41,1,Nasal discharge
58,124,Doxycycline,31,Doxycycline hyclate,Doxycycline (500mg/1g),0.82,25g,Yes,Mixed in water,NA,30,80,NA (water prepare < water consumption),975,0.46,"10,250",10.51,22.41,1,Nasal discharge
58,124,Doxycycline,32,Doxycycline hyclate,Doxycycline (500mg/1g),0.82,25g,Yes,Mixed in water,NA,30,90,NA (water prepare < water consumption),975,0.47,"10,250",10.51,22.41,1,Nasal discharge
58,124,Doxycycline,33,Doxycycline hyclate,Doxycycline (500mg/1g),0.82,25g,Yes,Mixed in water,NA,30,90,NA (water prepare < water consumption),975,0.49,"10,250",10.51,22.41,1,Nasal discharge
58,124,Sulfamonomethoxine_TMP,36,Sulfamonomethoxine sodium;  Trimethoprim,Sulfamonomethoxine (500g/1000g),0.93,50g,Yes,Mixed in water,NA,30,100,NA (water prepare < water consumption),975,0.53,"23,250",23.85,44.81,1,Diarrhea
58,124,Sulfamonomethoxine_TMP,37,Sulfamonomethoxine sodium;  Trimethoprim,Sulfamonomethoxine (500g/1000g),0.93,50g,Yes,Mixed in water,NA,30,100,NA (water prepare < water consumption),975,0.55,"23,250",23.85,43.41,1,Diarrhea
58,124,Sulfamonomethoxine_TMP,38,Sulfamonomethoxine sodium;  Trimethoprim,Sulfamonomethoxine (500g/1000g),0.93,50g,Yes,Mixed in water,NA,30,100,NA (water prepare < water consumption),975,0.57,"23,250",23.85,42.06,1,Diarrhea
58,124,Sulfamonomethoxine_TMP,39,Sulfamonomethoxine sodium;  Trimethoprim,Sulfamonomethoxine (500g/1000g),0.93,50g,Yes,Mixed in water,NA,30,100,NA (water prepare < water consumption),975,0.58,"23,250",23.85,40.77,1,Diarrhea
58,124,Enrofloxacin,102,Enrofloxacin,Enrofloxacin (200g/1000ml),1,100ml,Yes,Mixed in water,NA,50,200,NA (water prepare < water consumption),973,1.98,"20,000",20.55,10.37,2,NA
58,124,Enrofloxacin,103,Enrofloxacin,Enrofloxacin (200g/1000ml),1,100ml,Yes,Mixed in water,NA,50,200,NA (water prepare < water consumption),973,1.99,"20,000",20.55,10.34,2,NA
58,124,Enrofloxacin,104,Enrofloxacin,Enrofloxacin (200g/1000ml),1,100ml,Yes,Mixed in water,NA,50,200,NA (water prepare < water consumption),973,1.99,"20,000",20.55,10.32,2,NA
59,157,Florfenicol,1,Florfenicol,Florfenicol (300mg/1ml),1,30ml,Yes,Mixed in water,NA,4,2,"2,250",999,0.06,"4,500",4.5,81.24,2,NA
59,157,Florfenicol,2,Florfenicol,Florfenicol (300mg/1ml),1,30ml,Yes,Mixed in water,NA,4,3,"2,250",998,0.06,"6,750",6.76,116.14,2,NA
59,157,Florfenicol,3,Florfenicol,Florfenicol (300mg/1ml),1,30ml,Yes,Mixed in water,NA,4,3,"2,250",998,0.06,"6,750",6.76,110.58,2,NA
59,157,Florfenicol,4,Florfenicol,Florfenicol (300mg/1ml),1,30ml,Yes,Mixed in water,NA,4,4,NA (water prepare < water consumption),997,0.06,"9,000",9.03,140.52,2,NA
59,157,Ampicillin,21,"Ampicillin trihydrate, Colistin sulfate","Ampicillin (10,000mg/100g); Colistin (25,000,000 IU/100g)",0.87,20g,Yes,Mixed in water,NA,20,15,87,986,0.14,"1,305",1.32,9.39,1,Diarrhea
59,157,Colistin,21,"Ampicillin trihydrate, Colistin","Ampicillin (10,000mg/100g); Colistin (25,000,000 IU/100g)",1,20g,Yes,Mixed in water,NA,20,15,8,986,0.14,125,0.13,0.9,1,Diarrhea
59,157,Ampicillin,22,"Ampicillin trihydrate, Colistin sulfate","Ampicillin (10,000mg/100g); Colistin (25,000,000 IU/100g)",0.87,20g,Yes,Mixed in water,NA,20,15,87,986,0.15,"1,305",1.32,9.11,1,Diarrhea
59,157,Colistin,22,"Ampicillin trihydrate, Colistin","Ampicillin (10,000mg/100g); Colistin (25,000,000 IU/100g)",1,20g,Yes,Mixed in water,NA,20,15,8,986,0.15,125,0.13,0.87,1,Diarrhea
59,157,Ampicillin,23,"Ampicillin trihydrate, Colistin sulfate","Ampicillin (10,000mg/100g); Colistin (25,000,000 IU/100g)",0.87,20g,Yes,Mixed in water,NA,20,15,87,986,0.15,"1,305",1.32,8.87,1,Diarrhea
59,157,Colistin,23,"Ampicillin trihydrate, Colistin","Ampicillin (10,000mg/100g); Colistin (25,000,000 IU/100g)",1,20g,Yes,Mixed in water,NA,20,15,8,986,0.15,125,0.13,0.85,1,Diarrhea
59,157,Ampicillin,24,"Ampicillin trihydrate, Colistin sulfate","Ampicillin (10,000mg/100g); Colistin (25,000,000 IU/100g)",0.87,20g,Yes,Mixed in water,NA,20,20,NA (water prepare < water consumption),986,0.15,"1,740",1.76,11.52,1,Diarrhea
59,157,Colistin,24,"Ampicillin trihydrate, Colistin","Ampicillin (10,000mg/100g); Colistin (25,000,000 IU/100g)",1,20g,Yes,Mixed in water,NA,20,20,NA (water prepare < water consumption),986,0.15,167,0.17,1.1,1,Diarrhea
59,157,Ampicillin,25,"Ampicillin trihydrate, Colistin sulfate","Ampicillin (10,000mg/100g); Colistin (25,000,000 IU/100g)",0.87,20g,Yes,Mixed in water,NA,20,20,NA (water prepare < water consumption),985,0.16,"1,740",1.77,11.25,1,Diarrhea
59,157,Colistin,25,"Ampicillin trihydrate, Colistin","Ampicillin (10,000mg/100g); Colistin (25,000,000 IU/100g)",1,20g,Yes,Mixed in water,NA,20,20,NA (water prepare < water consumption),985,0.16,167,0.17,1.08,1,Diarrhea
59,157,Colistin,39,Colistin sulfate,Colistin (100g/1000g),1,50g,Yes,Mixed in water,NA,30,90,NA (water prepare < water consumption),980,0.25,"5,000",5.1,20.71,2,NA
59,157,Colistin,40,Colistin sulfate,Colistin (100g/1000g),1,50g,Yes,Mixed in water,NA,30,90,NA (water prepare < water consumption),980,0.26,"5,000",5.1,19.76,2,NA
59,157,Colistin,41,Colistin sulfate,Colistin (100g/1000g),1,50g,Yes,Mixed in water,NA,30,90,NA (water prepare < water consumption),980,0.27,"5,000",5.1,18.85,2,NA
59,157,Colistin,65,Colistin sulfate,Colistin (100g/1000g),1,100g,Yes,Mixed in water,NA,50,190,NA (water prepare < water consumption),971,0.72,"10,000",10.3,14.27,2,NA
59,157,Colistin,66,Colistin sulfate,Colistin (100g/1000g),1,100g,Yes,Mixed in water,NA,50,190,NA (water prepare < water consumption),971,0.74,"10,000",10.3,13.85,2,NA
59,157,Colistin,67,Colistin sulfate,Colistin (100g/1000g),1,100g,Yes,Mixed in water,NA,50,190,NA (water prepare < water consumption),971,0.77,"10,000",10.3,13.46,2,NA
59,157,Colistin,92,Colistin sulfate,Colistin (100g/1000g),1,100g,Yes,Mixed in water,NA,100,200,NA (water prepare < water consumption),969,1.27,"10,000",10.32,8.1,2,NA
59,157,Colistin,93,Colistin sulfate,Colistin (100g/1000g),1,100g,Yes,Mixed in water,NA,100,200,NA (water prepare < water consumption),969,1.29,"10,000",10.32,7.97,2,NA
59,157,Sulfamonomethoxine,100,Sulfamonomethoxine sodium,Sulfamonomethoxine (99g/100g),0.93,100g,Yes,Mixed in water,NA,100,200,NA (water prepare < water consumption),969,1.45,"92,070",95.02,65.47,2,NA
59,157,Sulfamonomethoxine,101,Sulfamonomethoxine sodium,Sulfamonomethoxine (99g/100g),0.93,100g,Yes,Mixed in water,NA,100,200,NA (water prepare < water consumption),969,1.48,"92,070",95.02,64.36,2,NA
59,157,Sulfamonomethoxine,102,Sulfamonomethoxine sodium,Sulfamonomethoxine (99g/100g),0.93,100g,Yes,Mixed in water,NA,100,200,NA (water prepare < water consumption),969,1.5,"92,070",95.02,63.26,2,NA
53,109,Sulfamethoxazole,65,Sulfamethoxazole Sodium,Sulfamethoxazole(200mg/1g),0.92,250g,Yes,Mixed in water,NA,130,240,NA (water prepare < water consumption),"2,960",0.46,"46,000",15.54,34,2,NA
53,109,Sulfamethoxazole,66,Sulfamethoxazole Sodium,Sulfamethoxazole(200mg/1g),0.92,250g,Yes,Mixed in water,NA,130,240,NA (water prepare < water consumption),"2,960",0.47,"46,000",15.54,33.41,2,NA
53,109,Sulfamethoxazole,67,Sulfamethoxazole Sodium,Sulfamethoxazole(200mg/1g),0.92,250g,Yes,Mixed in water,NA,130,240,NA (water prepare < water consumption),"2,960",0.47,"46,000",15.54,32.84,2,NA
60,152,Doxycycline,19,Doxycycline hyclate,Doxycycline (500mg/1g),0.82,30g,Yes,Mixed in water,NA,20,60,NA (water prepare < water consumption),"1,474",0.15,"12,300",8.34,22.41,1,Asthma
60,152,Doxycycline,21,Doxycycline hyclate,Doxycycline (500mg/1g),0.82,30g,Yes,Mixed in water,NA,20,60,NA (water prepare < water consumption),"1,475",0.16,"12,300",8.34,22.41,1,Asthma
60,152,Amoxicillin,31,Amoxicillin trihydrate,Amoxicillin (500mg/1g),1,50g,Yes,Mixed in water,NA,30,90,NA (water prepare < water consumption),"1,464",0.24,"25,000",17.08,71.58,1,Diarrhea
60,152,Amoxicillin,32,Amoxicillin trihydrate,Amoxicillin (500mg/1g),1,50g,Yes,Mixed in water,NA,30,90,NA (water prepare < water consumption),"1,462",0.25,"25,000",17.1,69.61,1,Diarrhea
60,152,Amoxicillin,33,Amoxicillin trihydrate,Amoxicillin (500mg/1g),1,50g,Yes,Mixed in water,NA,30,90,NA (water prepare < water consumption),"1,459",0.25,"25,000",17.14,67.68,1,Diarrhea