farm_id,Days_cycle,Admin_days_cycle,dead,sold,alive_start_of_day,Drug_usage_final,therapeutic,preventive
1,108,0,0,0,1100,1,0,1
1,108,1,0,0,1100,1,0,1
1,108,2,0,0,1100,1,0,1
1,108,3,0,0,1100,1,0,1
1,108,4,0,0,1100,1,0,1
1,108,5,0,0,1100,1,0,1
1,108,6,0,0,1100,1,0,1
1,108,7,10,0,1100,1,0,1
1,108,8,2,0,1090,0,0,0
1,108,9,0,0,1088,0,0,0
1,108,10,0,0,1088,0,0,0
1,108,11,0,0,1088,0,0,0
1,108,12,0,0,1088,0,0,0
1,108,13,0,0,1088,0,0,0
1,108,14,0,0,1088,0,0,0
1,108,15,0,0,1088,0,0,0
1,108,16,0,0,1088,0,0,0
1,108,17,0,0,1088,0,0,0
1,108,18,0,0,1088,0,0,0
1,108,19,0,0,1088,0,0,0
1,108,20,0,0,1088,0,0,0
1,108,21,0,0,1088,1,1,0
1,108,22,0,0,1088,1,1,0
1,108,23,0,0,1088,1,1,0
1,108,24,0,0,1088,1,1,0
1,108,25,0,0,1088,0,0,0
1,108,26,0,0,1088,0,0,0
1,108,27,0,0,1088,0,0,0
1,108,28,0,0,1088,0,0,0
1,108,29,0,0,1088,0,0,0
1,108,30,0,0,1088,0,0,0
1,108,31,0,0,1088,0,0,0
1,108,32,0,0,1088,0,0,0
1,108,33,0,0,1088,0,0,0
1,108,34,0,0,1088,0,0,0
1,108,35,0,0,1088,0,0,0
1,108,36,0,0,1088,0,0,0
1,108,37,0,0,1088,0,0,0
1,108,38,0,0,1088,0,0,0
1,108,39,3,0,1088,0,0,0
1,108,40,0,0,1085,0,0,0
1,108,41,0,0,1085,0,0,0
1,108,42,0,0,1085,0,0,0
1,108,43,0,0,1085,0,0,0
1,108,44,0,0,1085,0,0,0
1,108,45,0,0,1085,0,0,0
1,108,46,0,0,1085,0,0,0
1,108,47,0,0,1085,0,0,0
1,108,48,0,0,1085,0,0,0
1,108,49,0,0,1085,0,0,0
1,108,50,0,0,1085,0,0,0
1,108,51,0,0,1085,0,0,0
1,108,52,0,0,1085,0,0,0
1,108,53,2,0,1085,0,0,0
1,108,54,0,0,1083,0,0,0
1,108,55,0,0,1083,0,0,0
1,108,56,0,0,1083,0,0,0
1,108,57,0,0,1083,0,0,0
1,108,58,0,0,1083,0,0,0
1,108,59,0,0,1083,0,0,0
1,108,60,1,0,1083,0,0,0
1,108,61,0,0,1082,1,1,0
1,108,62,0,0,1082,1,1,0
1,108,63,0,0,1082,1,1,0
1,108,64,0,0,1082,0,0,0
1,108,65,0,0,1082,0,0,0
1,108,66,0,0,1082,0,0,0
1,108,67,0,0,1082,0,0,0
1,108,68,0,200,1082,0,0,0
1,108,69,0,0,882,0,0,0
1,108,70,0,0,882,0,0,0
1,108,71,0,0,882,0,0,0
1,108,72,0,0,882,0,0,0
1,108,73,0,0,882,0,0,0
1,108,74,0,0,882,0,0,0
1,108,75,0,0,882,0,0,0
1,108,76,0,0,882,0,0,0
1,108,77,0,0,882,0,0,0
1,108,78,0,0,882,0,0,0
1,108,79,0,0,882,0,0,0
1,108,80,0,0,882,0,0,0
1,108,81,0,0,882,0,0,0
1,108,82,0,0,882,0,0,0
1,108,83,0,0,882,0,0,0
1,108,84,0,0,882,0,0,0
1,108,85,0,0,882,0,0,0
1,108,86,0,0,882,0,0,0
1,108,87,0,240,882,0,0,0
1,108,88,0,0,642,0,0,0
1,108,89,0,0,642,0,0,0
1,108,90,0,0,642,0,0,0
1,108,91,0,0,642,0,0,0
1,108,92,0,212,642,0,0,0
1,108,93,0,0,430,0,0,0
1,108,94,0,150,430,0,0,0
1,108,95,0,0,280,0,0,0
1,108,96,0,46,280,0,0,0
1,108,97,0,50,234,0,0,0
1,108,98,0,0,184,0,0,0
1,108,99,0,0,184,0,0,0
1,108,100,0,45,184,0,0,0
1,108,101,0,0,139,0,0,0
1,108,102,0,20,139,0,0,0
1,108,103,0,49,119,0,0,0
1,108,104,0,0,70,0,0,0
1,108,105,0,0,70,0,0,0
1,108,106,0,88,70,0,0,0
1,108,107,0,0,0,0,0,0
2,110,0,0,0,950,1,0,1
2,110,1,0,0,950,1,0,1
2,110,2,0,0,950,1,0,1
2,110,3,0,0,950,1,0,1
2,110,4,0,0,950,0,0,0
2,110,5,0,0,950,0,0,0
2,110,6,0,0,950,0,0,0
2,110,7,0,0,950,0,0,0
2,110,8,0,0,950,0,0,0
2,110,9,4,0,950,0,0,0
2,110,10,0,0,946,0,0,0
2,110,11,0,0,946,0,0,0
2,110,12,0,0,946,0,0,0
2,110,13,0,0,946,0,0,0
2,110,14,3,0,946,0,0,0
2,110,15,0,0,943,0,0,0
2,110,16,0,0,943,0,0,0
2,110,17,0,0,943,0,0,0
2,110,18,0,0,943,0,0,0
2,110,19,0,0,943,0,0,0
2,110,20,0,0,943,0,0,0
2,110,21,0,0,943,0,0,0
2,110,22,0,0,943,0,0,0
2,110,23,0,0,943,0,0,0
2,110,24,0,0,943,0,0,0
2,110,25,0,0,943,0,0,0
2,110,26,0,0,943,0,0,0
2,110,27,0,0,943,0,0,0
2,110,28,0,0,943,0,0,0
2,110,29,0,0,943,0,0,0
2,110,30,0,0,943,0,0,0
2,110,31,0,0,943,0,0,0
2,110,32,0,0,943,0,0,0
2,110,33,0,0,943,0,0,0
2,110,34,0,0,943,0,0,0
2,110,35,0,0,943,0,0,0
2,110,36,0,0,943,0,0,0
2,110,37,0,0,943,0,0,0
2,110,38,0,0,943,0,0,0
2,110,39,0,0,943,0,0,0
2,110,40,0,0,943,0,0,0
2,110,41,0,0,943,0,0,0
2,110,42,0,0,943,0,0,0
2,110,43,0,0,943,0,0,0
2,110,44,0,0,943,1,0,1
2,110,45,0,0,943,1,0,1
2,110,46,0,0,943,1,0,1
2,110,47,0,0,943,0,0,0
2,110,48,0,0,943,0,0,0
2,110,49,0,0,943,1,0,1
2,110,50,0,0,943,1,0,1
2,110,51,0,67,943,1,0,1
2,110,52,0,0,876,0,0,0
2,110,53,0,0,876,0,0,0
2,110,54,0,141,876,0,0,0
2,110,55,0,31,735,0,0,0
2,110,56,0,0,704,0,0,0
2,110,57,0,0,704,0,0,0
2,110,58,0,0,704,0,0,0
2,110,59,0,0,704,0,0,0
2,110,60,0,67,704,0,0,0
2,110,61,0,0,637,0,0,0
2,110,62,0,0,637,0,0,0
2,110,63,0,0,637,0,0,0
2,110,64,0,0,637,0,0,0
2,110,65,0,0,637,0,0,0
2,110,66,0,0,637,0,0,0
2,110,67,0,0,637,0,0,0
2,110,68,0,0,637,0,0,0
2,110,69,0,0,637,0,0,0
2,110,70,0,0,637,0,0,0
2,110,71,0,0,637,0,0,0
2,110,72,0,0,637,1,0,1
2,110,73,0,0,637,1,0,1
2,110,74,0,0,647,1,0,1
2,110,75,0,0,647,0,0,0
2,110,76,0,0,647,0,0,0
2,110,77,0,0,647,0,0,0
2,110,78,0,0,647,0,0,0
2,110,79,0,0,647,0,0,0
2,110,80,0,0,647,0,0,0
2,110,81,0,0,647,0,0,0
2,110,82,0,0,647,0,0,0
2,110,83,0,0,647,0,0,0
2,110,84,0,0,647,0,0,0
2,110,85,0,0,647,0,0,0
2,110,86,0,0,647,0,0,0
2,110,87,0,0,647,0,0,0
2,110,88,0,0,647,0,0,0
2,110,89,0,0,647,0,0,0
2,110,90,0,0,647,0,0,0
2,110,91,0,0,647,0,0,0
2,110,92,0,0,647,0,0,0
2,110,93,0,0,647,0,0,0
2,110,94,0,0,647,0,0,0
2,110,95,0,56,647,0,0,0
2,110,96,0,0,591,0,0,0
2,110,97,0,70,591,0,0,0
2,110,98,0,0,521,0,0,0
2,110,99,0,426,521,0,0,0
2,110,100,0,0,95,0,0,0
2,110,101,0,0,95,0,0,0
2,110,102,0,0,95,0,0,0
2,110,103,0,0,95,0,0,0
2,110,104,0,0,95,0,0,0
2,110,105,0,0,95,0,0,0
2,110,106,0,50,95,0,0,0
2,110,107,0,0,45,0,0,0
2,110,108,0,0,45,0,0,0
2,110,109,0,0,45,0,0,0
3,127,0,0,0,1000,0,0,0
3,127,1,0,0,1000,0,0,0
3,127,2,0,0,1000,0,0,0
3,127,3,0,0,1000,1,0,1
3,127,4,10,0,1000,1,0,1
3,127,5,10,0,990,1,0,1
3,127,6,0,0,980,0,0,0
3,127,7,0,0,980,0,0,0
3,127,8,0,0,980,0,0,0
3,127,9,0,0,980,0,0,0
3,127,10,0,0,980,0,0,0
3,127,11,0,0,980,0,0,0
3,127,12,0,0,980,0,0,0
3,127,13,0,0,980,0,0,0
3,127,14,0,0,980,0,0,0
3,127,15,0,0,980,0,0,0
3,127,16,0,0,980,0,0,0
3,127,17,0,0,980,0,0,0
3,127,18,0,0,980,1,0,1
3,127,19,0,0,980,1,0,1
3,127,20,0,0,980,1,0,1
3,127,21,0,0,980,0,0,0
3,127,22,0,0,980,0,0,0
3,127,23,0,0,980,0,0,0
3,127,24,0,0,980,0,0,0
3,127,25,0,0,980,0,0,0
3,127,26,0,0,980,0,0,0
3,127,27,0,0,980,0,0,0
3,127,28,0,0,980,0,0,0
3,127,29,0,0,980,0,0,0
3,127,30,0,0,980,0,0,0
3,127,31,0,0,980,0,0,0
3,127,32,0,0,980,0,0,0
3,127,33,0,0,980,0,0,0
3,127,34,0,0,980,0,0,0
3,127,35,0,0,980,0,0,0
3,127,36,0,0,980,0,0,0
3,127,37,0,0,980,0,0,0
3,127,38,0,0,980,0,0,0
3,127,39,0,0,980,0,0,0
3,127,40,0,0,980,0,0,0
3,127,41,0,0,980,0,0,0
3,127,42,0,0,980,0,0,0
3,127,43,0,0,980,0,0,0
3,127,44,0,0,980,0,0,0
3,127,45,0,0,980,0,0,0
3,127,46,0,0,980,0,0,0
3,127,47,0,0,980,0,0,0
3,127,48,0,0,980,0,0,0
3,127,49,0,0,980,0,0,0
3,127,50,0,0,980,0,0,0
3,127,51,0,0,980,0,0,0
3,127,52,0,0,980,0,0,0
3,127,53,0,0,980,0,0,0
3,127,54,0,0,980,0,0,0
3,127,55,0,0,980,0,0,0
3,127,56,0,0,980,0,0,0
3,127,57,0,0,980,0,0,0
3,127,58,0,0,980,0,0,0
3,127,59,0,0,980,1,1,0
3,127,60,0,0,980,1,1,0
3,127,61,0,0,980,1,1,0
3,127,62,0,0,980,1,1,0
3,127,63,2,0,980,0,0,0
3,127,64,0,0,978,0,0,0
3,127,65,0,0,978,0,0,0
3,127,66,0,0,978,0,0,0
3,127,67,0,0,978,0,0,0
3,127,68,1,0,978,0,0,0
3,127,69,0,0,977,0,0,0
3,127,70,0,0,977,0,0,0
3,127,71,2,0,977,0,0,0
3,127,72,0,0,975,0,0,0
3,127,73,0,0,975,0,0,0
3,127,74,0,0,975,0,0,0
3,127,75,0,0,975,0,0,0
3,127,76,0,0,975,0,0,0
3,127,77,0,0,975,0,0,0
3,127,78,0,0,975,0,0,0
3,127,79,0,0,975,0,0,0
3,127,80,0,0,975,0,0,0
3,127,81,0,0,975,0,0,0
3,127,82,0,0,975,0,0,0
3,127,83,0,0,975,0,0,0
3,127,84,1,0,975,0,0,0
3,127,85,0,0,974,0,0,0
3,127,86,0,0,974,0,0,0
3,127,87,0,0,974,0,0,0
3,127,88,0,0,974,0,0,0
3,127,89,0,0,974,1,0,1
3,127,90,0,0,974,1,0,1
3,127,91,0,0,974,1,0,1
3,127,92,0,0,974,0,0,0
3,127,93,0,0,974,0,0,0
3,127,94,0,0,974,0,0,0
3,127,95,0,0,974,0,0,0
3,127,96,0,0,974,0,0,0
3,127,97,0,0,974,0,0,0
3,127,98,0,0,974,0,0,0
3,127,99,0,0,974,0,0,0
3,127,100,0,0,974,0,0,0
3,127,101,0,0,974,0,0,0
3,127,102,1,0,974,0,0,0
3,127,103,0,0,973,0,0,0
3,127,104,0,0,973,0,0,0
3,127,105,0,0,973,0,0,0
3,127,106,0,0,973,0,0,0
3,127,107,0,0,973,0,0,0
3,127,108,0,0,973,0,0,0
3,127,109,0,0,973,0,0,0
3,127,110,0,0,973,0,0,0
3,127,111,0,0,973,0,0,0
3,127,112,0,0,973,0,0,0
3,127,113,0,0,973,0,0,0
3,127,114,0,0,973,0,0,0
3,127,115,0,0,973,0,0,0
3,127,116,0,0,973,0,0,0
3,127,117,0,0,973,0,0,0
3,127,118,0,0,973,0,0,0
3,127,119,0,0,973,0,0,0
3,127,120,0,0,973,0,0,0
3,127,121,0,0,973,0,0,0
3,127,122,0,0,973,0,0,0
3,127,123,0,0,973,0,0,0
3,127,124,0,0,973,0,0,0
3,127,125,0,0,973,0,0,0
3,127,126,0,0,973,0,0,0
3,127,127,0,0,973,0,0,0
4,32,0,0,0,1000,1,0,1
4,32,1,0,0,1000,1,0,1
4,32,2,0,0,1000,1,0,1
4,32,3,0,0,1000,1,0,1
4,32,4,10,0,1000,1,0,1
4,32,5,0,0,990,1,0,1
4,32,6,0,0,990,1,0,1
4,32,7,16,0,990,1,0,1
4,32,8,0,0,974,1,0,1
4,32,9,0,0,974,1,0,1
4,32,10,0,0,974,0,0,0
4,32,11,0,0,974,0,0,0
4,32,12,0,0,974,0,0,0
4,32,13,0,0,974,0,0,0
4,32,14,0,0,974,0,0,0
4,32,15,0,0,974,0,0,0
4,32,16,0,0,974,0,0,0
4,32,17,3,0,974,0,0,0
4,32,18,0,0,971,0,0,0
4,32,19,0,0,971,0,0,0
4,32,20,0,0,971,0,0,0
4,32,21,0,0,971,0,0,0
4,32,22,0,0,971,0,0,0
4,32,23,0,0,971,0,0,0
4,32,24,0,0,971,0,0,0
4,32,25,0,0,971,0,0,0
4,32,26,0,0,971,0,0,0
4,32,27,0,0,971,0,0,0
4,32,28,0,0,971,0,0,0
4,32,29,0,0,971,0,0,0
4,32,30,0,0,971,1,1,0
4,32,31,0,0,971,1,1,0
5,118,0,0,0,3500,0,0,0
5,118,1,15,0,3500,0,0,0
5,118,2,7,0,3485,0,0,0
5,118,3,0,0,3478,0,0,0
5,118,4,8,0,3478,0,0,0
5,118,5,0,0,3470,0,0,0
5,118,6,0,0,3470,0,0,0
5,118,7,0,0,3470,0,0,0
5,118,8,0,0,3470,0,0,0
5,118,9,0,0,3470,0,0,0
5,118,10,0,0,3470,0,0,0
5,118,11,0,0,3470,0,0,0
5,118,12,0,0,3470,1,0,1
5,118,13,0,0,3470,1,0,1
5,118,14,0,0,3470,1,0,1
5,118,15,0,0,3470,0,0,0
5,118,16,0,0,3470,0,0,0
5,118,17,5,0,3470,0,0,0
5,118,18,0,0,3465,1,1,0
5,118,19,0,0,3465,1,1,0
5,118,20,0,0,3465,1,1,0
5,118,21,0,0,3465,0,0,0
5,118,22,0,0,3465,0,0,0
5,118,23,0,0,3465,0,0,0
5,118,24,0,0,3465,0,0,0
5,118,25,0,0,3465,1,0,1
5,118,26,0,0,3465,1,0,1
5,118,27,0,0,3465,1,0,1
5,118,28,0,0,3465,0,0,0
5,118,29,0,0,3465,0,0,0
5,118,30,0,0,3465,0,0,0
5,118,31,0,0,3465,0,0,0
5,118,32,0,0,3465,0,0,0
5,118,33,0,0,3465,0,0,0
5,118,34,0,0,3465,0,0,0
5,118,35,0,0,3465,0,0,0
5,118,36,0,0,3465,0,0,0
5,118,37,0,0,3465,0,0,0
5,118,38,0,0,3465,0,0,0
5,118,39,0,0,3465,0,0,0
5,118,40,0,0,3465,0,0,0
5,118,41,0,0,3465,0,0,0
5,118,42,0,0,3465,0,0,0
5,118,43,0,0,3465,0,0,0
5,118,44,0,0,3465,0,0,0
5,118,45,0,0,3465,0,0,0
5,118,46,0,0,3465,0,0,0
5,118,47,0,0,3465,0,0,0
5,118,48,0,0,3465,0,0,0
5,118,49,0,0,3465,0,0,0
5,118,50,0,0,3465,0,0,0
5,118,51,0,0,3465,0,0,0
5,118,52,0,0,3465,0,0,0
5,118,53,0,0,3465,0,0,0
5,118,54,0,0,3465,0,0,0
5,118,55,0,0,3465,0,0,0
5,118,56,0,0,3465,0,0,0
5,118,57,0,0,3465,0,0,0
5,118,58,0,0,3465,0,0,0
5,118,59,2,0,3465,0,0,0
5,118,60,1,0,3463,0,0,0
5,118,61,0,0,3462,0,0,0
5,118,62,0,0,3462,0,0,0
5,118,63,0,0,3462,0,0,0
5,118,64,0,0,3462,0,0,0
5,118,65,0,0,3462,0,0,0
5,118,66,0,0,3462,0,0,0
5,118,67,0,0,3462,0,0,0
5,118,68,0,0,3462,0,0,0
5,118,69,0,0,3462,0,0,0
5,118,70,0,0,3462,0,0,0
5,118,71,0,0,3462,0,0,0
5,118,72,0,0,3462,0,0,0
5,118,73,0,0,3462,0,0,0
5,118,74,0,0,3462,0,0,0
5,118,75,0,0,3462,0,0,0
5,118,76,0,0,3462,0,0,0
5,118,77,0,0,3462,0,0,0
5,118,78,0,0,3462,0,0,0
5,118,79,0,0,3462,0,0,0
5,118,80,0,0,3462,0,0,0
5,118,81,0,0,3462,0,0,0
5,118,82,0,0,3462,0,0,0
5,118,83,0,0,3462,0,0,0
5,118,84,0,0,3462,0,0,0
5,118,85,0,0,3462,0,0,0
5,118,86,0,0,3462,0,0,0
5,118,87,0,0,3462,0,0,0
5,118,88,0,0,3462,0,0,0
5,118,89,0,0,3462,0,0,0
5,118,90,0,0,3462,0,0,0
5,118,91,0,0,3462,0,0,0
5,118,92,0,0,3462,0,0,0
5,118,93,0,0,3462,0,0,0
5,118,94,0,0,3462,0,0,0
5,118,95,0,0,3462,0,0,0
5,118,96,0,0,3462,0,0,0
5,118,97,0,0,3462,0,0,0
5,118,98,0,0,3462,0,0,0
5,118,99,0,0,3462,0,0,0
5,118,100,0,0,3462,0,0,0
5,118,101,0,0,3462,0,0,0
5,118,102,0,0,3462,0,0,0
5,118,103,0,0,3462,0,0,0
5,118,104,0,0,3462,0,0,0
5,118,105,0,0,3462,0,0,0
5,118,106,0,0,3462,0,0,0
5,118,107,0,3456,3462,0,0,0
5,118,108,0,0,6,0,0,0
5,118,109,0,0,6,0,0,0
5,118,110,0,0,6,0,0,0
5,118,111,0,0,6,0,0,0
5,118,112,0,0,6,0,0,0
5,118,113,0,0,6,0,0,0
5,118,114,0,0,6,0,0,0
5,118,115,0,0,6,0,0,0
5,118,116,0,0,6,0,0,0
5,118,117,0,0,6,0,0,0
6,120,0,4,0,950,0,0,0
6,120,1,0,0,946,0,0,0
6,120,2,2,0,946,0,0,0
6,120,3,0,0,944,0,0,0
6,120,4,4,0,944,0,0,0
6,120,5,0,0,940,0,0,0
6,120,6,4,0,940,0,0,0
6,120,7,0,0,936,0,0,0
6,120,8,0,0,936,0,0,0
6,120,9,0,0,936,0,0,0
6,120,10,0,0,936,0,0,0
6,120,11,0,0,936,0,0,0
6,120,12,0,0,936,0,0,0
6,120,13,1,0,936,0,0,0
6,120,14,0,0,935,0,0,0
6,120,15,0,0,935,0,0,0
6,120,16,0,0,935,0,0,0
6,120,17,0,0,935,0,0,0
6,120,18,0,0,935,0,0,0
6,120,19,0,0,935,0,0,0
6,120,20,3,0,935,0,0,0
6,120,21,0,0,932,0,0,0
6,120,22,0,0,932,0,0,0
6,120,23,0,0,932,0,0,0
6,120,24,0,0,932,1,0,1
6,120,25,0,0,932,1,0,1
6,120,26,0,0,932,1,0,1
6,120,27,0,0,932,0,0,0
6,120,28,0,0,932,0,0,0
6,120,29,0,0,932,0,0,0
6,120,30,0,0,932,0,0,0
6,120,31,0,0,932,0,0,0
6,120,32,4,0,932,0,0,0
6,120,33,0,0,928,0,0,0
6,120,34,0,0,928,0,0,0
6,120,35,0,0,928,0,0,0
6,120,36,0,0,928,0,0,0
6,120,37,0,0,928,0,0,0
6,120,38,0,0,928,0,0,0
6,120,39,0,0,928,0,0,0
6,120,40,0,0,928,0,0,0
6,120,41,3,0,928,0,0,0
6,120,42,0,0,925,0,0,0
6,120,43,0,0,925,0,0,0
6,120,44,0,0,925,0,0,0
6,120,45,0,0,925,0,0,0
6,120,46,0,0,925,0,0,0
6,120,47,0,0,925,0,0,0
6,120,48,0,0,925,0,0,0
6,120,49,0,0,925,0,0,0
6,120,50,0,0,925,0,0,0
6,120,51,0,0,925,0,0,0
6,120,52,0,0,925,0,0,0
6,120,53,0,0,925,0,0,0
6,120,54,0,0,925,0,0,0
6,120,55,0,0,925,0,0,0
6,120,56,0,0,925,0,0,0
6,120,57,0,0,925,0,0,0
6,120,58,0,0,926,0,0,0
6,120,59,0,0,926,0,0,0
6,120,60,0,0,926,1,0,1
6,120,61,0,0,926,1,0,1
6,120,62,0,0,926,0,0,0
6,120,63,0,0,926,0,0,0
6,120,64,0,0,926,0,0,0
6,120,65,1,0,926,0,0,0
6,120,66,0,0,925,0,0,0
6,120,67,0,0,925,0,0,0
6,120,68,0,0,925,0,0,0
6,120,69,0,0,925,0,0,0
6,120,70,0,0,925,0,0,0
6,120,71,0,0,925,0,0,0
6,120,72,0,0,925,0,0,0
6,120,73,0,0,925,0,0,0
6,120,74,0,0,925,0,0,0
6,120,75,0,0,925,0,0,0
6,120,76,1,0,925,0,0,0
6,120,77,0,0,924,0,0,0
6,120,78,0,0,924,0,0,0
6,120,79,0,0,924,0,0,0
6,120,80,0,0,924,0,0,0
6,120,81,0,0,924,0,0,0
6,120,82,0,0,924,0,0,0
6,120,83,0,0,924,0,0,0
6,120,84,0,0,924,0,0,0
6,120,85,0,0,924,0,0,0
6,120,86,0,0,924,0,0,0
6,120,87,0,0,924,0,0,0
6,120,88,0,0,924,0,0,0
6,120,89,0,0,924,0,0,0
6,120,90,0,0,924,0,0,0
6,120,91,0,0,924,0,0,0
6,120,92,0,0,924,0,0,0
6,120,93,0,0,924,0,0,0
6,120,94,0,0,925,0,0,0
6,120,95,2,0,925,0,0,0
6,120,96,0,0,923,0,0,0
6,120,97,0,0,923,0,0,0
6,120,98,0,0,923,0,0,0
6,120,99,0,0,923,0,0,0
6,120,100,0,0,923,0,0,0
6,120,101,0,0,923,0,0,0
6,120,102,0,0,923,0,0,0
6,120,103,0,0,923,0,0,0
6,120,104,0,0,923,0,0,0
6,120,105,0,0,923,0,0,0
6,120,106,0,0,923,0,0,0
6,120,107,0,0,923,0,0,0
6,120,108,0,0,923,0,0,0
6,120,109,0,0,923,0,0,0
6,120,110,0,0,923,0,0,0
6,120,111,0,0,923,0,0,0
6,120,112,0,0,923,0,0,0
6,120,113,0,0,923,0,0,0
6,120,114,0,372,923,0,0,0
6,120,115,0,0,551,0,0,0
6,120,116,0,222,551,0,0,0
6,120,117,0,0,329,0,0,0
6,120,118,0,0,329,0,0,0
6,120,119,0,130,329,0,0,0
6,120,120,0,0,199,0,0,0
7,126,0,0,0,3150,0,0,0
7,126,1,1,0,3150,0,0,0
7,126,2,2,0,3149,0,0,0
7,126,3,7,0,3147,0,0,0
7,126,4,5,0,3140,0,0,0
7,126,5,3,0,3135,1,0,1
7,126,6,6,0,3132,1,0,1
7,126,7,4,0,3126,1,0,1
7,126,8,1,0,3122,0,0,0
7,126,9,1,0,3121,0,0,0
7,126,10,0,0,3120,0,0,0
7,126,11,2,0,3120,0,0,0
7,126,12,3,0,3118,0,0,0
7,126,13,1,0,3115,0,0,0
7,126,14,1,0,3114,0,0,0
7,126,15,0,0,3113,0,0,0
7,126,16,0,0,3113,1,0,1
7,126,17,0,0,3113,1,0,1
7,126,18,0,0,3113,1,0,1
7,126,19,0,0,3113,0,0,0
7,126,20,0,0,3113,0,0,0
7,126,21,1,0,3113,0,0,0
7,126,22,2,0,3112,0,0,0
7,126,23,0,0,3110,0,0,0
7,126,24,0,0,3110,0,0,0
7,126,25,0,0,3110,0,0,0
7,126,26,0,0,3110,0,0,0
7,126,27,0,0,3110,0,0,0
7,126,28,4,0,3110,0,0,0
7,126,29,0,0,3106,0,0,0
7,126,30,0,0,3106,0,0,0
7,126,31,2,0,3106,1,0,1
7,126,32,0,0,3104,1,0,1
7,126,33,0,0,3104,1,0,1
7,126,34,0,0,3104,0,0,0
7,126,35,0,0,3104,1,0,1
7,126,36,0,0,3104,1,0,1
7,126,37,0,0,3104,1,0,1
7,126,38,0,0,3104,0,0,0
7,126,39,0,0,3104,0,0,0
7,126,40,0,0,3104,0,0,0
7,126,41,0,0,3104,0,0,0
7,126,42,3,0,3104,0,0,0
7,126,43,0,0,3101,0,0,0
7,126,44,0,0,3101,0,0,0
7,126,45,0,0,3101,0,0,0
7,126,46,0,0,3101,0,0,0
7,126,47,0,0,3101,0,0,0
7,126,48,0,0,3101,0,0,0
7,126,49,0,0,3101,0,0,0
7,126,50,0,0,3101,0,0,0
7,126,51,0,0,3101,0,0,0
7,126,52,0,0,3101,0,0,0
7,126,53,0,0,3101,0,0,0
7,126,54,0,0,3101,0,0,0
7,126,55,0,0,3101,0,0,0
7,126,56,0,0,3101,0,0,0
7,126,57,0,0,3101,1,1,0
7,126,58,0,0,3101,1,1,0
7,126,59,0,0,3101,1,1,0
7,126,60,0,0,3101,0,0,0
7,126,61,0,0,3101,0,0,0
7,126,62,0,0,3101,0,0,0
7,126,63,0,0,3101,0,0,0
7,126,64,0,0,3101,1,0,1
7,126,65,0,0,3101,1,0,1
7,126,66,0,0,3101,1,0,1
7,126,67,0,0,3101,1,0,1
7,126,68,0,0,3101,0,0,0
7,126,69,0,0,3101,0,0,0
7,126,70,0,0,3101,0,0,0
7,126,71,0,0,3101,0,0,0
7,126,72,0,0,3101,0,0,0
7,126,73,0,0,3101,0,0,0
7,126,74,1,0,3101,0,0,0
7,126,75,0,0,3100,0,0,0
7,126,76,0,0,3100,0,0,0
7,126,77,0,0,3100,0,0,0
7,126,78,0,0,3100,0,0,0
7,126,79,0,440,3100,0,0,0
7,126,80,0,0,2660,0,0,0
7,126,81,3,0,2660,0,0,0
7,126,82,0,0,2657,0,0,0
7,126,83,0,0,2657,0,0,0
7,126,84,0,0,2657,0,0,0
7,126,85,0,0,2657,0,0,0
7,126,86,0,0,2657,0,0,0
7,126,87,0,0,2657,0,0,0
7,126,88,0,0,2657,0,0,0
7,126,89,0,0,2657,0,0,0
7,126,90,0,0,2657,0,0,0
7,126,91,2,0,2657,0,0,0
7,126,92,1,0,2655,0,0,0
7,126,93,0,0,2654,0,0,0
7,126,94,0,0,2654,0,0,0
7,126,95,0,0,2654,0,0,0
7,126,96,0,0,2654,0,0,0
7,126,97,0,0,2654,0,0,0
7,126,98,0,0,2654,0,0,0
7,126,99,0,0,2654,0,0,0
7,126,100,0,0,2654,0,0,0
7,126,101,0,0,2654,0,0,0
7,126,102,0,0,2654,0,0,0
7,126,103,1,0,2654,0,0,0
7,126,104,0,0,2653,0,0,0
7,126,105,0,0,2653,0,0,0
7,126,106,0,0,2653,0,0,0
7,126,107,0,0,2653,0,0,0
7,126,108,0,0,2653,0,0,0
7,126,109,0,0,2653,0,0,0
7,126,110,0,0,2653,0,0,0
7,126,111,0,0,2653,0,0,0
7,126,112,0,0,2653,0,0,0
7,126,113,0,0,2653,0,0,0
7,126,114,0,0,2653,0,0,0
7,126,115,0,0,2653,0,0,0
7,126,116,0,0,2653,0,0,0
7,126,117,0,500,2653,0,0,0
7,126,118,0,0,2153,0,0,0
7,126,119,0,0,2153,0,0,0
7,126,120,0,0,2153,0,0,0
7,126,121,0,875,2153,0,0,0
7,126,122,2,0,1278,0,0,0
7,126,123,0,0,1276,0,0,0
7,126,124,0,0,1276,0,0,0
7,126,125,0,32,1276,0,0,0
7,126,126,0,0,1244,0,0,0
8,115,0,0,0,1520,1,0,1
8,115,1,0,0,1520,1,0,1
8,115,2,0,0,1520,1,0,1
8,115,3,0,0,1520,1,0,1
8,115,4,0,0,1520,1,0,1
8,115,5,0,0,1520,0,0,0
8,115,6,0,0,1520,0,0,0
8,115,7,0,0,1520,0,0,0
8,115,8,0,0,1520,0,0,0
8,115,9,29,0,1520,0,0,0
8,115,10,0,0,1491,1,1,0
8,115,11,0,0,1491,1,1,0
8,115,12,0,0,1491,0,0,0
8,115,13,0,0,1491,0,0,0
8,115,14,0,0,1491,0,0,0
8,115,15,0,0,1491,0,0,0
8,115,16,0,0,1491,0,0,0
8,115,17,0,0,1491,0,0,0
8,115,18,6,0,1491,0,0,0
8,115,19,0,0,1485,1,1,0
8,115,20,0,0,1485,1,1,0
8,115,21,0,0,1485,1,1,0
8,115,22,0,0,1485,0,0,0
8,115,23,0,0,1485,0,0,0
8,115,24,0,0,1485,0,0,0
8,115,25,0,0,1485,0,0,0
8,115,26,0,0,1485,1,1,0
8,115,27,0,0,1485,1,1,0
8,115,28,0,0,1485,1,1,0
8,115,29,0,0,1485,0,0,0
8,115,30,0,0,1485,0,0,0
8,115,31,0,0,1485,0,0,0
8,115,32,0,0,1485,0,0,0
8,115,33,0,0,1485,0,0,0
8,115,34,0,0,1485,0,0,0
8,115,35,0,0,1485,1,1,0
8,115,36,0,0,1485,1,1,0
8,115,37,0,0,1485,0,0,0
8,115,38,0,0,1485,0,0,0
8,115,39,0,0,1485,0,0,0
8,115,40,0,0,1485,0,0,0
8,115,41,0,0,1485,0,0,0
8,115,42,3,0,1485,0,0,0
8,115,43,0,0,1482,0,0,0
8,115,44,0,0,1482,0,0,0
8,115,45,0,0,1482,0,0,0
8,115,46,0,0,1482,0,0,0
8,115,47,0,0,1482,0,0,0
8,115,48,0,0,1482,0,0,0
8,115,49,0,0,1482,0,0,0
8,115,50,0,0,1482,0,0,0
8,115,51,0,0,1482,0,0,0
8,115,52,0,0,1482,0,0,0
8,115,53,0,0,1482,0,0,0
8,115,54,0,0,1482,0,0,0
8,115,55,0,0,1482,0,0,0
8,115,56,0,0,1482,0,0,0
8,115,57,0,0,1482,0,0,0
8,115,58,0,0,1482,0,0,0
8,115,59,0,0,1482,0,0,0
8,115,60,0,0,1482,0,0,0
8,115,61,0,0,1482,0,0,0
8,115,62,0,0,1482,0,0,0
8,115,63,0,0,1482,0,0,0
8,115,64,0,0,1482,0,0,0
8,115,65,0,0,1482,0,0,0
8,115,66,0,252,1482,1,0,1
8,115,67,0,0,1230,1,0,1
8,115,68,0,0,1230,0,0,0
8,115,69,0,243,1230,0,0,0
8,115,70,0,0,987,0,0,0
8,115,71,0,0,987,0,0,0
8,115,72,0,0,987,0,0,0
8,115,73,0,0,987,0,0,0
8,115,74,0,0,987,1,0,1
8,115,75,0,0,987,1,0,1
8,115,76,0,0,987,1,0,1
8,115,77,0,0,987,0,0,0
8,115,78,0,0,987,0,0,0
8,115,79,0,0,987,0,0,0
8,115,80,0,0,987,0,0,0
8,115,81,0,0,987,0,0,0
8,115,82,0,0,987,0,0,0
8,115,83,0,0,987,0,0,0
8,115,84,0,0,987,0,0,0
8,115,85,0,0,987,0,0,0
8,115,86,0,0,987,0,0,0
8,115,87,0,0,987,0,0,0
8,115,88,0,0,987,0,0,0
8,115,89,0,0,987,0,0,0
8,115,90,0,0,987,0,0,0
8,115,91,0,0,987,0,0,0
8,115,92,0,0,987,0,0,0
8,115,93,0,0,987,0,0,0
8,115,94,0,0,987,0,0,0
8,115,95,0,0,987,0,0,0
8,115,96,0,0,987,0,0,0
8,115,97,0,0,987,0,0,0
8,115,98,0,0,987,0,0,0
8,115,99,0,0,987,0,0,0
8,115,100,0,0,987,0,0,0
8,115,101,0,0,987,0,0,0
8,115,102,0,0,987,1,0,1
8,115,103,0,330,987,1,0,1
8,115,104,0,0,657,1,0,1
8,115,105,0,0,657,0,0,0
8,115,106,0,0,657,0,0,0
8,115,107,0,0,657,0,0,0
8,115,108,0,0,657,0,0,0
8,115,109,0,0,657,0,0,0
8,115,110,0,314,657,0,0,0
8,115,111,0,0,343,0,0,0
8,115,112,0,0,343,0,0,0
8,115,113,0,300,343,0,0,0
8,115,114,0,0,43,0,0,0
9,108,0,0,0,1500,0,0,0
9,108,1,4,0,1500,0,0,0
9,108,2,0,0,1496,0,0,0
9,108,3,0,0,1496,0,0,0
9,108,4,8,0,1496,0,0,0
9,108,5,0,0,1488,0,0,0
9,108,6,0,0,1488,0,0,0
9,108,7,0,0,1488,0,0,0
9,108,8,10,0,1488,0,0,0
9,108,9,0,0,1478,0,0,0
9,108,10,0,0,1478,0,0,0
9,108,11,0,0,1478,0,0,0
9,108,12,0,0,1478,0,0,0
9,108,13,2,0,1478,0,0,0
9,108,14,1,0,1476,0,0,0
9,108,15,0,0,1475,0,0,0
9,108,16,0,0,1475,1,1,0
9,108,17,0,0,1475,1,1,0
9,108,18,0,0,1475,1,1,0
9,108,19,0,0,1475,0,0,0
9,108,20,0,0,1475,0,0,0
9,108,21,0,0,1475,0,0,0
9,108,22,0,0,1475,0,0,0
9,108,23,0,0,1475,0,0,0
9,108,24,0,0,1475,0,0,0
9,108,25,0,0,1475,0,0,0
9,108,26,0,0,1475,0,0,0
9,108,27,0,0,1475,0,0,0
9,108,28,0,0,1475,0,0,0
9,108,29,0,0,1475,0,0,0
9,108,30,0,0,1475,0,0,0
9,108,31,0,0,1475,0,0,0
9,108,32,0,0,1475,0,0,0
9,108,33,0,0,1475,0,0,0
9,108,34,0,0,1475,0,0,0
9,108,35,0,0,1475,0,0,0
9,108,36,0,0,1475,0,0,0
9,108,37,0,0,1475,0,0,0
9,108,38,3,0,1475,0,0,0
9,108,39,0,0,1472,0,0,0
9,108,40,0,0,1472,0,0,0
9,108,41,0,0,1472,0,0,0
9,108,42,0,0,1472,0,0,0
9,108,43,1,0,1472,0,0,0
9,108,44,0,0,1471,0,0,0
9,108,45,0,0,1471,0,0,0
9,108,46,0,0,1471,0,0,0
9,108,47,0,0,1471,0,0,0
9,108,48,2,0,1471,0,0,0
9,108,49,0,0,1469,0,0,0
9,108,50,0,0,1469,0,0,0
9,108,51,0,0,1469,0,0,0
9,108,52,0,0,1469,0,0,0
9,108,53,0,0,1469,0,0,0
9,108,54,0,0,1469,0,0,0
9,108,55,0,0,1469,0,0,0
9,108,56,0,0,1469,0,0,0
9,108,57,0,0,1469,0,0,0
9,108,58,0,0,1469,0,0,0
9,108,59,0,0,1469,0,0,0
9,108,60,0,0,1469,0,0,0
9,108,61,0,0,1469,0,0,0
9,108,62,0,0,1469,0,0,0
9,108,63,0,250,1469,1,0,1
9,108,64,0,0,1219,1,0,1
9,108,65,0,0,1219,1,0,1
9,108,66,0,0,1219,0,0,0
9,108,67,0,0,1219,0,0,0
9,108,68,4,0,1219,0,0,0
9,108,69,0,0,1215,0,0,0
9,108,70,0,0,1215,0,0,0
9,108,71,0,0,1215,0,0,0
9,108,72,0,0,1215,0,0,0
9,108,73,0,0,1215,0,0,0
9,108,74,0,0,1215,0,0,0
9,108,75,0,0,1215,0,0,0
9,108,76,0,0,1215,0,0,0
9,108,77,0,0,1215,0,0,0
9,108,78,0,0,1215,0,0,0
9,108,79,0,0,1215,0,0,0
9,108,80,0,0,1215,0,0,0
9,108,81,0,0,1215,0,0,0
9,108,82,0,0,1215,0,0,0
9,108,83,0,0,1215,0,0,0
9,108,84,0,0,1215,0,0,0
9,108,85,0,0,1215,0,0,0
9,108,86,0,0,1215,0,0,0
9,108,87,0,0,1215,0,0,0
9,108,88,0,0,1215,0,0,0
9,108,89,0,0,1215,0,0,0
9,108,90,0,0,1215,0,0,0
9,108,91,0,0,1215,0,0,0
9,108,92,0,0,1215,0,0,0
9,108,93,0,0,1215,0,0,0
9,108,94,0,0,1215,0,0,0
9,108,95,0,0,1215,0,0,0
9,108,96,0,0,1215,0,0,0
9,108,97,0,0,1215,0,0,0
9,108,98,0,507,1215,0,0,0
9,108,99,0,0,708,0,0,0
9,108,100,0,357,708,0,0,0
9,108,101,0,0,351,0,0,0
9,108,102,0,351,351,0,0,0
9,108,103,0,0,0,0,0,0
9,108,104,0,0,0,0,0,0
9,108,105,0,0,0,0,0,0
9,108,106,0,0,0,0,0,0
9,108,107,0,0,0,0,0,0
10,118,0,2,0,1000,0,0,0
10,118,1,0,0,998,0,0,0
10,118,2,0,0,998,0,0,0
10,118,3,0,0,998,0,0,0
10,118,4,0,0,998,0,0,0
10,118,5,0,0,998,0,0,0
10,118,6,8,0,998,0,0,0
10,118,7,0,0,990,0,0,0
10,118,8,0,0,990,0,0,0
10,118,9,1,0,990,0,0,0
10,118,10,0,0,989,0,0,0
10,118,11,0,0,989,0,0,0
10,118,12,0,0,989,0,0,0
10,118,13,0,0,989,0,0,0
10,118,14,0,0,989,0,0,0
10,118,15,0,0,989,0,0,0
10,118,16,0,0,989,0,0,0
10,118,17,2,0,989,0,0,0
10,118,18,0,0,987,0,0,0
10,118,19,1,0,987,0,0,0
10,118,20,0,0,986,1,1,0
10,118,21,0,0,986,1,1,0
10,118,22,0,0,986,1,1,0
10,118,23,0,0,986,0,0,0
10,118,24,0,0,986,1,1,0
10,118,25,0,0,986,1,1,0
10,118,26,0,0,986,1,1,0
10,118,27,0,0,986,1,1,0
10,118,28,0,0,986,1,1,0
10,118,29,0,0,986,1,1,0
10,118,30,0,0,986,0,0,0
10,118,31,0,0,986,0,0,0
10,118,32,0,0,986,0,0,0
10,118,33,0,0,986,0,0,0
10,118,34,0,0,986,0,0,0
10,118,35,0,0,986,0,0,0
10,118,36,0,0,986,0,0,0
10,118,37,0,0,986,0,0,0
10,118,38,0,0,986,0,0,0
10,118,39,0,0,986,0,0,0
10,118,40,4,0,986,1,1,0
10,118,41,0,0,982,1,1,0
10,118,42,0,0,982,1,1,0
10,118,43,0,0,982,0,0,0
10,118,44,0,0,982,0,0,0
10,118,45,0,0,982,0,0,0
10,118,46,0,0,982,0,0,0
10,118,47,0,0,982,0,0,0
10,118,48,0,0,982,0,0,0
10,118,49,0,0,982,0,0,0
10,118,50,0,0,982,1,1,0
10,118,51,0,0,982,1,1,0
10,118,52,0,0,982,1,1,0
10,118,53,0,0,982,0,0,0
10,118,54,0,0,982,0,0,0
10,118,55,0,0,982,0,0,0
10,118,56,0,0,982,0,0,0
10,118,57,0,0,982,0,0,0
10,118,58,0,0,982,0,0,0
10,118,59,0,0,982,0,0,0
10,118,60,0,0,982,0,0,0
10,118,61,0,0,982,0,0,0
10,118,62,0,0,982,0,0,0
10,118,63,0,0,982,0,0,0
10,118,64,0,0,982,0,0,0
10,118,65,3,0,982,1,1,0
10,118,66,0,0,979,1,1,0
10,118,67,0,0,979,1,1,0
10,118,68,0,0,979,0,0,0
10,118,69,0,0,979,0,0,0
10,118,70,0,0,979,1,1,0
10,118,71,0,0,979,1,1,0
10,118,72,0,0,979,1,1,0
10,118,73,0,0,979,0,0,0
10,118,74,0,0,979,1,1,0
10,118,75,0,0,979,1,1,0
10,118,76,0,83,979,1,1,0
10,118,77,0,0,896,0,0,0
10,118,78,0,0,896,0,0,0
10,118,79,0,0,896,0,0,0
10,118,80,0,0,896,0,0,0
10,118,81,0,0,896,0,0,0
10,118,82,0,0,896,0,0,0
10,118,83,0,0,896,0,0,0
10,118,84,0,0,896,0,0,0
10,118,85,0,0,896,0,0,0
10,118,86,0,0,896,0,0,0
10,118,87,0,0,896,0,0,0
10,118,88,0,0,896,0,0,0
10,118,89,0,0,896,0,0,0
10,118,90,0,0,896,0,0,0
10,118,91,0,0,896,1,1,0
10,118,92,0,0,896,1,1,0
10,118,93,0,0,896,1,1,0
10,118,94,0,0,896,0,0,0
10,118,95,0,0,896,0,0,0
10,118,96,0,0,896,0,0,0
10,118,97,0,0,896,0,0,0
10,118,98,0,0,896,0,0,0
10,118,99,0,0,896,0,0,0
10,118,100,0,0,896,0,0,0
10,118,101,0,0,896,0,0,0
10,118,102,0,0,896,0,0,0
10,118,103,0,0,896,0,0,0
10,118,104,0,0,896,0,0,0
10,118,105,0,0,896,0,0,0
10,118,106,0,345,896,0,0,0
10,118,107,0,0,551,0,0,0
10,118,108,0,0,551,0,0,0
10,118,109,0,0,551,0,0,0
10,118,110,0,0,551,0,0,0
10,118,111,0,31,551,0,0,0
10,118,112,0,0,520,0,0,0
10,118,113,0,473,520,0,0,0
10,118,114,0,16,47,0,0,0
10,118,115,0,0,31,0,0,0
10,118,116,0,0,31,0,0,0
10,118,117,0,0,31,0,0,0
11,106,0,3,0,1000,0,0,0
11,106,1,0,0,997,0,0,0
11,106,2,0,0,997,0,0,0
11,106,3,0,0,997,0,0,0
11,106,4,0,0,997,0,0,0
11,106,5,0,0,997,0,0,0
11,106,6,4,0,997,0,0,0
11,106,7,0,0,993,0,0,0
11,106,8,0,0,993,0,0,0
11,106,9,0,0,993,0,0,0
11,106,10,0,0,993,0,0,0
11,106,11,0,0,993,0,0,0
11,106,12,0,0,993,0,0,0
11,106,13,0,0,993,0,0,0
11,106,14,0,0,993,0,0,0
11,106,15,0,0,993,0,0,0
11,106,16,0,0,993,1,0,1
11,106,17,0,0,993,1,0,1
11,106,18,0,0,993,1,0,1
11,106,19,0,0,993,0,0,0
11,106,20,0,0,993,0,0,0
11,106,21,0,0,993,0,0,0
11,106,22,0,0,993,1,0,1
11,106,23,0,0,993,1,0,1
11,106,24,0,0,993,1,0,1
11,106,25,0,0,993,0,0,0
11,106,26,0,0,993,0,0,0
11,106,27,0,0,993,0,0,0
11,106,28,0,0,993,0,0,0
11,106,29,0,0,993,0,0,0
11,106,30,0,0,993,1,0,1
11,106,31,0,0,993,1,0,1
11,106,32,0,0,993,1,0,1
11,106,33,0,0,993,0,0,0
11,106,34,0,0,993,0,0,0
11,106,35,0,0,993,0,0,0
11,106,36,0,0,993,0,0,0
11,106,37,0,0,993,0,0,0
11,106,38,4,0,993,0,0,0
11,106,39,0,0,989,0,0,0
11,106,40,0,0,989,0,0,0
11,106,41,0,0,989,0,0,0
11,106,42,0,0,989,0,0,0
11,106,43,0,0,989,0,0,0
11,106,44,0,0,989,0,0,0
11,106,45,0,0,989,0,0,0
11,106,46,0,0,989,0,0,0
11,106,47,0,0,989,1,0,1
11,106,48,0,0,989,1,0,1
11,106,49,0,0,989,1,0,1
11,106,50,0,0,989,1,0,1
11,106,51,0,0,989,1,0,1
11,106,52,0,0,989,1,0,1
11,106,53,0,0,989,0,0,0
11,106,54,0,0,989,0,0,0
11,106,55,0,0,989,0,0,0
11,106,56,0,0,989,0,0,0
11,106,57,0,0,989,0,0,0
11,106,58,0,0,989,0,0,0
11,106,59,0,0,989,0,0,0
11,106,60,0,0,989,0,0,0
11,106,61,0,0,989,1,0,1
11,106,62,0,0,989,1,0,1
11,106,63,0,0,989,1,0,1
11,106,64,0,0,989,0,0,0
11,106,65,0,0,989,0,0,0
11,106,66,0,0,989,0,0,0
11,106,67,0,0,989,0,0,0
11,106,68,0,0,989,0,0,0
11,106,69,0,0,989,0,0,0
11,106,70,0,0,989,0,0,0
11,106,71,0,0,989,0,0,0
11,106,72,0,0,989,0,0,0
11,106,73,0,0,989,0,0,0
11,106,74,0,0,989,0,0,0
11,106,75,0,0,989,0,0,0
11,106,76,0,0,989,0,0,0
11,106,77,2,0,989,0,0,0
11,106,78,0,0,987,0,0,0
11,106,79,0,0,987,0,0,0
11,106,80,0,0,987,0,0,0
11,106,81,0,0,987,0,0,0
11,106,82,0,0,987,0,0,0
11,106,83,0,0,987,0,0,0
11,106,84,0,0,987,0,0,0
11,106,85,0,0,987,1,1,0
11,106,86,0,0,987,1,1,0
11,106,87,0,0,987,1,1,0
11,106,88,0,0,987,1,1,0
11,106,89,0,0,987,0,0,0
11,106,90,0,0,987,0,0,0
11,106,91,0,0,987,0,0,0
11,106,92,0,0,987,0,0,0
11,106,93,0,0,987,0,0,0
11,106,94,0,580,987,0,0,0
11,106,95,0,0,407,0,0,0
11,106,96,0,0,407,0,0,0
11,106,97,0,0,407,0,0,0
11,106,98,0,285,407,0,0,0
11,106,99,0,135,122,0,0,0
11,106,100,0,0,0,0,0,0
11,106,101,0,0,0,0,0,0
11,106,102,0,0,0,0,0,0
11,106,103,0,0,0,0,0,0
11,106,104,0,0,0,0,0,0
11,106,105,0,0,0,0,0,0
12,123,0,0,0,3500,0,0,0
12,123,1,20,0,3500,1,0,1
12,123,2,0,0,3480,1,0,1
12,123,3,0,0,3480,1,0,1
12,123,4,0,0,3480,1,0,1
12,123,5,0,0,3480,1,0,1
12,123,6,0,0,3480,1,0,1
12,123,7,0,0,3480,1,0,1
12,123,8,0,0,3480,1,0,1
12,123,9,20,0,3480,1,0,1
12,123,10,0,0,3460,0,0,0
12,123,11,0,0,3460,0,0,0
12,123,12,6,0,3460,0,0,0
12,123,13,0,0,3454,0,0,0
12,123,14,0,0,3454,0,0,0
12,123,15,2,0,3454,0,0,0
12,123,16,0,0,3452,0,0,0
12,123,17,0,0,3452,0,0,0
12,123,18,0,0,3452,0,0,0
12,123,19,0,0,3452,1,0,1
12,123,20,0,0,3452,1,0,1
12,123,21,0,0,3452,1,0,1
12,123,22,0,0,3452,1,0,1
12,123,23,0,0,3452,1,0,1
12,123,24,0,0,3452,1,0,1
12,123,25,0,0,3452,1,0,1
12,123,26,0,0,3452,1,0,1
12,123,27,0,0,3452,1,0,1
12,123,28,0,0,3452,0,0,0
12,123,29,0,0,3452,0,0,0
12,123,30,0,0,3452,0,0,0
12,123,31,0,0,3452,0,0,0
12,123,32,0,0,3452,0,0,0
12,123,33,0,0,3452,0,0,0
12,123,34,3,0,3452,0,0,0
12,123,35,0,0,3449,0,0,0
12,123,36,0,0,3449,0,0,0
12,123,37,0,0,3449,0,0,0
12,123,38,0,0,3449,0,0,0
12,123,39,0,0,3449,0,0,0
12,123,40,0,0,3449,0,0,0
12,123,41,0,0,3449,0,0,0
12,123,42,0,0,3449,0,0,0
12,123,43,0,0,3449,0,0,0
12,123,44,0,0,3449,0,0,0
12,123,45,0,0,3449,0,0,0
12,123,46,0,0,3449,0,0,0
12,123,47,2,0,3449,0,0,0
12,123,48,0,0,3447,0,0,0
12,123,49,0,0,3447,0,0,0
12,123,50,0,0,3447,0,0,0
12,123,51,0,0,3447,0,0,0
12,123,52,0,0,3447,0,0,0
12,123,53,0,0,3447,0,0,0
12,123,54,0,0,3447,0,0,0
12,123,55,0,0,3447,0,0,0
12,123,56,0,0,3447,0,0,0
12,123,57,0,0,3447,0,0,0
12,123,58,0,0,3447,0,0,0
12,123,59,0,0,3447,0,0,0
12,123,60,2,0,3447,0,0,0
12,123,61,1,0,3445,0,0,0
12,123,62,0,0,3444,0,0,0
12,123,63,0,0,3444,0,0,0
12,123,64,0,0,3444,0,0,0
12,123,65,0,0,3444,1,0,1
12,123,66,0,0,3444,1,0,1
12,123,67,0,0,3444,1,0,1
12,123,68,0,0,3444,0,0,0
12,123,69,0,0,3444,0,0,0
12,123,70,0,0,3444,0,0,0
12,123,71,0,0,3444,0,0,0
12,123,72,0,0,3444,0,0,0
12,123,73,0,0,3444,1,0,1
12,123,74,0,0,3444,1,0,1
12,123,75,0,0,3444,1,0,1
12,123,76,0,0,3444,1,0,1
12,123,77,0,0,3444,1,0,1
12,123,78,0,0,3444,0,0,0
12,123,79,0,0,3444,0,0,0
12,123,80,0,0,3444,0,0,0
12,123,81,0,0,3444,0,0,0
12,123,82,1,0,3444,0,0,0
12,123,83,0,0,3443,0,0,0
12,123,84,0,0,3443,0,0,0
12,123,85,0,0,3443,0,0,0
12,123,86,0,0,3443,0,0,0
12,123,87,0,0,3443,0,0,0
12,123,88,0,0,3443,0,0,0
12,123,89,0,0,3443,0,0,0
12,123,90,0,0,3443,1,0,1
12,123,91,0,0,3443,1,0,1
12,123,92,0,0,3443,1,0,1
12,123,93,0,0,3443,0,0,0
12,123,94,0,0,3443,0,0,0
12,123,95,0,0,3443,1,0,1
12,123,96,0,0,3443,1,0,1
12,123,97,0,0,3443,1,0,1
12,123,98,0,0,3443,0,0,0
12,123,99,0,0,3443,0,0,0
12,123,100,0,0,3443,1,0,1
12,123,101,1,0,3443,1,0,1
12,123,102,0,0,3442,1,0,1
12,123,103,0,0,3442,0,0,0
12,123,104,0,0,3442,1,0,1
12,123,105,0,0,3442,1,0,1
12,123,106,0,0,3442,1,0,1
12,123,107,0,0,3442,0,0,0
12,123,108,0,0,3442,0,0,0
12,123,109,0,1355,3442,0,0,0
12,123,110,0,0,2087,0,0,0
12,123,111,0,388,2087,0,0,0
12,123,112,0,407,1699,0,0,0
12,123,113,0,373,1292,0,0,0
12,123,114,0,610,919,0,0,0
12,123,115,0,0,309,0,0,0
12,123,116,0,0,309,0,0,0
12,123,117,0,0,309,0,0,0
12,123,118,0,0,309,0,0,0
12,123,119,0,0,309,0,0,0
12,123,120,0,0,309,0,0,0
12,123,121,0,0,309,0,0,0
12,123,122,0,0,309,0,0,0
13,112,0,0,0,3000,0,0,0
13,112,1,0,0,3000,0,0,0
13,112,2,6,0,3000,0,0,0
13,112,3,0,0,2994,0,0,0
13,112,4,0,0,2994,1,0,1
13,112,5,0,0,2994,1,0,1
13,112,6,0,0,2994,1,0,1
13,112,7,0,0,2994,0,0,0
13,112,8,14,0,2994,0,0,0
13,112,9,0,0,2980,0,0,0
13,112,10,0,0,2980,0,0,0
13,112,11,0,0,2980,0,0,0
13,112,12,0,0,2980,0,0,0
13,112,13,0,0,2980,0,0,0
13,112,14,0,0,2980,0,0,0
13,112,15,0,0,2980,0,0,0
13,112,16,0,0,2980,0,0,0
13,112,17,0,0,2980,0,0,0
13,112,18,0,0,2980,0,0,0
13,112,19,0,0,2980,0,0,0
13,112,20,0,0,2980,0,0,0
13,112,21,0,0,2980,0,0,0
13,112,22,0,0,2980,0,0,0
13,112,23,2,0,2980,0,0,0
13,112,24,0,0,2978,0,0,0
13,112,25,0,0,2978,0,0,0
13,112,26,0,0,2978,0,0,0
13,112,27,0,0,2978,0,0,0
13,112,28,0,0,2978,1,1,0
13,112,29,0,0,2978,1,1,0
13,112,30,0,0,2978,0,0,0
13,112,31,10,0,2978,0,0,0
13,112,32,0,0,2968,0,0,0
13,112,33,0,0,2968,0,0,0
13,112,34,0,0,2968,0,0,0
13,112,35,0,0,2968,0,0,0
13,112,36,0,0,2968,0,0,0
13,112,37,0,0,2968,0,0,0
13,112,38,0,0,2968,0,0,0
13,112,39,15,0,2968,0,0,0
13,112,40,0,0,2953,0,0,0
13,112,41,0,0,2953,0,0,0
13,112,42,0,0,2953,0,0,0
13,112,43,0,0,2953,0,0,0
13,112,44,0,0,2953,0,0,0
13,112,45,7,0,2953,0,0,0
13,112,46,3,0,2946,0,0,0
13,112,47,0,0,2943,0,0,0
13,112,48,0,0,2943,0,0,0
13,112,49,0,0,2943,0,0,0
13,112,50,0,0,2943,0,0,0
13,112,51,0,0,2943,0,0,0
13,112,52,0,0,2943,0,0,0
13,112,53,0,0,2943,0,0,0
13,112,54,0,0,2943,0,0,0
13,112,55,0,0,2943,0,0,0
13,112,56,0,0,2943,0,0,0
13,112,57,0,0,2943,0,0,0
13,112,58,0,0,2943,0,0,0
13,112,59,0,0,2943,0,0,0
13,112,60,9,0,2943,0,0,0
13,112,61,0,0,2934,1,0,1
13,112,62,0,0,2934,1,0,1
13,112,63,0,0,2934,1,0,1
13,112,64,0,0,2934,1,0,1
13,112,65,0,0,2934,1,0,1
13,112,66,0,0,2934,1,0,1
13,112,67,6,0,2934,1,0,1
13,112,68,0,0,2928,1,0,1
13,112,69,0,0,2928,0,0,0
13,112,70,0,0,2928,0,0,0
13,112,71,0,0,2928,0,0,0
13,112,72,0,0,2928,0,0,0
13,112,73,0,0,2928,1,0,1
13,112,74,0,0,2928,1,0,1
13,112,75,0,0,2928,1,0,1
13,112,76,0,0,2928,0,0,0
13,112,77,0,0,2928,0,0,0
13,112,78,0,0,2928,1,0,1
13,112,79,0,0,2928,1,0,1
13,112,80,0,0,2928,1,0,1
13,112,81,0,0,2928,0,0,0
13,112,82,0,0,2928,0,0,0
13,112,83,0,0,2928,0,0,0
13,112,84,0,0,2928,0,0,0
13,112,85,0,0,2928,0,0,0
13,112,86,0,0,2928,0,0,0
13,112,87,0,0,2928,0,0,0
13,112,88,0,0,2928,0,0,0
13,112,89,0,0,2928,0,0,0
13,112,90,0,0,2928,0,0,0
13,112,91,0,0,2928,0,0,0
13,112,92,0,0,2928,0,0,0
13,112,93,0,0,2928,0,0,0
13,112,94,0,2878,2928,0,0,0
13,112,95,0,0,50,0,0,0
13,112,96,0,0,50,0,0,0
13,112,97,0,0,50,0,0,0
13,112,98,0,0,50,0,0,0
13,112,99,0,0,50,0,0,0
13,112,100,0,0,50,0,0,0
13,112,101,0,0,50,0,0,0
13,112,102,0,0,50,0,0,0
13,112,103,0,0,50,0,0,0
13,112,104,0,0,50,0,0,0
13,112,105,0,0,50,0,0,0
13,112,106,0,0,50,0,0,0
13,112,107,0,0,50,0,0,0
13,112,108,0,0,50,0,0,0
13,112,109,0,0,50,0,0,0
13,112,110,0,0,50,0,0,0
13,112,111,0,0,50,0,0,0
14,114,0,0,0,500,0,0,0
14,114,1,2,0,500,0,0,0
14,114,2,0,0,498,0,0,0
14,114,3,3,0,498,0,0,0
14,114,4,0,0,495,0,0,0
14,114,5,0,0,495,0,0,0
14,114,6,0,0,495,0,0,0
14,114,7,0,0,495,0,0,0
14,114,8,0,0,495,0,0,0
14,114,9,1,0,495,0,0,0
14,114,10,0,0,494,0,0,0
14,114,11,0,0,494,0,0,0
14,114,12,0,0,494,0,0,0
14,114,13,0,0,494,1,1,0
14,114,14,0,0,494,1,1,0
14,114,15,0,0,494,1,1,0
14,114,16,0,0,494,0,0,0
14,114,17,0,0,494,0,0,0
14,114,18,0,0,494,0,0,0
14,114,19,0,0,494,1,0,1
14,114,20,0,0,494,1,0,1
14,114,21,0,0,494,1,0,1
14,114,22,0,0,494,0,0,0
14,114,23,10,0,494,0,0,0
14,114,24,0,0,484,0,0,0
14,114,25,0,0,484,0,0,0
14,114,26,0,0,484,0,0,0
14,114,27,0,0,484,0,0,0
14,114,28,0,0,484,0,0,0
14,114,29,0,0,484,0,0,0
14,114,30,0,0,484,0,0,0
14,114,31,0,0,484,0,0,0
14,114,32,0,0,484,0,0,0
14,114,33,0,0,484,0,0,0
14,114,34,0,0,484,0,0,0
14,114,35,0,0,484,0,0,0
14,114,36,0,0,484,0,0,0
14,114,37,0,0,484,0,0,0
14,114,38,3,0,484,0,0,0
14,114,39,0,0,481,0,0,0
14,114,40,0,0,481,0,0,0
14,114,41,0,0,481,0,0,0
14,114,42,0,0,481,0,0,0
14,114,43,0,0,481,0,0,0
14,114,44,0,0,481,0,0,0
14,114,45,0,0,481,0,0,0
14,114,46,0,0,481,0,0,0
14,114,47,0,0,481,0,0,0
14,114,48,0,0,481,0,0,0
14,114,49,0,0,481,0,0,0
14,114,50,0,0,481,0,0,0
14,114,51,0,0,481,0,0,0
14,114,52,0,0,481,0,0,0
14,114,53,0,0,481,0,0,0
14,114,54,0,0,481,0,0,0
14,114,55,0,0,481,0,0,0
14,114,56,0,0,481,0,0,0
14,114,57,0,0,481,0,0,0
14,114,58,0,0,481,0,0,0
14,114,59,0,0,481,0,0,0
14,114,60,0,0,481,0,0,0
14,114,61,0,0,481,0,0,0
14,114,62,0,0,481,0,0,0
14,114,63,0,0,481,0,0,0
14,114,64,0,0,481,0,0,0
14,114,65,0,0,481,0,0,0
14,114,66,0,0,481,0,0,0
14,114,67,0,0,481,0,0,0
14,114,68,0,0,481,1,1,0
14,114,69,0,0,481,1,1,0
14,114,70,0,0,481,1,1,0
14,114,71,0,0,481,0,0,0
14,114,72,0,0,481,0,0,0
14,114,73,0,0,481,0,0,0
14,114,74,0,0,481,0,0,0
14,114,75,0,0,481,0,0,0
14,114,76,0,0,481,0,0,0
14,114,77,0,0,481,0,0,0
14,114,78,0,0,481,0,0,0
14,114,79,0,0,481,0,0,0
14,114,80,0,0,481,0,0,0
14,114,81,0,0,481,0,0,0
14,114,82,0,0,481,0,0,0
14,114,83,0,0,481,0,0,0
14,114,84,0,0,481,0,0,0
14,114,85,0,0,481,0,0,0
14,114,86,0,0,481,0,0,0
14,114,87,0,0,481,1,0,1
14,114,88,0,0,481,1,0,1
14,114,89,0,0,481,1,0,1
14,114,90,0,0,481,0,0,0
14,114,91,0,0,481,0,0,0
14,114,92,0,0,481,0,0,0
14,114,93,0,0,481,0,0,0
14,114,94,0,0,481,0,0,0
14,114,95,0,0,481,0,0,0
14,114,96,0,0,481,0,0,0
14,114,97,0,0,481,0,0,0
14,114,98,0,0,481,0,0,0
14,114,99,0,0,481,0,0,0
14,114,100,0,0,481,0,0,0
14,114,101,0,0,481,0,0,0
14,114,102,0,0,481,0,0,0
14,114,103,0,0,481,0,0,0
14,114,104,0,0,481,0,0,0
14,114,105,0,0,481,0,0,0
14,114,106,0,0,481,0,0,0
14,114,107,0,0,481,0,0,0
14,114,108,0,0,481,0,0,0
14,114,109,0,232,481,0,0,0
14,114,110,0,232,249,0,0,0
14,114,111,0,0,17,0,0,0
14,114,112,0,0,17,0,0,0
14,114,113,0,0,17,0,0,0
15,108,0,0,0,1300,0,0,0
15,108,1,0,0,1300,1,1,0
15,108,2,0,0,1300,1,1,0
15,108,3,0,0,1300,1,1,1
15,108,4,3,0,1300,1,0,1
15,108,5,0,0,1297,1,0,1
15,108,6,0,0,1297,1,0,1
15,108,7,0,0,1297,1,0,1
15,108,8,0,0,1297,1,0,1
15,108,9,0,0,1297,1,0,1
15,108,10,0,0,1297,1,0,1
15,108,11,0,0,1297,1,0,1
15,108,12,0,0,1297,1,0,1
15,108,13,1,0,1297,1,0,1
15,108,14,0,0,1296,0,0,0
15,108,15,0,0,1296,0,0,0
15,108,16,0,0,1296,1,1,0
15,108,17,0,0,1296,1,1,0
15,108,18,0,0,1296,1,1,0
15,108,19,0,0,1296,0,0,0
15,108,20,0,0,1296,0,0,0
15,108,21,0,0,1296,0,0,0
15,108,22,0,0,1296,0,0,0
15,108,23,0,0,1296,0,0,0
15,108,24,0,0,1296,0,0,0
15,108,25,0,0,1296,1,1,0
15,108,26,0,0,1296,1,1,0
15,108,27,0,0,1296,1,1,0
15,108,28,0,0,1296,1,0,1
15,108,29,0,0,1296,1,0,1
15,108,30,0,0,1296,1,0,1
15,108,31,0,0,1296,0,0,0
15,108,32,3,0,1296,0,0,0
15,108,33,0,0,1293,0,0,0
15,108,34,0,0,1293,0,0,0
15,108,35,0,0,1293,0,0,0
15,108,36,0,0,1293,1,0,1
15,108,37,0,0,1293,1,0,1
15,108,38,0,0,1293,1,0,1
15,108,39,0,0,1293,1,0,1
15,108,40,0,0,1293,0,0,0
15,108,41,0,0,1293,0,0,0
15,108,42,0,0,1293,0,0,0
15,108,43,0,0,1293,0,0,0
15,108,44,0,0,1293,0,0,0
15,108,45,0,0,1293,0,0,0
15,108,46,0,0,1293,0,0,0
15,108,47,0,0,1293,0,0,0
15,108,48,0,0,1293,0,0,0
15,108,49,0,0,1293,0,0,0
15,108,50,0,0,1293,0,0,0
15,108,51,0,0,1293,0,0,0
15,108,52,0,0,1293,0,0,0
15,108,53,0,0,1293,0,0,0
15,108,54,0,0,1293,0,0,0
15,108,55,0,0,1293,1,0,1
15,108,56,0,0,1293,1,0,1
15,108,57,0,0,1293,1,0,1
15,108,58,0,0,1293,0,0,0
15,108,59,0,0,1293,0,0,0
15,108,60,0,0,1293,0,0,0
15,108,61,0,0,1293,0,0,0
15,108,62,0,0,1293,0,0,0
15,108,63,0,0,1293,0,0,0
15,108,64,0,0,1293,0,0,0
15,108,65,0,0,1293,0,0,0
15,108,66,0,0,1293,0,0,0
15,108,67,0,0,1293,0,0,0
15,108,68,0,0,1293,0,0,0
15,108,69,0,0,1293,0,0,0
15,108,70,0,0,1293,0,0,0
15,108,71,0,0,1293,0,0,0
15,108,72,0,0,1293,0,0,0
15,108,73,0,0,1293,0,0,0
15,108,74,0,0,1293,0,0,0
15,108,75,0,0,1293,1,0,1
15,108,76,0,0,1293,1,0,1
15,108,77,0,0,1293,1,0,1
15,108,78,0,0,1293,0,0,0
15,108,79,0,0,1293,0,0,0
15,108,80,0,0,1293,0,0,0
15,108,81,0,0,1293,0,0,0
15,108,82,0,0,1293,0,0,0
15,108,83,0,0,1293,0,0,0
15,108,84,0,0,1293,0,0,0
15,108,85,0,0,1293,0,0,0
15,108,86,0,0,1293,1,0,1
15,108,87,0,0,1293,1,0,1
15,108,88,0,0,1293,1,0,1
15,108,89,0,0,1293,0,0,0
15,108,90,1,0,1293,0,0,0
15,108,91,2,0,1292,0,0,0
15,108,92,0,0,1290,0,0,0
15,108,93,0,0,1290,0,0,0
15,108,94,0,0,1290,0,0,0
15,108,95,0,374,1290,0,0,0
15,108,96,0,0,916,0,0,0
15,108,97,0,375,916,0,0,0
15,108,98,0,0,541,0,0,0
15,108,99,0,282,541,1,0,1
15,108,100,0,0,259,0,0,0
15,108,101,0,188,259,0,0,0
15,108,102,0,0,71,0,0,0
15,108,103,0,0,71,0,0,0
15,108,104,0,0,71,0,0,0
15,108,105,0,0,71,0,0,0
15,108,106,0,0,71,0,0,0
15,108,107,0,0,71,0,0,0
16,125,0,0,0,1600,0,0,0
16,125,1,0,0,1600,0,0,0
16,125,2,4,0,1600,0,0,0
16,125,3,0,0,1596,0,0,0
16,125,4,12,0,1596,0,0,0
16,125,5,0,0,1584,0,0,0
16,125,6,0,0,1584,0,0,0
16,125,7,0,0,1584,0,0,0
16,125,8,18,0,1584,0,0,0
16,125,9,0,0,1566,0,0,0
16,125,10,0,0,1566,0,0,0
16,125,11,0,0,1566,0,0,0
16,125,12,4,0,1566,0,0,0
16,125,13,0,0,1562,0,0,0
16,125,14,2,0,1562,0,0,0
16,125,15,0,0,1560,0,0,0
16,125,16,2,0,1560,0,0,0
16,125,17,0,0,1558,0,0,0
16,125,18,0,0,1558,0,0,0
16,125,19,0,0,1558,0,0,0
16,125,20,0,0,1558,0,0,0
16,125,21,0,0,1558,0,0,0
16,125,22,0,0,1558,0,0,0
16,125,23,0,0,1558,1,0,1
16,125,24,0,0,1558,1,0,1
16,125,25,0,0,1558,1,0,1
16,125,26,0,0,1558,0,0,0
16,125,27,0,0,1558,0,0,0
16,125,28,0,0,1558,0,0,0
16,125,29,0,0,1558,0,0,0
16,125,30,0,0,1558,0,0,0
16,125,31,0,0,1558,0,0,0
16,125,32,0,0,1558,0,0,0
16,125,33,0,0,1558,0,0,0
16,125,34,0,0,1558,0,0,0
16,125,35,0,0,1558,0,0,0
16,125,36,0,0,1558,0,0,0
16,125,37,2,0,1558,0,0,0
16,125,38,0,0,1556,0,0,0
16,125,39,0,0,1556,1,1,0
16,125,40,0,0,1556,1,1,0
16,125,41,0,0,1556,1,1,0
16,125,42,0,0,1556,0,0,0
16,125,43,1,0,1556,0,0,0
16,125,44,1,0,1555,0,0,0
16,125,45,0,0,1554,0,0,0
16,125,46,0,0,1554,0,0,0
16,125,47,0,0,1554,0,0,0
16,125,48,0,0,1554,0,0,0
16,125,49,0,0,1554,0,0,0
16,125,50,0,0,1554,0,0,0
16,125,51,0,0,1554,0,0,0
16,125,52,0,0,1554,0,0,0
16,125,53,0,0,1554,0,0,0
16,125,54,0,0,1554,0,0,0
16,125,55,0,0,1554,0,0,0
16,125,56,0,0,1554,0,0,0
16,125,57,0,0,1554,0,0,0
16,125,58,0,0,1554,0,0,0
16,125,59,0,0,1554,0,0,0
16,125,60,0,0,1554,0,0,0
16,125,61,0,0,1554,0,0,0
16,125,62,0,0,1554,0,0,0
16,125,63,0,0,1554,0,0,0
16,125,64,0,0,1554,0,0,0
16,125,65,0,0,1554,0,0,0
16,125,66,0,0,1554,0,0,0
16,125,67,0,0,1554,0,0,0
16,125,68,0,0,1554,0,0,0
16,125,69,0,0,1554,0,0,0
16,125,70,0,0,1554,0,0,0
16,125,71,0,0,1554,0,0,0
16,125,72,0,0,1554,0,0,0
16,125,73,0,0,1554,0,0,0
16,125,74,0,0,1554,0,0,0
16,125,75,0,0,1554,0,0,0
16,125,76,0,0,1554,1,1,0
16,125,77,0,0,1554,1,1,0
16,125,78,0,0,1554,1,1,0
16,125,79,0,200,1554,0,0,0
16,125,80,0,200,1354,0,0,0
16,125,81,0,200,1154,0,0,0
16,125,82,0,0,954,0,0,0
16,125,83,0,0,954,0,0,0
16,125,84,0,0,954,0,0,0
16,125,85,0,0,954,0,0,0
16,125,86,0,0,954,0,0,0
16,125,87,0,0,954,0,0,0
16,125,88,0,286,954,0,0,0
16,125,89,0,0,668,0,0,0
16,125,90,0,230,668,0,0,0
16,125,91,3,0,438,0,0,0
16,125,92,0,0,435,0,0,0
16,125,93,0,0,435,0,0,0
16,125,94,0,0,435,0,0,0
16,125,95,0,0,435,0,0,0
16,125,96,0,0,435,0,0,0
16,125,97,0,0,435,0,0,0
16,125,98,2,0,435,0,0,0
16,125,99,0,0,433,0,0,0
16,125,100,0,0,433,0,0,0
16,125,101,0,0,433,0,0,0
16,125,102,0,0,433,0,0,0
16,125,103,0,0,433,0,0,0
16,125,104,0,0,433,0,0,0
16,125,105,0,0,433,0,0,0
16,125,106,0,0,433,0,0,0
16,125,107,0,0,433,0,0,0
16,125,108,0,0,433,0,0,0
16,125,109,0,0,433,0,0,0
16,125,110,0,213,433,0,0,0
16,125,111,0,0,220,0,0,0
16,125,112,0,216,220,0,0,0
16,125,113,0,0,4,0,0,0
16,125,114,0,0,4,0,0,0
16,125,115,0,0,4,0,0,0
16,125,116,0,0,4,0,0,0
16,125,117,0,0,4,0,0,0
16,125,118,0,0,4,0,0,0
16,125,119,0,0,4,0,0,0
16,125,120,0,0,4,0,0,0
16,125,121,0,0,4,0,0,0
16,125,122,0,0,4,0,0,0
16,125,123,0,0,4,0,0,0
16,125,124,0,0,4,0,0,0
17,123,0,0,0,800,0,0,0
17,123,1,2,0,800,0,0,0
17,123,2,0,0,798,0,0,0
17,123,3,0,0,798,0,0,0
17,123,4,0,0,798,0,0,0
17,123,5,0,0,798,0,0,0
17,123,6,1,0,798,0,0,0
17,123,7,0,0,797,1,0,1
17,123,8,0,0,797,1,0,1
17,123,9,0,0,797,1,0,1
17,123,10,0,0,797,0,0,0
17,123,11,0,0,797,1,0,1
17,123,12,0,0,797,0,0,0
17,123,13,0,0,797,1,0,1
17,123,14,0,0,797,0,0,0
17,123,15,0,0,797,1,0,1
17,123,16,1,0,797,0,0,0
17,123,17,0,0,796,1,0,1
17,123,18,0,0,796,0,0,0
17,123,19,0,200,796,1,0,1
17,123,20,0,0,596,0,0,0
17,123,21,0,0,596,1,0,1
17,123,22,0,0,596,0,0,0
17,123,23,0,0,596,0,0,0
17,123,24,0,0,596,0,0,0
17,123,25,0,0,596,0,0,0
17,123,26,0,0,596,0,0,0
17,123,27,0,0,596,0,0,0
17,123,28,3,0,596,0,0,0
17,123,29,0,0,593,0,0,0
17,123,30,2,0,593,0,0,0
17,123,31,0,0,591,0,0,0
17,123,32,0,0,591,0,0,0
17,123,33,0,0,591,0,0,0
17,123,34,0,0,591,0,0,0
17,123,35,0,0,591,0,0,0
17,123,36,0,0,591,0,0,0
17,123,37,0,0,591,0,0,0
17,123,38,0,0,591,0,0,0
17,123,39,1,0,591,0,0,0
17,123,40,0,0,590,0,0,0
17,123,41,0,0,590,0,0,0
17,123,42,0,0,590,0,0,0
17,123,43,0,0,590,1,0,1
17,123,44,0,0,590,1,0,1
17,123,45,0,0,590,1,0,1
17,123,46,0,0,590,0,0,0
17,123,47,0,0,590,0,0,0
17,123,48,0,0,590,0,0,0
17,123,49,0,0,590,0,0,0
17,123,50,0,0,590,0,0,0
17,123,51,0,0,590,1,1,0
17,123,52,0,0,590,1,1,0
17,123,53,0,0,590,0,0,0
17,123,54,1,0,590,0,0,0
17,123,55,0,0,589,0,0,0
17,123,56,0,0,589,0,0,0
17,123,57,0,0,589,0,0,0
17,123,58,0,0,589,0,0,0
17,123,59,0,0,589,1,0,1
17,123,60,0,0,589,1,0,1
17,123,61,0,0,589,1,0,1
17,123,62,1,0,589,0,0,0
17,123,63,0,0,588,0,0,0
17,123,64,0,0,588,0,0,0
17,123,65,0,0,588,0,0,0
17,123,66,0,0,588,0,0,0
17,123,67,0,0,588,0,0,0
17,123,68,0,0,588,1,1,0
17,123,69,0,0,588,1,1,0
17,123,70,0,0,589,1,1,0
17,123,71,0,0,589,0,0,0
17,123,72,0,0,589,0,0,0
17,123,73,0,0,589,1,0,1
17,123,74,0,0,589,1,0,1
17,123,75,0,0,589,1,0,1
17,123,76,0,0,589,0,0,0
17,123,77,0,0,589,0,0,0
17,123,78,0,0,589,0,0,0
17,123,79,0,0,589,0,0,0
17,123,80,0,0,589,0,0,0
17,123,81,0,0,589,0,0,0
17,123,82,0,0,589,0,0,0
17,123,83,0,0,589,0,0,0
17,123,84,0,0,589,0,0,0
17,123,85,0,0,589,1,1,0
17,123,86,0,0,589,1,1,0
17,123,87,0,0,589,0,0,0
17,123,88,0,0,589,0,0,0
17,123,89,0,0,589,0,0,0
17,123,90,0,0,589,0,0,0
17,123,91,0,0,589,0,0,0
17,123,92,0,0,589,0,0,0
17,123,93,0,0,589,0,0,0
17,123,94,0,0,589,0,0,0
17,123,95,0,0,589,0,0,0
17,123,96,0,0,589,0,0,0
17,123,97,0,0,589,0,0,0
17,123,98,0,0,589,0,0,0
17,123,99,0,0,589,0,0,0
17,123,100,0,0,589,0,0,0
17,123,101,0,0,589,0,0,0
17,123,102,0,0,589,0,0,0
17,123,103,0,0,589,0,0,0
17,123,104,0,0,589,0,0,0
17,123,105,0,0,589,0,0,0
17,123,106,0,0,589,0,0,0
17,123,107,0,0,589,0,0,0
17,123,108,0,0,589,0,0,0
17,123,109,0,0,589,0,0,0
17,123,110,0,0,589,0,0,0
17,123,111,0,0,589,0,0,0
17,123,112,0,0,589,0,0,0
17,123,113,0,0,589,0,0,0
17,123,114,0,377,589,0,0,0
17,123,115,0,0,212,0,0,0
17,123,116,0,0,212,0,0,0
17,123,117,0,0,212,0,0,0
17,123,118,0,0,212,0,0,0
17,123,119,0,212,212,0,0,0
17,123,120,0,0,0,0,0,0
17,123,121,0,0,0,0,0,0
17,123,122,0,0,0,0,0,0
18,120,0,0,0,3100,1,0,1
18,120,1,0,0,3100,1,0,1
18,120,2,20,0,3100,1,0,1
18,120,3,0,0,3080,1,0,1
18,120,4,0,0,3080,1,0,1
18,120,5,20,0,3080,1,0,1
18,120,6,0,0,3060,1,0,1
18,120,7,0,0,3060,0,0,0
18,120,8,0,0,3060,0,0,0
18,120,9,10,0,3060,0,0,0
18,120,10,1,0,3050,1,1,0
18,120,11,0,0,3049,1,1,0
18,120,12,0,0,3049,1,1,0
18,120,13,0,0,3049,1,1,0
18,120,14,0,0,3049,0,0,0
18,120,15,0,0,3049,0,0,0
18,120,16,0,0,3049,0,0,0
18,120,17,0,0,3049,0,0,0
18,120,18,15,0,3049,0,0,0
18,120,19,0,0,3034,0,0,0
18,120,20,0,0,3034,0,0,0
18,120,21,0,0,3034,0,0,0
18,120,22,0,0,3034,0,0,0
18,120,23,0,0,3034,0,0,0
18,120,24,0,0,3034,0,0,0
18,120,25,0,0,3034,0,0,0
18,120,26,7,0,3034,0,0,0
18,120,27,3,0,3027,0,0,0
18,120,28,0,0,3024,0,0,0
18,120,29,0,0,3024,0,0,0
18,120,30,0,0,3024,0,0,0
18,120,31,0,0,3024,0,0,0
18,120,32,0,0,3024,0,0,0
18,120,33,0,0,3024,0,0,0
18,120,34,0,0,3024,0,0,0
18,120,35,0,0,3024,0,0,0
18,120,36,0,0,3024,0,0,0
18,120,37,0,0,3024,0,0,0
18,120,38,0,0,3024,0,0,0
18,120,39,10,0,3024,0,0,0
18,120,40,0,0,3014,0,0,0
18,120,41,0,0,3014,0,0,0
18,120,42,0,0,3014,0,0,0
18,120,43,0,0,3014,0,0,0
18,120,44,0,0,3014,0,0,0
18,120,45,0,0,3014,0,0,0
18,120,46,0,0,3014,0,0,0
18,120,47,26,0,3014,0,0,0
18,120,48,0,0,2988,0,0,0
18,120,49,0,0,2988,0,0,0
18,120,50,0,0,2988,0,0,0
18,120,51,0,0,2988,0,0,0
18,120,52,0,0,2988,0,0,0
18,120,53,0,0,2988,0,0,0
18,120,54,0,0,2988,0,0,0
18,120,55,0,0,2988,0,0,0
18,120,56,0,0,2988,1,0,1
18,120,57,0,0,2988,1,0,1
18,120,58,5,0,2988,1,0,1
18,120,59,0,0,2983,0,0,0
18,120,60,0,0,2983,0,0,0
18,120,61,0,0,2983,0,0,0
18,120,62,0,0,2983,0,0,0
18,120,63,0,0,2983,1,1,0
18,120,64,0,0,2983,1,1,0
18,120,65,0,0,2983,1,1,0
18,120,66,0,0,2983,0,0,0
18,120,67,11,0,2983,0,0,0
18,120,68,0,0,2972,0,0,0
18,120,69,0,0,2972,0,0,0
18,120,70,0,0,2972,0,0,0
18,120,71,0,0,2972,1,0,1
18,120,72,0,0,2972,0,0,0
18,120,73,0,0,2972,0,0,0
18,120,74,0,0,2972,0,0,0
18,120,75,0,0,2972,0,0,0
18,120,76,0,0,2972,0,0,0
18,120,77,0,0,2972,0,0,0
18,120,78,0,0,2972,0,0,0
18,120,79,0,0,2972,0,0,0
18,120,80,0,0,2972,0,0,0
18,120,81,0,0,2972,0,0,0
18,120,82,0,0,2972,0,0,0
18,120,83,0,0,2972,0,0,0
18,120,84,0,0,2972,1,0,1
18,120,85,0,0,2972,1,0,1
18,120,86,0,0,2972,1,0,1
18,120,87,0,0,2972,0,0,0
18,120,88,0,0,2972,0,0,0
18,120,89,0,0,2972,0,0,0
18,120,90,0,0,2972,0,0,0
18,120,91,0,0,2972,0,0,0
18,120,92,0,0,2972,0,0,0
18,120,93,0,0,2972,0,0,0
18,120,94,0,0,2972,0,0,0
18,120,95,0,0,2972,0,0,0
18,120,96,0,0,2972,0,0,0
18,120,97,0,0,2972,0,0,0
18,120,98,0,0,2972,0,0,0
18,120,99,0,0,2972,0,0,0
18,120,100,0,704,2972,0,0,0
18,120,101,0,0,2268,0,0,0
18,120,102,0,0,2268,0,0,0
18,120,103,0,465,2268,0,0,0
18,120,104,0,593,1803,0,0,0
18,120,105,0,0,1210,0,0,0
18,120,106,0,310,1210,0,0,0
18,120,107,0,0,900,0,0,0
18,120,108,0,0,900,0,0,0
18,120,109,0,50,900,0,0,0
18,120,110,0,70,850,0,0,0
18,120,111,0,0,780,0,0,0
18,120,112,0,0,780,0,0,0
18,120,113,0,100,780,0,0,0
18,120,114,0,120,680,0,0,0
18,120,115,0,30,560,0,0,0
18,120,116,0,0,530,0,0,0
18,120,117,0,0,530,0,0,0
18,120,118,0,625,530,0,0,0
18,120,119,0,0,0,0,0,0
18,120,120,0,0,0,0,0,0
19,123,0,0,0,2140,0,0,0
19,123,1,0,0,2140,0,0,0
19,123,2,10,0,2140,0,0,0
19,123,3,0,0,2130,0,0,0
19,123,4,0,0,2130,0,0,0
19,123,5,0,0,2130,1,0,1
19,123,6,12,0,2130,1,0,1
19,123,7,0,0,2118,1,0,1
19,123,8,0,0,2118,0,0,0
19,123,9,0,0,2118,0,0,0
19,123,10,0,0,2118,1,1,0
19,123,11,0,0,2118,1,1,0
19,123,12,0,0,2118,0,0,0
19,123,13,5,0,2118,0,0,0
19,123,14,0,0,2113,0,0,0
19,123,15,0,0,2113,1,1,0
19,123,16,3,0,2113,1,1,0
19,123,17,0,0,2110,1,1,0
19,123,18,0,0,2110,1,1,0
19,123,19,0,0,2110,1,1,0
19,123,20,1,0,2110,1,1,0
19,123,21,1,0,2109,1,1,0
19,123,22,0,0,2108,1,1,0
19,123,23,0,0,2108,1,1,0
19,123,24,0,0,2108,1,1,0
19,123,25,6,0,2108,1,1,0
19,123,26,0,0,2102,1,1,0
19,123,27,0,0,2102,1,1,0
19,123,28,0,0,2102,0,0,0
19,123,29,0,0,2102,0,0,0
19,123,30,0,0,2102,0,0,0
19,123,31,0,0,2102,0,0,0
19,123,32,11,0,2102,0,0,0
19,123,33,0,0,2091,0,0,0
19,123,34,0,0,2091,0,0,0
19,123,35,0,0,2091,0,0,0
19,123,36,0,0,2091,0,0,0
19,123,37,0,0,2091,0,0,0
19,123,38,0,0,2091,0,0,0
19,123,39,0,0,2091,0,0,0
19,123,40,0,0,2091,0,0,0
19,123,41,0,0,2091,0,0,0
19,123,42,0,0,2091,0,0,0
19,123,43,0,0,2091,0,0,0
19,123,44,0,0,2091,0,0,0
19,123,45,0,0,2091,0,0,0
19,123,46,0,0,2091,0,0,0
19,123,47,0,0,2091,1,0,1
19,123,48,0,0,2091,1,0,1
19,123,49,0,0,2091,1,0,1
19,123,50,0,0,2091,1,0,1
19,123,51,0,0,2091,0,0,0
19,123,52,0,0,2091,0,0,0
19,123,53,0,0,2091,0,0,0
19,123,54,0,0,2091,0,0,0
19,123,55,0,0,2091,0,0,0
19,123,56,0,0,2091,0,0,0
19,123,57,0,0,2091,0,0,0
19,123,58,0,0,2091,0,0,0
19,123,59,0,0,2091,1,0,1
19,123,60,0,0,2091,1,0,1
19,123,61,0,0,2091,1,0,1
19,123,62,0,0,2091,1,0,1
19,123,63,0,0,2091,0,0,0
19,123,64,0,0,2091,0,0,0
19,123,65,0,0,2091,0,0,0
19,123,66,0,0,2091,0,0,0
19,123,67,0,0,2091,0,0,0
19,123,68,0,0,2091,1,0,1
19,123,69,0,0,2091,1,0,1
19,123,70,0,0,2091,1,0,1
19,123,71,0,0,2091,0,0,0
19,123,72,0,0,2091,1,0,1
19,123,73,0,0,2091,1,0,1
19,123,74,0,0,2091,1,0,1
19,123,75,0,0,2091,0,0,0
19,123,76,0,0,2091,0,0,0
19,123,77,0,0,2091,0,0,0
19,123,78,0,0,2091,0,0,0
19,123,79,0,0,2091,0,0,0
19,123,80,0,0,2091,0,0,0
19,123,81,0,0,2091,0,0,0
19,123,82,0,0,2091,0,0,0
19,123,83,0,0,2091,0,0,0
19,123,84,0,0,2091,0,0,0
19,123,85,0,0,2091,0,0,0
19,123,86,0,0,2091,0,0,0
19,123,87,0,0,2091,0,0,0
19,123,88,0,0,2091,0,0,0
19,123,89,0,0,2091,0,0,0
19,123,90,0,0,2091,0,0,0
19,123,91,0,0,2091,0,0,0
19,123,92,0,0,2091,0,0,0
19,123,93,0,0,2091,0,0,0
19,123,94,0,0,2091,0,0,0
19,123,95,0,0,2091,0,0,0
19,123,96,0,0,2091,0,0,0
19,123,97,0,0,2091,0,0,0
19,123,98,0,0,2091,0,0,0
19,123,99,0,0,2091,0,0,0
19,123,100,0,0,2091,0,0,0
19,123,101,0,0,2091,0,0,0
19,123,102,0,0,2091,0,0,0
19,123,103,0,0,2091,0,0,0
19,123,104,0,0,2091,0,0,0
19,123,105,0,0,2091,0,0,0
19,123,106,0,0,2091,0,0,0
19,123,107,0,0,2091,0,0,0
19,123,108,0,0,2091,0,0,0
19,123,109,0,0,2091,0,0,0
19,123,110,0,0,2091,0,0,0
19,123,111,0,0,2091,0,0,0
19,123,112,0,0,2091,0,0,0
19,123,113,0,0,2091,0,0,0
19,123,114,0,2050,2091,0,0,0
19,123,115,0,0,41,0,0,0
19,123,116,0,0,41,0,0,0
19,123,117,0,0,41,0,0,0
19,123,118,0,0,41,0,0,0
19,123,119,0,0,41,0,0,0
19,123,120,0,0,41,0,0,0
19,123,121,0,0,41,0,0,0
19,123,122,0,0,41,0,0,0
19,123,123,0,0,41,0,0,0
20,156,0,0,0,4080,1,0,1
20,156,1,13,0,4080,1,0,1
20,156,2,0,0,4067,1,0,1
20,156,3,21,0,4067,0,0,0
20,156,4,0,0,4046,0,0,0
20,156,5,22,0,4046,1,0,1
20,156,6,23,0,4024,1,0,1
20,156,7,0,0,4001,1,0,1
20,156,8,0,0,4001,0,0,0
20,156,9,0,0,4001,0,0,0
20,156,10,0,0,4001,0,0,0
20,156,11,6,0,4001,0,0,0
20,156,12,5,0,3995,0,0,0
20,156,13,0,0,3990,0,0,0
20,156,14,0,0,3990,0,0,0
20,156,15,0,0,3990,0,0,0
20,156,16,0,0,3990,0,0,0
20,156,17,10,0,3990,0,0,0
20,156,18,0,0,3980,1,0,1
20,156,19,0,0,3980,1,0,1
20,156,20,0,0,3980,1,0,1
20,156,21,2,0,3980,1,0,1
20,156,22,1,0,3978,0,0,0
20,156,23,0,0,3977,0,0,0
20,156,24,0,0,3977,0,0,0
20,156,25,0,0,3977,0,0,0
20,156,26,1,0,3977,0,0,0
20,156,27,0,0,3976,0,0,0
20,156,28,0,0,3976,0,0,0
20,156,29,0,0,3976,0,0,0
20,156,30,0,0,3976,0,0,0
20,156,31,0,0,3976,0,0,0
20,156,32,0,0,3976,0,0,0
20,156,33,0,0,3976,0,0,0
20,156,34,0,0,3976,0,0,0
20,156,35,0,0,3976,0,0,0
20,156,36,2,0,3976,0,0,0
20,156,37,0,0,3974,0,0,0
20,156,38,0,0,3974,0,0,0
20,156,39,2,0,3974,0,0,0
20,156,40,1,0,3972,0,0,0
20,156,41,0,0,3971,0,0,0
20,156,42,0,0,3971,0,0,0
20,156,43,0,0,3971,0,0,0
20,156,44,0,0,3971,0,0,0
20,156,45,1,0,3971,0,0,0
20,156,46,0,0,3970,0,0,0
20,156,47,0,0,3970,0,0,0
20,156,48,1,0,3970,0,0,0
20,156,49,0,0,3969,0,0,0
20,156,50,1,0,3969,0,0,0
20,156,51,0,0,3968,0,0,0
20,156,52,0,0,3968,0,0,0
20,156,53,0,0,3968,0,0,0
20,156,54,0,0,3968,0,0,0
20,156,55,2,0,3968,0,0,0
20,156,56,1,0,3966,0,0,0
20,156,57,2,0,3965,1,0,1
20,156,58,0,0,3963,1,0,1
20,156,59,0,0,3963,1,0,1
20,156,60,0,0,3963,0,0,0
20,156,61,1,0,3963,0,0,0
20,156,62,1,0,3962,0,0,0
20,156,63,1,0,3961,0,0,0
20,156,64,1,0,3960,0,0,0
20,156,65,0,0,3959,0,0,0
20,156,66,0,0,3959,0,0,0
20,156,67,0,0,3959,1,0,1
20,156,68,0,0,3959,1,0,1
20,156,69,0,0,3959,1,0,1
20,156,70,0,0,3959,0,0,0
20,156,71,0,0,3959,0,0,0
20,156,72,0,0,3959,0,0,0
20,156,73,0,0,3959,0,0,0
20,156,74,1,0,3959,0,0,0
20,156,75,2,0,3958,0,0,0
20,156,76,0,0,3956,0,0,0
20,156,77,0,0,3956,0,0,0
20,156,78,1,0,3956,0,0,0
20,156,79,1,0,3955,0,0,0
20,156,80,1,0,3954,0,0,0
20,156,81,0,0,3953,0,0,0
20,156,82,0,0,3953,0,0,0
20,156,83,3,0,3953,0,0,0
20,156,84,0,0,3950,0,0,0
20,156,85,0,0,3950,0,0,0
20,156,86,0,0,3950,0,0,0
20,156,87,0,0,3950,0,0,0
20,156,88,0,0,3950,0,0,0
20,156,89,1,0,3950,0,0,0
20,156,90,2,0,3949,0,0,0
20,156,91,1,0,3947,0,0,0
20,156,92,0,0,3946,0,0,0
20,156,93,0,0,3946,0,0,0
20,156,94,0,0,3946,0,0,0
20,156,95,0,0,3946,0,0,0
20,156,96,0,0,3946,0,0,0
20,156,97,0,0,3946,0,0,0
20,156,98,0,0,3946,0,0,0
20,156,99,0,0,3946,0,0,0
20,156,100,2,0,3946,0,0,0
20,156,101,2,0,3944,0,0,0
20,156,102,2,0,3942,0,0,0
20,156,103,0,0,3940,0,0,0
20,156,104,1,0,3940,0,0,0
20,156,105,1,0,3939,0,0,0
20,156,106,1,0,3938,0,0,0
20,156,107,1,0,3937,0,0,0
20,156,108,1,0,3936,0,0,0
20,156,109,1,0,3935,0,0,0
20,156,110,1,0,3934,0,0,0
20,156,111,0,0,3933,0,0,0
20,156,112,0,0,3933,0,0,0
20,156,113,0,2,3933,0,0,0
20,156,114,1,0,3931,0,0,0
20,156,115,1,0,3930,0,0,0
20,156,116,0,0,3929,0,0,0
20,156,117,2,0,3929,1,0,1
20,156,118,2,0,3927,1,0,1
20,156,119,1,0,3925,1,0,1
20,156,120,1,0,3924,1,0,1
20,156,121,1,0,3923,1,0,1
20,156,122,1,0,3922,0,0,0
20,156,123,1,0,3921,0,0,0
20,156,124,2,0,3920,1,0,1
20,156,125,2,0,3918,1,0,1
20,156,126,2,0,3916,1,0,1
20,156,127,1,0,3914,1,0,1
20,156,128,2,0,3913,1,0,1
20,156,129,2,0,3911,0,0,0
20,156,130,2,0,3909,0,0,0
20,156,131,2,0,3907,0,0,0
20,156,132,1,0,3905,0,0,0
20,156,133,1,0,3904,0,0,0
20,156,134,1,0,3903,0,0,0
20,156,135,1,667,3902,0,0,0
20,156,136,1,0,3234,0,0,0
20,156,137,2,0,3233,0,0,0
20,156,138,2,0,3231,0,0,0
20,156,139,1,248,3229,0,0,0
20,156,140,1,0,2980,0,0,0
20,156,141,1,0,2979,0,0,0
20,156,142,1,649,2978,0,0,0
20,156,143,2,0,2328,0,0,0
20,156,144,2,0,2326,0,0,0
20,156,145,2,0,2324,0,0,0
20,156,146,1,0,2322,0,0,0
20,156,147,1,0,2321,0,0,0
20,156,148,1,0,2320,0,0,0
20,156,149,1,0,2319,0,0,0
20,156,150,1,556,2318,0,0,0
20,156,151,2,0,1761,0,0,0
20,156,152,7,297,1759,0,0,0
20,156,153,2,593,1455,0,0,0
20,156,154,1,741,860,0,0,0
20,156,155,0,0,118,0,0,0
21,115,0,0,0,1000,0,0,0
21,115,1,1,0,1000,0,0,0
21,115,2,0,0,999,0,0,0
21,115,3,0,0,999,0,0,0
21,115,4,0,0,999,0,0,0
21,115,5,0,0,999,0,0,0
21,115,6,0,0,999,1,0,1
21,115,7,0,0,999,1,0,1
21,115,8,2,0,999,1,0,1
21,115,9,0,0,997,1,0,1
21,115,10,0,0,997,0,0,0
21,115,11,0,0,997,0,0,0
21,115,12,0,300,997,0,0,0
21,115,13,0,0,697,0,0,0
21,115,14,0,0,697,1,1,0
21,115,15,0,0,697,1,1,0
21,115,16,0,0,697,1,1,0
21,115,17,0,0,697,0,0,0
21,115,18,0,0,697,0,0,0
21,115,19,0,0,697,1,0,1
21,115,20,0,0,697,1,0,1
21,115,21,0,0,697,1,0,1
21,115,22,0,0,697,0,0,0
21,115,23,0,0,697,0,0,0
21,115,24,0,0,697,0,0,0
21,115,25,0,0,697,0,0,0
21,115,26,0,0,697,0,0,0
21,115,27,0,0,697,0,0,0
21,115,28,0,0,697,0,0,0
21,115,29,0,0,697,0,0,0
21,115,30,0,0,697,0,0,0
21,115,31,0,0,697,0,0,0
21,115,32,0,0,697,0,0,0
21,115,33,0,0,697,0,0,0
21,115,34,0,0,697,0,0,0
21,115,35,0,0,697,0,0,0
21,115,36,0,0,697,0,0,0
21,115,37,0,0,697,0,0,0
21,115,38,0,0,697,0,0,0
21,115,39,0,0,697,0,0,0
21,115,40,0,0,697,0,0,0
21,115,41,0,0,697,0,0,0
21,115,42,0,0,697,0,0,0
21,115,43,0,0,697,0,0,0
21,115,44,0,0,697,0,0,0
21,115,45,0,0,697,0,0,0
21,115,46,0,0,697,0,0,0
21,115,47,2,0,697,0,0,0
21,115,48,0,0,695,1,0,1
21,115,49,0,0,695,1,0,1
21,115,50,0,0,695,1,0,1
21,115,51,0,0,695,0,0,0
21,115,52,0,0,695,0,0,0
21,115,53,0,0,695,0,0,0
21,115,54,0,0,695,0,0,0
21,115,55,0,0,695,0,0,0
21,115,56,0,0,695,0,0,0
21,115,57,0,0,695,0,0,0
21,115,58,0,0,695,1,0,1
21,115,59,0,0,695,1,0,1
21,115,60,3,0,695,1,0,1
21,115,61,0,0,692,0,0,0
21,115,62,0,0,692,0,0,0
21,115,63,0,0,692,0,0,0
21,115,64,0,0,692,0,0,0
21,115,65,0,0,692,0,0,0
21,115,66,0,0,692,0,0,0
21,115,67,0,0,692,0,0,0
21,115,68,0,0,692,0,0,0
21,115,69,0,0,692,0,0,0
21,115,70,0,0,692,0,0,0
21,115,71,0,0,692,0,0,0
21,115,72,0,0,692,0,0,0
21,115,73,0,0,692,0,0,0
21,115,74,0,0,692,0,0,0
21,115,75,0,0,692,0,0,0
21,115,76,0,0,692,0,0,0
21,115,77,1,0,692,0,0,0
21,115,78,0,0,691,0,0,0
21,115,79,0,0,691,0,0,0
21,115,80,0,0,691,0,0,0
21,115,81,0,0,691,0,0,0
21,115,82,0,0,691,0,0,0
21,115,83,0,0,691,0,0,0
21,115,84,1,0,691,0,0,0
21,115,85,0,0,690,0,0,0
21,115,86,0,0,690,0,0,0
21,115,87,0,0,690,0,0,0
21,115,88,0,0,690,0,0,0
21,115,89,0,0,690,0,0,0
21,115,90,2,0,690,0,0,0
21,115,91,0,0,688,0,0,0
21,115,92,0,0,688,0,0,0
21,115,93,0,0,688,0,0,0
21,115,94,0,0,688,0,0,0
21,115,95,0,0,688,0,0,0
21,115,96,0,0,688,0,0,0
21,115,97,0,0,688,0,0,0
21,115,98,0,0,688,0,0,0
21,115,99,0,0,688,0,0,0
21,115,100,0,0,688,0,0,0
21,115,101,0,0,688,0,0,0
21,115,102,0,0,688,0,0,0
21,115,103,0,0,688,0,0,0
21,115,104,0,0,688,0,0,0
21,115,105,0,0,688,0,0,0
21,115,106,0,0,688,0,0,0
21,115,107,0,0,688,0,0,0
21,115,108,0,0,688,0,0,0
21,115,109,0,0,688,0,0,0
21,115,110,0,0,688,0,0,0
21,115,111,0,0,688,0,0,0
21,115,112,0,0,688,0,0,0
21,115,113,0,637,688,0,0,0
21,115,114,0,0,51,0,0,0
22,110,0,0,0,1400,0,0,0
22,110,1,5,0,1400,0,0,0
22,110,2,6,0,1395,0,0,0
22,110,3,0,0,1389,0,0,0
22,110,4,4,0,1389,0,0,0
22,110,5,0,0,1385,0,0,0
22,110,6,0,0,1385,0,0,0
22,110,7,0,0,1385,0,0,0
22,110,8,2,0,1385,0,0,0
22,110,9,0,0,1383,0,0,0
22,110,10,0,0,1384,0,0,0
22,110,11,0,0,1384,0,0,0
22,110,12,0,0,1384,0,0,0
22,110,13,0,0,1384,0,0,0
22,110,14,0,0,1384,0,0,0
22,110,15,0,0,1384,0,0,0
22,110,16,0,0,1384,0,0,0
22,110,17,0,0,1384,0,0,0
22,110,18,0,0,1384,0,0,0
22,110,19,0,0,1384,0,0,0
22,110,20,0,0,1384,0,0,0
22,110,21,1,0,1384,0,0,0
22,110,22,0,0,1383,0,0,0
22,110,23,0,0,1383,0,0,0
22,110,24,0,0,1383,0,0,0
22,110,25,5,0,1383,1,0,1
22,110,26,0,0,1378,1,0,1
22,110,27,0,0,1378,1,0,1
22,110,28,0,0,1378,0,0,0
22,110,29,0,0,1378,1,0,1
22,110,30,0,0,1378,1,0,1
22,110,31,0,0,1378,1,0,1
22,110,32,0,0,1378,0,0,0
22,110,33,1,0,1378,0,0,0
22,110,34,0,0,1377,0,0,0
22,110,35,1,0,1377,0,0,0
22,110,36,0,0,1376,0,0,0
22,110,37,0,0,1376,0,0,0
22,110,38,0,0,1376,0,0,0
22,110,39,0,0,1376,1,0,1
22,110,40,0,0,1376,1,0,1
22,110,41,0,0,1376,1,0,1
22,110,42,0,0,1376,0,0,0
22,110,43,3,0,1376,0,0,0
22,110,44,0,0,1373,0,0,0
22,110,45,0,0,1373,0,0,0
22,110,46,0,0,1373,0,0,0
22,110,47,0,0,1373,0,0,0
22,110,48,0,0,1373,0,0,0
22,110,49,4,0,1373,0,0,0
22,110,50,0,0,1369,0,0,0
22,110,51,0,0,1369,0,0,0
22,110,52,0,0,1369,0,0,0
22,110,53,0,0,1369,0,0,0
22,110,54,0,0,1369,0,0,0
22,110,55,0,0,1369,0,0,0
22,110,56,0,0,1369,0,0,0
22,110,57,0,0,1369,0,0,0
22,110,58,0,0,1369,0,0,0
22,110,59,0,0,1369,0,0,0
22,110,60,0,0,1369,1,0,1
22,110,61,0,0,1369,1,0,1
22,110,62,0,0,1369,1,0,1
22,110,63,0,0,1369,1,0,1
22,110,64,0,0,1369,0,0,0
22,110,65,0,0,1369,0,0,0
22,110,66,0,0,1369,0,0,0
22,110,67,0,0,1369,0,0,0
22,110,68,0,0,1369,0,0,0
22,110,69,0,400,1369,1,0,1
22,110,70,0,80,969,0,0,0
22,110,71,0,0,889,0,0,0
22,110,72,0,0,889,0,0,0
22,110,73,0,0,889,0,0,0
22,110,74,0,0,889,0,0,0
22,110,75,0,0,889,0,0,0
22,110,76,1,0,889,0,0,0
22,110,77,0,0,888,0,0,0
22,110,78,0,0,888,0,0,0
22,110,79,0,0,888,0,0,0
22,110,80,1,0,889,0,0,0
22,110,81,0,0,888,0,0,0
22,110,82,0,0,888,0,0,0
22,110,83,0,0,888,0,0,0
22,110,84,0,0,888,0,0,0
22,110,85,0,0,888,0,0,0
22,110,86,0,0,888,0,0,0
22,110,87,0,42,888,0,0,0
22,110,88,0,0,846,1,0,1
22,110,89,0,0,846,1,0,1
22,110,90,0,0,846,0,0,0
22,110,91,0,0,846,0,0,0
22,110,92,0,0,846,0,0,0
22,110,93,0,0,846,0,0,0
22,110,94,0,0,846,0,0,0
22,110,95,0,0,846,0,0,0
22,110,96,0,0,846,0,0,0
22,110,97,2,0,846,0,0,0
22,110,98,0,0,844,0,0,0
22,110,99,0,0,844,0,0,0
22,110,100,0,0,844,0,0,0
22,110,101,0,0,844,0,0,0
22,110,102,0,0,844,0,0,0
22,110,103,0,0,844,0,0,0
22,110,104,0,0,844,0,0,0
22,110,105,0,32,844,0,0,0
22,110,106,0,0,812,0,0,0
22,110,107,0,750,812,0,0,0
22,110,108,0,0,62,0,0,0
22,110,109,0,0,62,0,0,0
23,119,0,0,0,1400,1,0,1
23,119,1,6,0,1400,1,0,1
23,119,2,4,0,1394,1,0,1
23,119,3,0,0,1390,1,0,1
23,119,4,3,0,1390,1,0,1
23,119,5,7,0,1387,1,0,1
23,119,6,0,0,1380,1,0,1
23,119,7,0,0,1380,1,0,1
23,119,8,0,0,1380,1,0,1
23,119,9,0,0,1380,0,0,0
23,119,10,0,0,1380,1,1,0
23,119,11,0,0,1380,1,1,0
23,119,12,0,0,1380,1,1,0
23,119,13,0,0,1380,1,1,0
23,119,14,0,0,1380,0,0,0
23,119,15,2,0,1380,0,0,0
23,119,16,3,0,1378,0,0,0
23,119,17,0,0,1375,0,0,0
23,119,18,0,0,1375,1,1,0
23,119,19,0,0,1375,1,1,0
23,119,20,0,0,1375,1,1,0
23,119,21,0,0,1375,1,1,0
23,119,22,0,0,1375,1,1,0
23,119,23,0,0,1375,0,0,0
23,119,24,0,0,1375,0,0,0
23,119,25,0,0,1375,0,0,0
23,119,26,0,0,1375,1,1,0
23,119,27,0,0,1375,1,1,0
23,119,28,0,0,1375,0,0,0
23,119,29,0,0,1375,0,0,0
23,119,30,0,0,1375,0,0,0
23,119,31,0,0,1375,1,0,1
23,119,32,0,0,1375,1,0,1
23,119,33,0,0,1375,1,0,1
23,119,34,0,0,1375,0,0,0
23,119,35,0,0,1375,0,0,0
23,119,36,0,0,1375,0,0,0
23,119,37,0,0,1375,0,0,0
23,119,38,0,0,1375,0,0,0
23,119,39,1,0,1375,0,0,0
23,119,40,2,0,1374,0,0,0
23,119,41,0,0,1372,0,0,0
23,119,42,0,0,1372,0,0,0
23,119,43,0,0,1372,0,0,0
23,119,44,0,0,1372,0,0,0
23,119,45,0,0,1372,0,0,0
23,119,46,0,0,1372,0,0,0
23,119,47,0,0,1372,0,0,0
23,119,48,0,0,1372,0,0,0
23,119,49,0,0,1372,0,0,0
23,119,50,0,0,1372,0,0,0
23,119,51,0,0,1372,1,0,1
23,119,52,0,0,1372,1,0,1
23,119,53,0,0,1372,1,0,1
23,119,54,0,0,1372,0,0,0
23,119,55,0,0,1372,0,0,0
23,119,56,0,0,1372,0,0,0
23,119,57,0,0,1372,0,0,0
23,119,58,0,0,1372,0,0,0
23,119,59,0,0,1372,0,0,0
23,119,60,0,0,1372,0,0,0
23,119,61,0,0,1372,0,0,0
23,119,62,0,0,1372,0,0,0
23,119,63,0,0,1372,0,0,0
23,119,64,0,0,1372,0,0,0
23,119,65,0,0,1372,0,0,0
23,119,66,0,0,1372,1,0,1
23,119,67,0,0,1372,1,0,1
23,119,68,0,0,1372,1,0,1
23,119,69,0,0,1372,0,0,0
23,119,70,0,0,1372,0,0,0
23,119,71,0,12,1372,0,0,0
23,119,72,0,0,1360,0,0,0
23,119,73,0,0,1360,0,0,0
23,119,74,0,0,1360,0,0,0
23,119,75,0,0,1360,0,0,0
23,119,76,0,0,1360,0,0,0
23,119,77,0,0,1360,0,0,0
23,119,78,0,0,1360,0,0,0
23,119,79,0,0,1360,0,0,0
23,119,80,0,0,1360,0,0,0
23,119,81,0,0,1360,0,0,0
23,119,82,0,0,1360,0,0,0
23,119,83,0,0,1360,0,0,0
23,119,84,0,0,1360,0,0,0
23,119,85,0,0,1360,0,0,0
23,119,86,0,0,1360,0,0,0
23,119,87,0,0,1360,0,0,0
23,119,88,0,0,1360,0,0,0
23,119,89,0,0,1360,0,0,0
23,119,90,0,0,1360,0,0,0
23,119,91,0,0,1360,0,0,0
23,119,92,0,0,1360,0,0,0
23,119,93,0,0,1360,0,0,0
23,119,94,0,0,1360,0,0,0
23,119,95,0,0,1360,0,0,0
23,119,96,0,0,1360,0,0,0
23,119,97,0,0,1360,0,0,0
23,119,98,0,0,1360,0,0,0
23,119,99,0,0,1360,0,0,0
23,119,100,0,0,1360,0,0,0
23,119,101,0,0,1360,0,0,0
23,119,102,0,0,1360,0,0,0
23,119,103,0,0,1360,0,0,0
23,119,104,0,0,1360,0,0,0
23,119,105,0,0,1360,0,0,0
23,119,106,0,0,1360,0,0,0
23,119,107,0,0,1360,0,0,0
23,119,108,0,0,1360,0,0,0
23,119,109,0,0,1360,0,0,0
23,119,110,0,0,1360,0,0,0
23,119,111,0,0,1360,0,0,0
23,119,112,0,606,1360,0,0,0
23,119,113,0,313,754,0,0,0
23,119,114,0,0,441,0,0,0
23,119,115,0,313,441,0,0,0
23,119,116,0,0,128,0,0,0
23,119,117,0,0,128,0,0,0
23,119,118,0,0,128,0,0,0
24,126,0,0,0,2300,0,0,0
24,126,1,6,0,2300,0,0,0
24,126,2,5,0,2294,0,0,0
24,126,3,0,0,2289,0,0,0
24,126,4,4,0,2289,0,0,0
24,126,5,0,0,2285,0,0,0
24,126,6,0,0,2285,0,0,0
24,126,7,0,0,2285,0,0,0
24,126,8,0,0,2285,0,0,0
24,126,9,0,0,2285,0,0,0
24,126,10,0,0,2285,0,0,0
24,126,11,0,0,2285,0,0,0
24,126,12,0,0,2285,0,0,0
24,126,13,0,0,2285,0,0,0
24,126,14,0,0,2285,0,0,0
24,126,15,3,0,2285,0,0,0
24,126,16,1,0,2282,0,0,0
24,126,17,2,0,2281,0,0,0
24,126,18,4,0,2279,0,0,0
24,126,19,1,0,2275,0,0,0
24,126,20,0,0,2274,0,0,0
24,126,21,2,0,2274,0,0,0
24,126,22,3,0,2272,0,0,0
24,126,23,4,0,2269,0,0,0
24,126,24,6,0,2265,0,0,0
24,126,25,1,0,2259,0,0,0
24,126,26,2,0,2258,0,0,0
24,126,27,2,0,2256,0,0,0
24,126,28,1,0,2254,0,0,0
24,126,29,0,0,2253,0,0,0
24,126,30,0,0,2253,0,0,0
24,126,31,0,0,2253,0,0,0
24,126,32,0,0,2253,0,0,0
24,126,33,0,0,2253,0,0,0
24,126,34,0,0,2253,0,0,0
24,126,35,0,0,2253,0,0,0
24,126,36,0,0,2253,0,0,0
24,126,37,0,0,2253,0,0,0
24,126,38,0,0,2253,0,0,0
24,126,39,0,0,2253,0,0,0
24,126,40,1,0,2253,0,0,0
24,126,41,1,0,2252,0,0,0
24,126,42,1,0,2251,0,0,0
24,126,43,0,0,2250,0,0,0
24,126,44,0,0,2250,0,0,0
24,126,45,0,0,2250,0,0,0
24,126,46,0,0,2250,0,0,0
24,126,47,0,0,2250,0,0,0
24,126,48,0,0,2250,0,0,0
24,126,49,0,0,2250,0,0,0
24,126,50,0,0,2250,0,0,0
24,126,51,0,0,2250,0,0,0
24,126,52,0,0,2250,0,0,0
24,126,53,0,0,2250,0,0,0
24,126,54,0,0,2250,0,0,0
24,126,55,0,0,2250,0,0,0
24,126,56,0,0,2250,0,0,0
24,126,57,0,0,2250,0,0,0
24,126,58,0,0,2250,0,0,0
24,126,59,0,0,2250,0,0,0
24,126,60,0,0,2250,0,0,0
24,126,61,0,0,2250,0,0,0
24,126,62,0,0,2250,0,0,0
24,126,63,0,0,2250,0,0,0
24,126,64,0,0,2250,0,0,0
24,126,65,0,0,2250,1,1,0
24,126,66,0,0,2250,1,1,0
24,126,67,0,0,2250,1,1,0
24,126,68,0,0,2250,0,0,0
24,126,69,0,0,2250,0,0,0
24,126,70,0,0,2250,0,0,0
24,126,71,0,0,2250,0,0,0
24,126,72,2,0,2250,0,0,0
24,126,73,0,0,2248,0,0,0
24,126,74,0,0,2248,0,0,0
24,126,75,0,0,2248,0,0,0
24,126,76,0,0,2248,0,0,0
24,126,77,0,0,2248,0,0,0
24,126,78,0,0,2248,0,0,0
24,126,79,0,0,2248,0,0,0
24,126,80,0,0,2248,0,0,0
24,126,81,0,0,2248,0,0,0
24,126,82,0,0,2248,0,0,0
24,126,83,0,0,2248,0,0,0
24,126,84,0,0,2248,0,0,0
24,126,85,0,0,2248,0,0,0
24,126,86,0,0,2248,0,0,0
24,126,87,0,0,2248,0,0,0
24,126,88,0,0,2248,0,0,0
24,126,89,0,0,2248,0,0,0
24,126,90,0,0,2248,0,0,0
24,126,91,0,0,2248,0,0,0
24,126,92,0,0,2248,0,0,0
24,126,93,0,0,2248,0,0,0
24,126,94,0,0,2248,0,0,0
24,126,95,0,0,2248,0,0,0
24,126,96,0,0,2248,0,0,0
24,126,97,0,0,2248,0,0,0
24,126,98,0,0,2248,0,0,0
24,126,99,0,0,2248,0,0,0
24,126,100,0,500,2248,0,0,0
24,126,101,0,0,1748,0,0,0
24,126,102,0,0,1748,0,0,0
24,126,103,0,0,1748,0,0,0
24,126,104,0,0,1748,0,0,0
24,126,105,0,0,1748,0,0,0
24,126,106,0,0,1748,0,0,0
24,126,107,0,0,1748,0,0,0
24,126,108,0,0,1748,0,0,0
24,126,109,0,0,1748,0,0,0
24,126,110,0,0,1748,0,0,0
24,126,111,0,0,1748,0,0,0
24,126,112,0,0,1748,0,0,0
24,126,113,0,0,1748,0,0,0
24,126,114,0,0,1748,0,0,0
24,126,115,0,0,1748,0,0,0
24,126,116,0,0,1748,0,0,0
24,126,117,0,500,1748,0,0,0
24,126,118,0,0,1248,0,0,0
24,126,119,0,0,1248,0,0,0
24,126,120,0,15,1248,0,0,0
24,126,121,0,10,1233,0,0,0
24,126,122,0,0,1223,0,0,0
24,126,123,0,0,1223,0,0,0
24,126,124,0,0,1223,0,0,0
24,126,125,0,0,1223,0,0,0
25,135,0,0,0,3165,1,1,0
25,135,1,0,0,3165,1,1,0
25,135,2,0,0,3165,0,0,0
25,135,3,0,0,3165,0,0,0
25,135,4,20,0,3165,0,0,0
25,135,5,0,0,3145,0,0,0
25,135,6,16,0,3145,0,0,0
25,135,7,0,0,3129,0,0,0
25,135,8,0,0,3129,0,0,0
25,135,9,0,0,3129,0,0,0
25,135,10,10,0,3129,0,0,0
25,135,11,0,0,3119,0,0,0
25,135,12,0,0,3119,0,0,0
25,135,13,0,0,3119,0,0,0
25,135,14,0,0,3119,0,0,0
25,135,15,0,0,3119,0,0,0
25,135,16,0,0,3119,0,0,0
25,135,18,150,0,2269,0,0,0
25,135,19,42,0,2119,0,0,0
25,135,20,0,0,2077,0,0,0
25,135,21,0,0,2077,0,0,0
25,135,22,0,0,2077,0,0,0
25,135,23,4,0,2077,0,0,0
25,135,24,6,0,2073,0,0,0
25,135,25,0,0,2067,0,0,0
25,135,26,0,0,2067,0,0,0
25,135,27,0,0,2067,0,0,0
25,135,28,0,0,2067,0,0,0
25,135,29,2,0,2067,1,0,1
25,135,30,0,0,2065,1,0,1
25,135,31,0,0,2065,1,0,1
25,135,32,0,0,2065,1,0,1
25,135,33,0,0,2065,1,0,1
25,135,34,0,0,2065,1,0,1
25,135,35,5,0,2065,1,0,1
25,135,36,0,0,2060,1,0,1
25,135,37,0,0,2060,1,0,1
25,135,38,0,0,2060,1,0,1
25,135,39,0,0,2060,0,0,0
25,135,40,4,0,2060,0,0,0
25,135,41,0,0,2056,0,0,0
25,135,42,0,0,2056,0,0,0
25,135,43,1,0,2056,0,0,0
25,135,44,2,0,2055,0,0,0
25,135,45,0,0,2053,0,0,0
25,135,46,0,0,2053,0,0,0
25,135,47,0,0,2053,0,0,0
25,135,48,3,0,2053,0,0,0
25,135,49,1,0,2050,0,0,0
25,135,50,0,0,2049,0,0,0
25,135,51,0,0,2049,0,0,0
25,135,52,0,0,2049,0,0,0
25,135,53,0,0,2049,0,0,0
25,135,54,6,0,2049,0,0,0
25,135,55,0,0,2043,0,0,0
25,135,56,0,0,2043,0,0,0
25,135,57,0,0,2043,0,0,0
25,135,58,1,0,2043,0,0,0
25,135,59,1,0,2042,0,0,0
25,135,60,0,0,2041,0,0,0
25,135,61,0,0,2041,0,0,0
25,135,62,2,0,2041,0,0,0
25,135,63,3,0,2039,0,0,0
25,135,64,0,0,2036,0,0,0
25,135,65,0,0,2036,0,0,0
25,135,66,0,0,2036,0,0,0
25,135,67,0,0,2036,0,0,0
25,135,68,0,0,2036,0,0,0
25,135,69,1,0,2036,0,0,0
25,135,70,0,0,2035,0,0,0
25,135,71,0,0,2035,0,0,0
25,135,72,0,0,2035,0,0,0
25,135,73,0,0,2035,0,0,0
25,135,74,0,0,2035,0,0,0
25,135,75,0,0,2035,0,0,0
25,135,76,0,0,2035,0,0,0
25,135,77,0,0,2035,0,0,0
25,135,78,0,0,2035,0,0,0
25,135,79,0,0,2035,0,0,0
25,135,80,0,0,2035,0,0,0
25,135,81,0,0,2035,0,0,0
25,135,82,0,0,2035,0,0,0
25,135,83,0,0,2035,0,0,0
25,135,84,0,0,2035,0,0,0
25,135,85,0,0,2035,0,0,0
25,135,86,0,0,2035,0,0,0
25,135,87,0,0,2035,0,0,0
25,135,88,0,0,2035,0,0,0
25,135,89,0,0,2035,0,0,0
25,135,90,0,0,2035,0,0,0
25,135,91,0,0,2035,0,0,0
25,135,92,0,0,2035,0,0,0
25,135,93,0,0,2035,0,0,0
25,135,94,0,0,2035,0,0,0
25,135,95,0,0,2035,0,0,0
25,135,96,0,0,2035,0,0,0
25,135,97,0,0,2035,0,0,0
25,135,98,0,0,2035,0,0,0
25,135,99,0,0,2035,0,0,0
25,135,100,0,0,2035,0,0,0
25,135,101,0,0,2035,0,0,0
25,135,102,0,0,2035,0,0,0
25,135,103,0,0,2035,0,0,0
25,135,104,0,0,2035,0,0,0
25,135,105,0,0,2035,0,0,0
25,135,106,0,0,2035,0,0,0
25,135,107,0,0,2035,0,0,0
25,135,108,0,0,2035,0,0,0
25,135,109,0,0,2035,0,0,0
25,135,110,0,0,2035,0,0,0
25,135,111,0,0,2035,0,0,0
25,135,112,0,0,2035,0,0,0
25,135,113,0,0,2035,0,0,0
25,135,114,0,0,2035,0,0,0
25,135,115,0,0,2035,0,0,0
25,135,116,0,0,2035,0,0,0
25,135,117,0,0,2035,0,0,0
25,135,118,0,0,2035,0,0,0
25,135,119,0,0,2035,0,0,0
25,135,120,0,0,2035,0,0,0
25,135,121,0,0,2035,0,0,0
25,135,122,0,0,2035,0,0,0
25,135,123,0,0,2035,0,0,0
25,135,124,0,563,2035,0,0,0
25,135,125,0,0,1472,0,0,0
25,135,126,0,313,1472,0,0,0
25,135,127,0,313,1159,0,0,0
25,135,128,0,0,846,0,0,0
25,135,129,0,350,846,0,0,0
25,135,130,0,420,496,0,0,0
25,135,131,0,0,76,0,0,0
25,135,132,0,0,76,0,0,0
25,135,133,0,0,76,0,0,0
25,135,134,0,0,76,0,0,0
26,129,0,0,0,1020,0,0,0
26,129,1,0,0,1020,1,0,1
26,129,2,6,0,1020,1,0,1
26,129,3,5,0,1014,1,0,1
26,129,4,0,0,1009,0,0,0
26,129,5,0,0,1009,0,0,0
26,129,6,0,0,1009,0,0,0
26,129,7,0,0,1009,0,0,0
26,129,8,0,0,1009,0,0,0
26,129,9,1,0,1009,0,0,0
26,129,10,0,0,1008,0,0,0
26,129,11,0,0,1008,0,0,0
26,129,12,0,0,1008,0,0,0
26,129,13,0,0,1008,0,0,0
26,129,14,0,0,1008,0,0,0
26,129,15,0,0,1008,0,0,0
26,129,16,0,0,1008,0,0,0
26,129,17,0,0,1008,0,0,0
26,129,18,0,0,1008,0,0,0
26,129,19,0,0,1008,1,0,1
26,129,20,0,0,1008,1,0,1
26,129,21,0,0,1008,1,0,1
26,129,22,0,0,1008,0,0,0
26,129,23,0,0,1008,0,0,0
26,129,24,0,0,1008,0,0,0
26,129,25,0,0,1008,0,0,0
26,129,26,0,0,1008,0,0,0
26,129,27,0,0,1008,1,0,1
26,129,28,0,0,1008,1,0,1
26,129,29,0,0,1008,0,0,0
26,129,30,0,0,1008,0,0,0
26,129,31,0,0,1008,0,0,0
26,129,32,0,0,1008,1,1,0
26,129,33,0,0,1008,1,1,1
26,129,34,0,0,1008,1,1,1
26,129,35,0,0,1008,1,1,1
26,129,36,0,0,1008,0,0,0
26,129,37,0,0,1008,0,0,0
26,129,38,0,0,1008,0,0,0
26,129,39,0,0,1008,0,0,0
26,129,40,0,0,1008,0,0,0
26,129,41,0,0,1008,0,0,0
26,129,42,0,0,1008,0,0,0
26,129,43,0,0,1008,0,0,0
26,129,44,0,0,1008,0,0,0
26,129,45,0,0,1008,0,0,0
26,129,46,0,0,1008,0,0,0
26,129,47,0,0,1008,0,0,0
26,129,48,0,0,1008,0,0,0
26,129,49,0,0,1008,0,0,0
26,129,50,0,0,1008,0,0,0
26,129,51,0,0,1008,0,0,0
26,129,52,0,0,1008,0,0,0
26,129,53,0,0,1008,0,0,0
26,129,54,0,0,1008,0,0,0
26,129,55,0,0,1008,0,0,0
26,129,56,0,0,1008,0,0,0
26,129,57,0,0,1008,0,0,0
26,129,58,0,0,1008,0,0,0
26,129,59,0,0,1008,0,0,0
26,129,60,0,0,1008,0,0,0
26,129,61,0,0,1008,0,0,0
26,129,62,0,0,1008,0,0,0
26,129,63,0,0,1008,1,1,0
26,129,64,0,0,1008,1,1,0
26,129,65,0,0,1008,1,1,0
26,129,66,0,0,1008,1,1,0
26,129,67,0,0,1008,0,0,0
26,129,68,0,0,1008,0,0,0
26,129,69,0,0,1008,0,0,0
26,129,70,0,0,1008,0,0,0
26,129,71,0,0,1008,0,0,0
26,129,72,0,0,1008,0,0,0
26,129,73,0,0,1008,0,0,0
26,129,74,0,0,1008,0,0,0
26,129,75,0,0,1008,0,0,0
26,129,76,0,0,1008,0,0,0
26,129,77,0,0,1008,0,0,0
26,129,78,0,0,1008,0,0,0
26,129,79,0,0,1008,1,1,0
26,129,80,0,0,1008,1,1,0
26,129,81,0,0,1008,1,1,1
26,129,82,0,0,1008,1,0,1
26,129,83,0,0,1008,1,0,1
26,129,84,0,0,1008,0,0,0
26,129,85,0,0,1008,0,0,0
26,129,86,0,0,1008,0,0,0
26,129,87,0,0,1008,0,0,0
26,129,88,0,0,1008,0,0,0
26,129,89,0,0,1008,0,0,0
26,129,90,0,0,1008,0,0,0
26,129,91,0,0,1008,0,0,0
26,129,92,0,0,1008,0,0,0
26,129,93,10,0,1008,0,0,0
26,129,94,0,0,998,0,0,0
26,129,95,0,0,998,0,0,0
26,129,96,0,0,998,0,0,0
26,129,97,0,0,998,0,0,0
26,129,98,0,0,998,0,0,0
26,129,99,0,0,998,0,0,0
26,129,100,0,0,998,0,0,0
26,129,101,0,0,998,0,0,0
26,129,102,0,0,998,0,0,0
26,129,103,0,0,998,1,0,1
26,129,104,0,0,998,1,0,1
26,129,105,0,0,998,1,0,1
26,129,106,0,0,998,0,0,0
26,129,107,0,0,998,0,0,0
26,129,108,0,0,998,0,0,0
26,129,109,0,0,998,0,0,0
26,129,110,0,0,998,0,0,0
26,129,111,0,0,998,0,0,0
26,129,112,0,0,998,0,0,0
26,129,113,0,0,998,0,0,0
26,129,114,0,0,998,0,0,0
26,129,115,0,0,998,1,0,1
26,129,116,0,0,998,1,0,1
26,129,117,0,0,998,1,0,1
26,129,118,0,0,998,0,0,0
26,129,119,2,0,998,0,0,0
26,129,120,0,0,996,0,0,0
26,129,121,0,0,996,0,0,0
26,129,122,0,0,996,0,0,0
26,129,123,1,0,996,0,0,0
26,129,124,0,0,995,0,0,0
26,129,125,2,0,995,0,0,0
26,129,126,2,522,993,0,0,0
26,129,127,0,451,469,0,0,0
26,129,128,0,0,18,0,0,0
27,126,0,0,0,1030,0,0,0
27,126,1,1,0,1030,0,0,0
27,126,2,1,0,1029,0,0,0
27,126,3,1,0,1028,0,0,0
27,126,4,0,0,1027,0,0,0
27,126,5,0,0,1027,0,0,0
27,126,6,2,0,1027,0,0,0
27,126,7,0,0,1025,0,0,0
27,126,8,0,0,1025,0,0,0
27,126,9,0,0,1025,0,0,0
27,126,10,5,0,1025,0,0,0
27,126,11,6,0,1020,0,0,0
27,126,12,0,0,1014,0,0,0
27,126,13,0,0,1014,0,0,0
27,126,14,0,0,1014,0,0,0
27,126,15,1,0,1014,0,0,0
27,126,16,0,0,1013,0,0,0
27,126,17,0,0,1013,0,0,0
27,126,18,0,0,1013,0,0,0
27,126,19,7,0,1013,0,0,0
27,126,20,8,0,1006,1,0,1
27,126,21,0,0,998,1,0,1
27,126,22,0,0,998,1,0,1
27,126,23,0,0,998,1,0,1
27,126,24,0,0,998,0,0,0
27,126,25,3,0,998,0,0,0
27,126,26,0,0,995,1,0,1
27,126,27,0,0,995,1,0,1
27,126,28,0,0,995,1,0,1
27,126,29,0,0,995,0,0,0
27,126,30,0,0,995,0,0,0
27,126,31,0,0,995,0,0,0
27,126,32,0,0,995,0,0,0
27,126,33,2,0,995,0,0,0
27,126,34,2,0,993,0,0,0
27,126,35,0,0,991,0,0,0
27,126,36,0,0,991,1,0,1
27,126,37,0,0,991,0,0,0
27,126,38,0,0,991,0,0,0
27,126,39,0,0,991,0,0,0
27,126,40,0,0,991,0,0,0
27,126,41,0,0,991,0,0,0
27,126,42,0,0,991,0,0,0
27,126,43,1,0,991,1,0,1
27,126,44,0,0,990,0,0,0
27,126,45,0,0,990,0,0,0
27,126,46,0,0,990,0,0,0
27,126,47,0,0,990,0,0,0
27,126,48,0,0,990,1,0,1
27,126,49,0,0,990,1,0,1
27,126,50,0,0,990,0,0,0
27,126,51,0,0,990,1,0,1
27,126,52,0,0,990,0,0,0
27,126,53,0,0,990,0,0,0
27,126,54,0,0,990,0,0,0
27,126,55,0,0,990,1,0,1
27,126,56,0,0,990,1,0,1
27,126,57,2,0,990,0,0,0
27,126,58,1,0,988,1,0,1
27,126,59,0,0,987,0,0,0
27,126,60,0,0,987,0,0,0
27,126,61,0,0,987,0,0,0
27,126,62,0,0,987,1,0,1
27,126,63,0,0,987,0,0,0
27,126,64,0,0,987,0,0,0
27,126,65,1,0,987,1,0,1
27,126,66,1,0,986,0,0,0
27,126,67,0,0,985,0,0,0
27,126,68,0,0,985,0,0,0
27,126,69,0,0,985,1,0,1
27,126,70,0,0,985,0,0,0
27,126,71,0,0,985,0,0,0
27,126,72,0,0,985,1,0,1
27,126,73,0,0,985,0,0,0
27,126,74,0,0,985,0,0,0
27,126,75,0,0,985,0,0,0
27,126,76,0,0,985,0,0,0
27,126,77,0,0,985,0,0,0
27,126,78,0,0,985,1,0,1
27,126,79,1,0,985,1,0,1
27,126,80,1,0,984,1,0,1
27,126,81,0,0,983,0,0,0
27,126,82,0,0,983,0,0,0
27,126,83,0,0,983,1,0,1
27,126,84,0,0,983,1,0,1
27,126,85,1,0,983,1,0,1
27,126,86,1,0,982,0,0,0
27,126,87,0,0,981,1,0,1
27,126,88,0,0,981,1,0,1
27,126,89,0,0,981,1,0,1
27,126,90,0,0,981,1,0,1
27,126,91,0,0,981,1,0,1
27,126,92,0,0,981,1,0,1
27,126,93,0,0,981,1,0,1
27,126,94,0,0,981,1,0,1
27,126,95,0,0,981,1,0,1
27,126,96,0,0,981,0,0,0
27,126,97,0,0,981,0,0,0
27,126,98,0,0,981,1,0,1
27,126,99,0,0,981,1,0,1
27,126,100,0,0,981,1,0,1
27,126,101,0,0,981,0,0,0
27,126,102,0,0,981,0,0,0
27,126,103,0,0,981,0,0,0
27,126,104,0,0,981,0,0,0
27,126,105,0,0,981,0,0,0
27,126,106,0,0,981,0,0,0
27,126,107,0,0,981,0,0,0
27,126,108,0,0,981,0,0,0
27,126,109,0,0,981,0,0,0
27,126,110,0,0,981,0,0,0
27,126,111,0,0,981,0,0,0
27,126,112,0,0,981,0,0,0
27,126,113,0,322,981,0,0,0
27,126,114,0,0,659,0,0,0
27,126,115,0,0,659,1,0,1
27,126,116,0,0,659,1,0,1
27,126,117,0,0,659,1,0,1
27,126,118,0,0,659,1,0,1
27,126,119,0,0,659,1,0,1
27,126,120,0,600,659,0,0,0
27,126,121,0,0,59,0,0,0
27,126,122,0,0,59,0,0,0
27,126,123,0,39,59,0,0,0
27,126,124,0,0,20,0,0,0
27,126,125,0,0,20,0,0,0
28,118,0,5,0,1130,0,0,0
28,118,1,3,0,1125,1,0,1
28,118,2,5,0,1122,1,0,1
28,118,3,0,0,1117,1,0,1
28,118,4,10,0,1117,0,0,0
28,118,5,0,0,1107,0,0,0
28,118,6,0,0,1107,0,0,0
28,118,7,0,0,1107,0,0,0
28,118,8,10,0,1107,1,0,1
28,118,9,0,0,1097,1,0,1
28,118,10,0,0,1097,1,0,1
28,118,11,2,0,1097,1,0,1
28,118,12,0,0,1095,0,0,0
28,118,13,0,0,1095,1,0,1
28,118,14,1,0,1095,1,0,1
28,118,15,2,0,1094,1,1,0
28,118,16,0,0,1092,1,1,0
28,118,17,0,0,1092,0,0,0
28,118,18,0,0,1092,0,0,0
28,118,19,0,0,1092,0,0,0
28,118,20,0,0,1092,1,0,1
28,118,21,0,0,1092,1,0,1
28,118,22,0,0,1092,1,0,1
28,118,23,0,0,1092,0,0,0
28,118,24,0,0,1092,1,0,1
28,118,25,0,0,1092,1,0,1
28,118,26,0,0,1092,1,0,1
28,118,27,4,0,1092,1,0,1
28,118,28,0,0,1088,1,0,1
28,118,29,0,0,1088,0,0,0
28,118,30,0,0,1088,0,0,0
28,118,31,0,0,1088,0,0,0
28,118,32,0,0,1088,0,0,0
28,118,33,0,0,1088,1,0,1
28,118,34,0,0,1088,0,0,0
28,118,35,0,0,1088,0,0,0
28,118,36,0,0,1088,0,0,0
28,118,37,0,0,1088,0,0,0
28,118,38,0,0,1088,0,0,0
28,118,39,0,0,1088,0,0,0
28,118,40,0,0,1088,0,0,0
28,118,41,0,0,1088,0,0,0
28,118,42,0,0,1088,0,0,0
28,118,43,1,0,1088,0,0,0
28,118,44,0,0,1087,0,0,0
28,118,45,0,0,1087,0,0,0
28,118,46,0,0,1087,0,0,0
28,118,47,0,0,1087,0,0,0
28,118,48,0,0,1087,0,0,0
28,118,49,0,0,1087,0,0,0
28,118,50,1,0,1087,1,0,1
28,118,51,0,0,1086,1,0,1
28,118,52,0,0,1086,1,0,1
28,118,53,0,0,1086,0,0,0
28,118,54,0,0,1086,0,0,0
28,118,55,0,0,1086,0,0,0
28,118,56,0,0,1086,0,0,0
28,118,57,0,0,1086,0,0,0
28,118,58,3,0,1086,1,0,1
28,118,59,0,0,1083,1,0,1
28,118,60,0,0,1083,1,0,1
28,118,61,0,0,1083,1,0,1
28,118,62,0,0,1083,0,0,0
28,118,63,3,0,1083,0,0,0
28,118,64,0,0,1080,0,0,0
28,118,65,0,0,1080,0,0,0
28,118,66,0,0,1080,0,0,0
28,118,67,0,0,1080,0,0,0
28,118,68,3,0,1080,1,0,1
28,118,69,0,0,1077,1,0,1
28,118,70,0,0,1077,1,0,1
28,118,71,0,0,1077,0,0,0
28,118,72,5,0,1077,0,0,0
28,118,73,0,0,1072,0,0,0
28,118,74,0,0,1072,0,0,0
28,118,75,0,0,1072,0,0,0
28,118,76,0,0,1072,0,0,0
28,118,77,0,0,1072,0,0,0
28,118,78,0,0,1072,0,0,0
28,118,79,0,0,1072,0,0,0
28,118,80,0,0,1072,0,0,0
28,118,81,0,0,1072,1,0,1
28,118,82,0,0,1072,1,0,1
28,118,83,0,0,1072,1,0,1
28,118,84,0,0,1072,0,0,0
28,118,85,0,0,1072,0,0,0
28,118,86,0,0,1072,0,0,0
28,118,87,0,0,1072,0,0,0
28,118,88,0,0,1072,0,0,0
28,118,89,0,0,1072,0,0,0
28,118,90,0,0,1072,0,0,0
28,118,91,0,0,1072,0,0,0
28,118,92,0,0,1072,0,0,0
28,118,93,0,0,1072,0,0,0
28,118,94,0,0,1072,0,0,0
28,118,95,0,0,1072,0,0,0
28,118,96,0,0,1072,0,0,0
28,118,97,0,0,1072,0,0,0
28,118,98,0,0,1072,0,0,0
28,118,99,0,0,1072,0,0,0
28,118,100,0,0,1072,0,0,0
28,118,101,0,0,1072,0,0,0
28,118,102,0,0,1072,0,0,0
28,118,103,0,0,1072,0,0,0
28,118,104,0,0,1072,0,0,0
28,118,105,0,75,1072,0,0,0
28,118,106,0,75,997,0,0,0
28,118,107,0,0,922,1,0,1
28,118,108,0,0,922,1,0,1
28,118,109,0,500,922,1,0,1
28,118,110,0,0,422,0,0,0
28,118,111,0,0,422,0,0,0
28,118,112,0,290,422,0,0,0
28,118,113,0,0,132,0,0,0
28,118,114,0,0,132,1,0,1
28,118,115,0,10,132,1,0,1
28,118,116,0,292,122,1,0,1
28,118,117,0,0,0,0,0,0
29,119,0,0,0,2100,1,0,1
29,119,1,10,0,2100,1,0,1
29,119,2,6,0,2090,1,0,1
29,119,3,3,0,2084,0,0,0
29,119,4,0,0,2081,0,0,0
29,119,5,1,0,2081,0,0,0
29,119,6,0,0,2080,0,0,0
29,119,7,0,0,2080,0,0,0
29,119,8,0,0,2080,0,0,0
29,119,9,0,0,2080,0,0,0
29,119,10,0,0,2080,0,0,0
29,119,11,0,0,2080,0,0,0
29,119,12,0,0,2080,0,0,0
29,119,13,0,0,2080,1,0,1
29,119,14,0,0,2080,1,0,1
29,119,15,0,0,2080,1,0,1
29,119,16,0,0,2080,0,0,0
29,119,17,0,0,2080,0,0,0
29,119,18,0,0,2080,0,0,0
29,119,19,0,0,2080,0,0,0
29,119,20,0,0,2080,0,0,0
29,119,21,0,0,2080,0,0,0
29,119,22,6,0,2080,0,0,0
29,119,23,0,0,2074,0,0,0
29,119,24,0,0,2074,0,0,0
29,119,25,0,0,2074,0,0,0
29,119,26,0,0,2074,0,0,0
29,119,27,0,0,2074,0,0,0
29,119,28,0,0,2074,0,0,0
29,119,29,0,0,2074,0,0,0
29,119,30,0,0,2074,0,0,0
29,119,31,0,0,2074,0,0,0
29,119,32,0,0,2074,0,0,0
29,119,33,0,0,2074,0,0,0
29,119,34,0,0,2074,0,0,0
29,119,35,0,0,2074,0,0,0
29,119,36,0,0,2074,0,0,0
29,119,37,0,0,2074,0,0,0
29,119,38,0,0,2074,0,0,0
29,119,39,0,0,2074,0,0,0
29,119,40,0,0,2074,0,0,0
29,119,41,0,0,2074,0,0,0
29,119,42,0,0,2074,0,0,0
29,119,43,0,0,2074,0,0,0
29,119,44,0,0,2074,0,0,0
29,119,45,0,0,2074,0,0,0
29,119,46,0,0,2074,0,0,0
29,119,47,0,0,2074,0,0,0
29,119,48,0,0,2074,0,0,0
29,119,49,0,0,2074,0,0,0
29,119,50,0,0,2074,0,0,0
29,119,51,0,0,2074,0,0,0
29,119,52,0,0,2074,0,0,0
29,119,53,0,0,2074,0,0,0
29,119,54,0,0,2074,0,0,0
29,119,55,0,0,2074,0,0,0
29,119,56,0,0,2074,0,0,0
29,119,57,0,0,2074,0,0,0
29,119,58,0,0,2074,0,0,0
29,119,59,0,0,2074,0,0,0
29,119,60,0,0,2074,0,0,0
29,119,61,0,0,2074,0,0,0
29,119,62,0,0,2074,1,0,1
29,119,63,0,0,2074,1,0,1
29,119,64,0,0,2074,1,0,1
29,119,65,0,0,2074,0,0,0
29,119,66,0,0,2074,0,0,0
29,119,67,0,0,2074,0,0,0
29,119,68,0,0,2074,1,0,1
29,119,69,0,1200,2074,1,0,1
29,119,70,0,0,874,1,0,1
29,119,71,0,0,874,0,0,0
29,119,72,0,0,874,0,0,0
29,119,73,0,0,874,0,0,0
29,119,74,0,0,874,0,0,0
29,119,75,0,0,874,0,0,0
29,119,76,0,0,874,0,0,0
29,119,77,0,0,874,0,0,0
29,119,78,0,0,874,0,0,0
29,119,79,0,0,874,0,0,0
29,119,80,0,0,874,0,0,0
29,119,81,0,0,874,0,0,0
29,119,82,0,0,874,0,0,0
29,119,83,0,0,874,0,0,0
29,119,84,0,0,874,0,0,0
29,119,85,0,0,874,0,0,0
29,119,86,0,0,874,0,0,0
29,119,87,0,0,874,0,0,0
29,119,88,0,0,874,0,0,0
29,119,89,0,0,874,0,0,0
29,119,90,0,0,874,0,0,0
29,119,91,3,0,874,0,0,0
29,119,92,0,0,871,0,0,0
29,119,93,0,0,871,0,0,0
29,119,94,0,0,871,0,0,0
29,119,95,0,0,871,0,0,0
29,119,96,0,0,871,0,0,0
29,119,97,0,0,871,0,0,0
29,119,98,0,0,871,0,0,0
29,119,99,0,0,871,0,0,0
29,119,100,0,0,871,0,0,0
29,119,101,0,0,871,0,0,0
29,119,102,0,0,871,0,0,0
29,119,103,0,0,871,0,0,0
29,119,104,0,0,871,0,0,0
29,119,105,0,0,871,0,0,0
29,119,106,0,0,871,0,0,0
29,119,107,0,0,871,0,0,0
29,119,108,0,323,871,0,0,0
29,119,109,0,0,548,0,0,0
29,119,110,0,0,548,0,0,0
29,119,111,0,545,548,0,0,0
29,119,112,0,0,0,0,0,0
29,119,113,0,3,0,0,0,0
29,119,114,0,0,0,0,0,0
29,119,115,0,0,0,0,0,0
29,119,116,0,0,0,0,0,0
29,119,117,0,0,0,0,0,0
29,119,118,0,0,0,0,0,0
30,116,0,0,0,1430,0,0,0
30,116,1,9,0,1430,1,0,1
30,116,2,8,0,1421,1,0,1
30,116,3,8,0,1413,1,0,1
30,116,4,0,0,1405,1,0,1
30,116,5,0,0,1405,1,0,1
30,116,6,0,0,1405,1,0,1
30,116,7,0,0,1405,1,0,1
30,116,8,0,0,1405,1,0,1
30,116,9,3,0,1405,1,0,1
30,116,10,0,0,1402,0,0,0
30,116,11,0,0,1402,0,0,0
30,116,12,0,0,1402,0,0,0
30,116,13,0,0,1402,0,0,0
30,116,14,3,0,1402,0,0,0
30,116,15,0,0,1399,0,0,0
30,116,16,0,0,1399,0,0,0
30,116,17,0,0,1399,1,0,1
30,116,18,0,0,1399,0,0,0
30,116,19,0,0,1399,1,0,1
30,116,20,0,0,1399,1,0,1
30,116,21,0,0,1399,1,0,1
30,116,22,0,0,1399,0,0,0
30,116,23,0,0,1399,1,0,1
30,116,24,0,0,1399,0,0,0
30,116,25,0,0,1399,1,0,1
30,116,26,2,0,1399,1,0,1
30,116,27,0,0,1397,1,0,1
30,116,28,0,0,1397,1,0,1
30,116,29,2,0,1397,0,0,0
30,116,30,0,0,1395,0,0,0
30,116,31,0,0,1395,0,0,0
30,116,32,0,0,1395,0,0,0
30,116,33,0,0,1395,0,0,0
30,116,34,0,0,1395,0,0,0
30,116,35,0,0,1395,0,0,0
30,116,36,0,0,1395,0,0,0
30,116,37,0,0,1395,0,0,0
30,116,38,0,0,1395,0,0,0
30,116,39,0,0,1395,0,0,0
30,116,40,0,0,1395,0,0,0
30,116,41,0,0,1395,0,0,0
30,116,42,0,0,1395,0,0,0
30,116,43,0,0,1395,0,0,0
30,116,44,0,0,1395,0,0,0
30,116,45,0,0,1395,0,0,0
30,116,46,0,0,1395,0,0,0
30,116,47,0,0,1395,1,0,1
30,116,48,0,0,1395,1,0,1
30,116,49,0,0,1395,1,0,1
30,116,50,0,0,1395,0,0,0
30,116,51,2,0,1395,0,0,0
30,116,52,1,0,1393,0,0,0
30,116,53,0,0,1392,0,0,0
30,116,54,0,0,1392,0,0,0
30,116,55,0,0,1392,0,0,0
30,116,56,0,0,1392,0,0,0
30,116,57,0,0,1392,0,0,0
30,116,58,0,0,1392,0,0,0
30,116,59,0,0,1392,0,0,0
30,116,60,0,0,1392,0,0,0
30,116,61,0,0,1392,0,0,0
30,116,62,0,0,1392,0,0,0
30,116,63,0,0,1392,1,0,1
30,116,64,0,0,1392,1,0,1
30,116,65,0,0,1392,1,0,1
30,116,66,0,0,1392,0,0,0
30,116,67,0,0,1392,0,0,0
30,116,68,0,0,1392,0,0,0
30,116,69,0,0,1392,0,0,0
30,116,70,0,0,1392,0,0,0
30,116,71,0,0,1392,0,0,0
30,116,72,0,0,1392,0,0,0
30,116,73,0,0,1392,0,0,0
30,116,74,0,0,1392,0,0,0
30,116,75,0,0,1392,1,0,1
30,116,76,0,0,1392,0,0,0
30,116,77,0,0,1392,0,0,0
30,116,78,0,0,1392,0,0,0
30,116,79,0,0,1392,0,0,0
30,116,80,0,0,1392,0,0,0
30,116,81,0,0,1392,0,0,0
30,116,82,0,0,1392,0,0,0
30,116,83,0,0,1392,1,0,1
30,116,84,0,0,1392,1,0,1
30,116,85,0,0,1392,1,0,1
30,116,86,0,0,1392,0,0,0
30,116,87,0,0,1392,0,0,0
30,116,88,0,0,1392,1,0,1
30,116,89,0,0,1392,1,0,1
30,116,90,0,0,1392,0,0,0
30,116,91,0,0,1392,0,0,0
30,116,92,0,0,1392,0,0,0
30,116,93,0,0,1392,0,0,0
30,116,94,0,0,1392,0,0,0
30,116,95,0,0,1392,0,0,0
30,116,96,0,0,1392,0,0,0
30,116,97,0,0,1392,0,0,0
30,116,98,0,0,1392,0,0,0
30,116,99,0,0,1392,0,0,0
30,116,100,0,0,1392,0,0,0
30,116,101,0,0,1392,0,0,0
30,116,102,0,0,1392,0,0,0
30,116,103,0,0,1392,0,0,0
30,116,104,0,334,1392,0,0,0
30,116,105,0,0,1058,0,0,0
30,116,106,0,0,1058,0,0,0
30,116,107,0,0,1058,0,0,0
30,116,108,0,445,1058,0,0,0
30,116,109,0,38,613,0,0,0
30,116,110,0,63,575,0,0,0
30,116,111,0,56,512,0,0,0
30,116,112,0,38,456,0,0,0
30,116,113,0,0,418,0,0,0
30,116,114,0,334,418,0,0,0
30,116,115,0,0,84,0,0,0
31,156,0,0,0,2150,0,0,0
31,156,1,10,0,2150,1,0,1
31,156,2,9,0,2140,1,0,1
31,156,3,1,0,2131,1,0,1
31,156,4,7,0,2130,0,0,0
31,156,5,3,0,2123,0,0,0
31,156,6,0,0,2120,0,0,0
31,156,7,0,0,2120,0,0,0
31,156,8,4,0,2120,0,0,0
31,156,9,5,0,2116,0,0,0
31,156,10,2,0,2111,0,0,0
31,156,11,0,0,2109,0,0,0
31,156,12,0,0,2109,0,0,0
31,156,13,1,0,2109,1,0,1
31,156,14,3,0,2108,1,0,1
31,156,15,0,0,2105,1,0,1
31,156,16,0,0,2105,0,0,0
31,156,17,0,0,2105,0,0,0
31,156,18,0,0,2105,0,0,0
31,156,19,5,0,2105,1,0,1
31,156,20,0,0,2100,1,0,1
31,156,21,0,0,2100,1,0,1
31,156,22,0,0,2100,0,0,0
31,156,23,0,0,2100,0,0,0
31,156,24,0,0,2100,0,0,0
31,156,25,0,0,2100,0,0,0
31,156,26,0,0,2100,0,0,0
31,156,27,0,0,2100,0,0,0
31,156,28,0,0,2100,0,0,0
31,156,29,0,0,2100,0,0,0
31,156,30,1,0,2100,0,0,0
31,156,31,2,0,2099,0,0,0
31,156,32,0,0,2097,0,0,0
31,156,33,0,0,2097,0,0,0
31,156,34,1,0,2097,0,0,0
31,156,35,1,0,2096,0,0,0
31,156,36,1,0,2095,0,0,0
31,156,37,3,0,2094,0,0,0
31,156,38,0,0,2091,0,0,0
31,156,39,0,0,2091,0,0,0
31,156,40,1,0,2091,0,0,0
31,156,41,2,0,2090,0,0,0
31,156,42,2,0,2088,0,0,0
31,156,43,0,0,2086,0,0,0
31,156,44,0,0,2086,0,0,0
31,156,45,0,0,2086,0,0,0
31,156,46,0,0,2086,0,0,0
31,156,47,1,0,2086,0,0,0
31,156,48,1,0,2085,0,0,0
31,156,49,2,0,2084,0,0,0
31,156,50,2,0,2082,0,0,0
31,156,51,0,0,2080,0,0,0
31,156,52,0,0,2080,0,0,0
31,156,53,0,0,2080,0,0,0
31,156,54,2,0,2080,0,0,0
31,156,55,1,0,2078,0,0,0
31,156,56,1,0,2077,0,0,0
31,156,57,1,0,2076,0,0,0
31,156,58,0,0,2075,0,0,0
31,156,59,0,0,2075,0,0,0
31,156,60,0,0,2075,0,0,0
31,156,61,0,0,2075,0,0,0
31,156,62,3,0,2075,0,0,0
31,156,63,1,0,2072,0,0,0
31,156,64,2,0,2071,0,0,0
31,156,65,2,0,2069,0,0,0
31,156,66,1,0,2067,0,0,0
31,156,67,1,0,2066,0,0,0
31,156,68,0,0,2065,0,0,0
31,156,69,0,0,2065,0,0,0
31,156,70,1,0,2065,0,0,0
31,156,71,0,0,2064,0,0,0
31,156,72,0,0,2064,0,0,0
31,156,73,1,0,2064,0,0,0
31,156,74,1,0,2063,0,0,0
31,156,75,2,0,2062,0,0,0
31,156,76,0,0,2060,0,0,0
31,156,77,0,0,2060,0,0,0
31,156,78,0,0,2060,0,0,0
31,156,79,1,0,2060,0,0,0
31,156,80,1,0,2059,0,0,0
31,156,81,2,0,2058,0,0,0
31,156,82,1,0,2056,0,0,0
31,156,83,1,0,2055,0,0,0
31,156,84,0,0,2054,0,0,0
31,156,85,0,0,2054,0,0,0
31,156,86,0,0,2054,0,0,0
31,156,87,0,0,2054,0,0,0
31,156,88,0,0,2054,0,0,0
31,156,89,0,0,2054,1,1,0
31,156,90,2,0,2054,1,1,0
31,156,91,1,0,2052,1,1,0
31,156,92,0,0,2051,0,0,0
31,156,93,0,0,2051,0,0,0
31,156,94,0,0,2051,0,0,0
31,156,95,0,0,2051,0,0,0
31,156,96,0,0,2051,0,0,0
31,156,97,0,0,2051,0,0,0
31,156,98,1,0,2051,0,0,0
31,156,99,0,0,2050,0,0,0
31,156,100,0,0,2050,0,0,0
31,156,101,0,0,2050,0,0,0
31,156,102,0,0,2050,0,0,0
31,156,103,0,0,2050,0,0,0
31,156,104,0,0,2050,0,0,0
31,156,105,0,0,2050,0,0,0
31,156,106,0,0,2050,0,0,0
31,156,107,0,0,2050,0,0,0
31,156,108,0,0,2050,0,0,0
31,156,109,1,0,2050,0,0,0
31,156,110,0,0,2049,0,0,0
31,156,111,0,0,2049,0,0,0
31,156,112,0,0,2049,0,0,0
31,156,113,0,0,2049,0,0,0
31,156,114,1,0,2049,0,0,0
31,156,115,0,0,2048,0,0,0
31,156,116,0,0,2048,0,0,0
31,156,117,0,0,2048,0,0,0
31,156,118,0,0,2048,0,0,0
31,156,119,0,237,2048,0,0,0
31,156,120,0,0,1811,0,0,0
31,156,121,0,0,1811,0,0,0
31,156,122,0,0,1811,0,0,0
31,156,123,0,0,1811,0,0,0
31,156,124,0,0,1811,0,0,0
31,156,125,0,0,1811,0,0,0
31,156,126,0,153,1811,0,0,0
31,156,127,0,0,1658,0,0,0
31,156,128,0,0,1658,0,0,0
31,156,129,0,0,1658,0,0,0
31,156,130,0,0,1658,0,0,0
31,156,131,0,0,1658,0,0,0
31,156,132,0,0,1658,0,0,0
31,156,133,0,0,1658,0,0,0
31,156,134,0,0,1658,0,0,0
31,156,135,0,0,1658,0,0,0
31,156,136,0,0,1658,0,0,0
31,156,137,0,0,1658,0,0,0
31,156,138,0,198,1658,0,0,0
31,156,139,0,235,1460,0,0,0
31,156,140,0,0,1225,0,0,0
31,156,141,0,235,1225,0,0,0
31,156,142,0,210,990,0,0,0
31,156,143,0,0,780,0,0,0
31,156,144,0,740,780,0,0,0
31,156,145,0,0,40,0,0,0
31,156,146,0,0,40,0,0,0
31,156,147,0,0,40,0,0,0
31,156,148,0,0,40,0,0,0
31,156,149,0,0,40,0,0,0
31,156,150,0,0,40,0,0,0
31,156,151,0,0,40,0,0,0
31,156,152,0,0,40,0,0,0
31,156,153,0,0,40,0,0,0
31,156,154,0,0,40,0,0,0
31,156,155,0,0,40,0,0,0
32,161,0,20,0,2100,0,0,0
32,161,1,10,0,2080,0,0,0
32,161,2,12,0,2070,1,0,1
32,161,3,1,0,2058,1,0,1
32,161,4,2,0,2057,0,0,0
32,161,5,1,0,2055,0,0,0
32,161,6,10,0,2054,0,0,0
32,161,7,1,0,2044,0,0,0
32,161,8,2,0,2043,0,0,0
32,161,9,10,0,2041,0,0,0
32,161,10,1,0,2031,0,0,0
32,161,11,2,0,2030,0,0,0
32,161,12,0,0,2028,0,0,0
32,161,13,0,0,2028,1,1,0
32,161,14,1,0,2028,1,1,0
32,161,15,2,0,2027,1,1,0
32,161,16,0,0,2025,0,0,0
32,161,17,0,0,2025,0,0,0
32,161,18,3,0,2025,0,0,0
32,161,19,1,0,2022,0,0,0
32,161,20,0,0,2021,0,0,0
32,161,21,0,0,2021,0,0,0
32,161,22,0,0,2021,0,0,0
32,161,23,0,0,2021,0,0,0
32,161,24,0,0,2021,0,0,0
32,161,25,1,0,2021,0,0,0
32,161,26,1,0,2020,0,0,0
32,161,27,0,0,2019,0,0,0
32,161,28,1,0,2019,0,0,0
32,161,29,0,0,2018,0,0,0
32,161,30,0,0,2018,0,0,0
32,161,31,0,0,2018,0,0,0
32,161,32,5,0,2018,0,0,0
32,161,33,0,0,2013,0,0,0
32,161,34,1,0,2013,0,0,0
32,161,35,0,0,2012,0,0,0
32,161,36,1,0,2012,0,0,0
32,161,37,1,0,2011,0,0,0
32,161,38,0,0,2010,0,0,0
32,161,39,0,0,2010,0,0,0
32,161,40,0,0,2010,0,0,0
32,161,41,0,0,2010,0,0,0
32,161,42,0,0,2010,0,0,0
32,161,43,0,0,2010,0,0,0
32,161,44,0,0,2010,0,0,0
32,161,45,0,0,2010,0,0,0
32,161,46,0,0,2010,0,0,0
32,161,47,0,0,2010,0,0,0
32,161,48,0,0,2010,0,0,0
32,161,49,0,0,2010,0,0,0
32,161,50,0,0,2010,0,0,0
32,161,51,0,0,2010,0,0,0
32,161,52,0,0,2010,0,0,0
32,161,53,0,0,2010,0,0,0
32,161,54,0,0,2010,0,0,0
32,161,55,0,0,2010,0,0,0
32,161,56,0,0,2010,0,0,0
32,161,57,0,0,2010,0,0,0
32,161,58,0,0,2010,0,0,0
32,161,59,0,0,2010,0,0,0
32,161,60,0,0,2010,0,0,0
32,161,61,0,0,2010,0,0,0
32,161,62,3,0,2010,0,0,0
32,161,63,0,0,2007,0,0,0
32,161,64,0,0,2007,0,0,0
32,161,65,1,0,2007,0,0,0
32,161,66,1,0,2006,0,0,0
32,161,67,0,0,2005,0,0,0
32,161,68,0,0,2005,0,0,0
32,161,69,0,0,2005,0,0,0
32,161,70,0,0,2005,0,0,0
32,161,71,0,0,2005,0,0,0
32,161,72,0,0,2005,0,0,0
32,161,73,0,0,2005,0,0,0
32,161,74,0,0,2005,0,0,0
32,161,75,0,0,2005,0,0,0
32,161,76,2,0,2005,0,0,0
32,161,77,1,0,2003,0,0,0
32,161,78,1,0,2002,0,0,0
32,161,79,0,0,2001,1,1,0
32,161,80,0,0,2001,1,1,0
32,161,81,0,0,2001,1,1,0
32,161,82,0,0,2001,0,0,0
32,161,83,0,0,2001,0,0,0
32,161,84,0,0,2001,0,0,0
32,161,85,0,0,2001,1,1,0
32,161,86,0,0,2001,1,1,0
32,161,87,0,0,2001,1,1,0
32,161,88,0,0,2001,1,1,0
32,161,89,1,0,2001,1,1,0
32,161,90,1,0,2000,0,0,0
32,161,91,1,0,1999,0,0,0
32,161,92,2,0,1998,0,0,0
32,161,93,0,0,1996,0,0,0
32,161,94,0,0,1996,0,0,0
32,161,95,0,0,1996,0,0,0
32,161,96,0,0,1996,0,0,0
32,161,97,0,0,1996,0,0,0
32,161,98,0,0,1996,0,0,0
32,161,99,0,0,1996,0,0,0
32,161,100,0,0,1996,0,0,0
32,161,101,0,0,1996,0,0,0
32,161,102,0,0,1996,0,0,0
32,161,103,1,0,1996,0,0,0
32,161,104,0,0,1995,0,0,0
32,161,105,0,0,1995,0,0,0
32,161,106,0,0,1995,0,0,0
32,161,107,0,0,1995,0,0,0
32,161,108,0,0,1995,0,0,0
32,161,109,0,0,1995,0,0,0
32,161,110,0,0,1995,0,0,0
32,161,111,0,0,1995,0,0,0
32,161,112,0,0,1995,0,0,0
32,161,113,0,0,1995,0,0,0
32,161,114,0,0,1995,0,0,0
32,161,115,0,0,1995,0,0,0
32,161,116,0,0,1995,0,0,0
32,161,117,0,0,1995,0,0,0
32,161,118,0,0,1995,0,0,0
32,161,119,1,0,1995,0,0,0
32,161,120,1,0,1994,0,0,0
32,161,121,0,0,1993,0,0,0
32,161,122,0,0,1993,0,0,0
32,161,123,0,0,1993,0,0,0
32,161,124,1,0,1993,0,0,0
32,161,125,0,0,1992,0,0,0
32,161,126,0,0,1992,0,0,0
32,161,127,1,21,1992,0,0,0
32,161,128,0,0,1970,0,0,0
32,161,129,2,287,1970,0,0,0
32,161,130,4,0,1681,0,0,0
32,161,131,4,0,1677,0,0,0
32,161,132,5,0,1673,0,0,0
32,161,133,7,0,1668,0,0,0
32,161,134,7,147,1661,0,0,0
32,161,135,5,0,1507,0,0,0
32,161,136,2,240,1502,0,0,0
32,161,137,1,0,1260,0,0,0
32,161,138,0,0,1259,0,0,0
32,161,139,1,0,1259,0,0,0
32,161,140,0,0,1258,0,0,0
32,161,141,0,206,1258,0,0,0
32,161,142,0,0,1052,0,0,0
32,161,143,1,0,1052,0,0,0
32,161,144,0,0,1051,0,0,0
32,161,145,0,0,1051,0,0,0
32,161,146,1,0,1051,0,0,0
32,161,147,0,0,1050,0,0,0
32,161,148,0,0,1050,0,0,0
32,161,149,0,0,1050,0,0,0
32,161,150,0,0,1050,0,0,0
32,161,151,0,0,1050,0,0,0
32,161,152,0,0,1050,0,0,0
32,161,153,0,0,1050,0,0,0
32,161,154,0,0,1050,0,0,0
32,161,155,0,1050,1050,0,0,0
32,161,156,0,0,0,0,0,0
32,161,157,0,0,0,0,0,0
32,161,158,0,0,0,0,0,0
32,161,159,0,0,0,0,0,0
32,161,160,0,0,0,0,0,0
33,150,0,5,0,1100,0,0,0
33,150,1,1,0,1095,0,0,0
33,150,2,2,0,1094,0,0,0
33,150,3,1,0,1092,1,0,1
33,150,4,0,0,1091,1,0,1
33,150,5,0,0,1091,1,0,1
33,150,6,0,0,1091,0,0,0
33,150,7,0,0,1091,0,0,0
33,150,8,0,0,1091,0,0,0
33,150,9,4,0,1091,0,0,0
33,150,10,1,0,1087,0,0,0
33,150,11,2,0,1086,0,0,0
33,150,12,0,0,1084,0,0,0
33,150,13,5,0,1084,0,0,0
33,150,14,0,0,1079,0,0,0
33,150,15,0,0,1079,0,0,0
33,150,16,1,0,1079,0,0,0
33,150,17,1,0,1078,0,0,0
33,150,18,0,0,1077,0,0,0
33,150,19,0,0,1077,1,0,1
33,150,20,1,0,1077,1,0,1
33,150,21,2,0,1076,1,0,1
33,150,22,1,0,1074,1,0,1
33,150,23,0,0,1073,0,0,0
33,150,24,3,0,1073,0,0,0
33,150,25,2,0,1070,0,0,0
33,150,26,1,0,1068,0,0,0
33,150,27,1,0,1067,0,0,0
33,150,28,0,0,1066,0,0,0
33,150,29,0,0,1066,0,0,0
33,150,30,0,0,1066,0,0,0
33,150,31,0,0,1066,0,0,0
33,150,32,0,0,1066,0,0,0
33,150,33,1,0,1066,0,0,0
33,150,34,1,0,1065,0,0,0
33,150,35,1,0,1064,0,0,0
33,150,36,2,0,1063,0,0,0
33,150,37,0,0,1061,0,0,0
33,150,38,3,0,1061,0,0,0
33,150,39,2,0,1058,0,0,0
33,150,40,0,0,1056,0,0,0
33,150,41,0,0,1056,0,0,0
33,150,42,0,0,1056,0,0,0
33,150,43,1,0,1056,0,0,0
33,150,44,1,0,1055,0,0,0
33,150,45,1,0,1054,0,0,0
33,150,46,1,0,1053,0,0,0
33,150,47,1,0,1052,0,0,0
33,150,48,2,0,1051,0,0,0
33,150,49,0,0,1049,0,0,0
33,150,50,1,0,1049,0,0,0
33,150,51,0,0,1048,0,0,0
33,150,52,2,0,1048,0,0,0
33,150,53,0,0,1046,0,0,0
33,150,54,1,0,1046,0,0,0
33,150,55,2,0,1045,0,0,0
33,150,56,1,0,1043,0,0,0
33,150,57,1,0,1042,0,0,0
33,150,58,0,0,1041,0,0,0
33,150,59,0,0,1041,0,0,0
33,150,60,0,0,1041,1,1,0
33,150,61,0,0,1041,1,1,0
33,150,62,0,0,1041,1,1,0
33,150,63,0,0,1041,1,1,0
33,150,64,0,103,1041,1,1,0
33,150,65,0,61,938,1,1,0
33,150,66,0,10,877,0,0,0
33,150,67,0,15,867,0,0,0
33,150,68,0,7,852,0,0,0
33,150,69,0,3,845,0,0,0
33,150,70,0,1,842,0,0,0
33,150,71,0,0,841,0,0,0
33,150,72,0,0,841,0,0,0
33,150,73,0,0,841,0,0,0
33,150,74,0,0,841,0,0,0
33,150,75,1,0,841,0,0,0
33,150,76,1,0,840,0,0,0
33,150,77,0,0,839,0,0,0
33,150,78,0,0,839,1,1,0
33,150,79,0,0,839,1,1,0
33,150,80,0,0,839,1,1,0
33,150,81,0,0,839,1,1,0
33,150,82,0,0,839,1,1,0
33,150,83,0,0,839,0,0,0
33,150,84,0,0,839,0,0,0
33,150,85,0,0,839,0,0,0
33,150,86,0,0,839,0,0,0
33,150,87,0,0,839,0,0,0
33,150,88,0,0,839,0,0,0
33,150,89,0,0,839,1,1,0
33,150,90,0,0,839,1,1,0
33,150,91,0,0,839,1,1,0
33,150,92,0,0,839,1,1,0
33,150,93,0,0,839,1,1,0
33,150,94,0,0,839,1,1,0
33,150,95,0,0,839,0,0,0
33,150,96,0,0,839,0,0,0
33,150,97,0,0,839,0,0,0
33,150,98,0,0,839,0,0,0
33,150,99,0,0,839,0,0,0
33,150,100,0,0,839,0,0,0
33,150,101,0,0,839,0,0,0
33,150,102,0,0,839,0,0,0
33,150,103,0,0,839,0,0,0
33,150,104,0,0,839,0,0,0
33,150,105,0,0,839,0,0,0
33,150,106,0,0,839,0,0,0
33,150,107,0,0,839,0,0,0
33,150,108,0,0,839,0,0,0
33,150,109,0,0,839,0,0,0
33,150,110,0,0,839,0,0,0
33,150,111,0,0,839,0,0,0
33,150,112,0,0,839,0,0,0
33,150,113,0,0,839,0,0,0
33,150,114,0,0,839,0,0,0
33,150,115,0,0,839,0,0,0
33,150,116,0,0,839,0,0,0
33,150,117,0,0,839,0,0,0
33,150,118,0,0,839,0,0,0
33,150,119,0,0,839,0,0,0
33,150,120,0,0,839,0,0,0
33,150,121,0,0,839,0,0,0
33,150,122,0,0,839,0,0,0
33,150,123,0,0,839,0,0,0
33,150,124,0,0,839,0,0,0
33,150,125,0,0,839,0,0,0
33,150,126,0,0,839,0,0,0
33,150,127,0,0,839,0,0,0
33,150,128,0,0,839,0,0,0
33,150,129,0,0,839,0,0,0
33,150,130,0,0,839,0,0,0
33,150,131,0,0,839,0,0,0
33,150,132,0,228,839,0,0,0
33,150,133,0,400,611,0,0,0
33,150,134,0,0,211,0,0,0
33,150,135,0,180,211,0,0,0
33,150,136,0,0,31,0,0,0
33,150,137,0,0,31,0,0,0
33,150,138,0,0,31,0,0,0
33,150,139,0,0,31,0,0,0
33,150,140,0,0,31,0,0,0
33,150,141,0,0,31,0,0,0
33,150,142,0,0,31,0,0,0
33,150,143,0,0,31,0,0,0
33,150,144,0,0,31,0,0,0
33,150,145,0,0,31,0,0,0
33,150,146,0,0,31,0,0,0
33,150,147,0,0,31,0,0,0
33,150,148,0,0,31,0,0,0
33,150,149,0,0,31,0,0,0
34,129,0,1,0,510,0,0,0
34,129,1,0,0,509,0,0,0
34,129,2,0,0,509,1,0,1
34,129,3,0,0,509,1,0,1
34,129,4,0,0,509,1,0,1
34,129,5,5,0,509,1,0,1
34,129,6,0,0,504,1,0,1
34,129,7,0,0,504,0,0,0
34,129,8,3,0,504,0,0,0
34,129,9,0,0,501,0,0,0
34,129,10,0,0,501,0,0,0
34,129,11,0,0,501,0,0,0
34,129,12,0,0,501,0,0,0
34,129,13,0,0,501,0,0,0
34,129,14,0,0,501,0,0,0
34,129,15,0,0,501,0,0,0
34,129,16,0,0,501,0,0,0
34,129,17,0,0,501,0,0,0
34,129,18,0,0,501,0,0,0
34,129,19,0,0,501,1,0,1
34,129,20,0,0,501,1,0,1
34,129,21,0,0,501,1,0,1
34,129,22,0,0,501,1,0,1
34,129,23,0,0,501,1,0,1
34,129,24,0,0,501,1,0,1
34,129,25,0,0,501,0,0,0
34,129,26,0,0,501,0,0,0
34,129,27,0,0,501,0,0,0
34,129,28,0,0,501,0,0,0
34,129,29,0,0,501,0,0,0
34,129,30,0,0,501,0,0,0
34,129,31,0,0,501,0,0,0
34,129,32,3,0,501,0,0,0
34,129,33,0,0,498,0,0,0
34,129,34,0,0,498,0,0,0
34,129,35,0,0,498,0,0,0
34,129,36,0,0,498,0,0,0
34,129,37,1,0,498,0,0,0
34,129,38,0,0,497,0,0,0
34,129,39,0,0,497,0,0,0
34,129,40,2,0,497,0,0,0
34,129,41,1,0,495,0,0,0
34,129,42,0,0,494,0,0,0
34,129,43,0,0,494,0,0,0
34,129,44,0,0,494,0,0,0
34,129,45,0,0,494,0,0,0
34,129,46,0,0,494,0,0,0
34,129,47,0,0,494,0,0,0
34,129,48,0,0,494,0,0,0
34,129,49,0,0,494,0,0,0
34,129,50,0,0,494,0,0,0
34,129,51,0,0,494,0,0,0
34,129,52,1,0,494,0,0,0
34,129,53,1,0,493,0,0,0
34,129,54,2,0,492,0,0,0
34,129,55,0,0,490,0,0,0
34,129,56,0,0,490,0,0,0
34,129,57,0,0,490,0,0,0
34,129,58,0,0,490,0,0,0
34,129,59,0,0,490,0,0,0
34,129,60,0,0,490,0,0,0
34,129,61,0,0,490,0,0,0
34,129,62,4,0,490,0,0,0
34,129,63,1,0,486,0,0,0
34,129,64,0,0,485,0,0,0
34,129,65,0,0,485,0,0,0
34,129,66,0,0,485,0,0,0
34,129,67,0,0,485,0,0,0
34,129,68,0,0,485,0,0,0
34,129,69,0,0,485,0,0,0
34,129,70,0,0,485,0,0,0
34,129,71,0,0,485,0,0,0
34,129,72,0,0,485,0,0,0
34,129,73,0,0,485,0,0,0
34,129,74,0,0,485,0,0,0
34,129,75,0,0,485,0,0,0
34,129,76,0,0,485,0,0,0
34,129,77,0,0,485,0,0,0
34,129,78,0,0,485,0,0,0
34,129,79,0,0,485,0,0,0
34,129,80,0,0,485,1,1,0
34,129,81,0,0,485,1,1,0
34,129,82,3,0,485,1,1,0
34,129,83,0,0,482,1,1,0
34,129,84,0,0,482,1,1,0
34,129,85,0,0,482,1,1,0
34,129,86,0,0,482,0,0,0
34,129,87,0,0,482,0,0,0
34,129,88,0,0,482,0,0,0
34,129,89,0,0,482,0,0,0
34,129,90,0,0,482,0,0,0
34,129,91,0,0,482,0,0,0
34,129,92,0,0,482,0,0,0
34,129,93,0,0,482,0,0,0
34,129,94,0,0,482,0,0,0
34,129,95,0,0,482,0,0,0
34,129,96,0,0,482,0,0,0
34,129,97,1,0,482,0,0,0
34,129,98,0,0,481,0,0,0
34,129,99,0,0,481,0,0,0
34,129,100,0,0,481,0,0,0
34,129,101,0,0,481,0,0,0
34,129,102,0,0,481,0,0,0
34,129,103,0,0,481,0,0,0
34,129,104,0,0,481,0,0,0
34,129,105,0,0,481,0,0,0
34,129,106,0,0,481,0,0,0
34,129,107,0,0,481,0,0,0
34,129,108,0,0,481,0,0,0
34,129,109,0,0,481,0,0,0
34,129,110,0,0,481,0,0,0
34,129,111,0,0,35,0,0,0
34,129,112,0,0,481,0,0,0
34,129,113,0,0,481,0,0,0
34,129,114,0,0,481,0,0,0
34,129,115,0,0,481,0,0,0
34,129,116,0,0,481,0,0,0
34,129,117,0,0,481,0,0,0
34,129,118,0,0,481,0,0,0
34,129,119,0,0,481,0,0,0
34,129,120,0,180,481,0,0,0
34,129,121,0,80,301,0,0,0
34,129,122,0,146,221,0,0,0
34,129,123,0,0,75,0,0,0
34,129,124,0,40,75,0,0,0
34,129,125,0,0,35,0,0,0
34,129,126,0,0,35,0,0,0
34,129,127,0,0,35,0,0,0
34,129,128,0,0,35,0,0,0
35,81,0,4,0,1300,0,0,0
35,81,1,2,0,1296,0,0,0
35,81,2,1,0,1294,0,0,0
35,81,3,1,0,1293,0,0,0
35,81,4,2,0,1292,0,0,0
35,81,5,0,0,1290,0,0,0
35,81,6,0,0,1290,0,0,0
35,81,7,0,0,1290,0,0,0
35,81,8,0,0,1290,0,0,0
35,81,9,0,0,1290,1,0,1
35,81,10,0,0,1290,1,0,1
35,81,11,1,0,1290,1,0,1
35,81,12,0,0,1289,1,0,1
35,81,13,0,0,1289,1,0,1
35,81,14,0,0,1289,1,0,1
35,81,15,0,0,1289,1,0,1
35,81,16,0,0,1289,1,0,1
35,81,17,0,0,1289,1,0,1
35,81,18,2,0,1289,1,0,1
35,81,19,1,0,1287,1,0,1
35,81,20,0,0,1286,0,0,0
35,81,21,0,0,1286,0,0,0
35,81,22,0,0,1286,0,0,0
35,81,23,0,0,1286,0,0,0
35,81,24,0,0,1286,0,0,0
35,81,25,0,0,1286,0,0,0
35,81,26,0,0,1286,0,0,0
35,81,27,0,0,1286,0,0,0
35,81,28,0,0,1286,0,0,0
35,81,29,0,0,1286,0,0,0
35,81,30,0,0,1286,0,0,0
35,81,31,0,0,1286,0,0,0
35,81,32,0,0,1286,0,0,0
35,81,33,0,0,1286,0,0,0
35,81,34,0,0,1286,0,0,0
35,81,35,0,0,1286,0,0,0
35,81,36,3,0,1286,0,0,0
35,81,37,0,0,1283,0,0,0
35,81,38,0,0,1283,0,0,0
35,81,39,2,0,1283,0,0,0
35,81,40,1,0,1281,0,0,0
35,81,41,0,0,1280,0,0,0
35,81,42,0,0,1280,0,0,0
35,81,43,0,0,1280,0,0,0
35,81,44,1,0,1280,0,0,0
35,81,45,1,0,1279,0,0,0
35,81,46,0,0,1278,0,0,0
35,81,47,0,0,1278,0,0,0
35,81,48,1,0,1278,0,0,0
35,81,49,0,0,1277,0,0,0
35,81,50,1,0,1277,0,0,0
35,81,51,0,0,1276,0,0,0
35,81,52,0,0,1276,1,0,1
35,81,53,0,0,1276,1,0,1
35,81,54,0,0,1276,1,0,1
35,81,55,2,0,1276,1,0,1
35,81,56,1,0,1274,1,0,1
35,81,57,2,0,1273,0,0,0
35,81,58,0,0,1271,0,0,0
35,81,59,0,0,1271,0,0,0
35,81,60,0,0,1271,0,0,0
35,81,61,0,0,1271,0,0,0
35,81,62,1,0,1271,0,0,0
35,81,63,1,0,1270,0,0,0
35,81,64,1,0,1269,0,0,0
35,81,65,0,0,1268,0,0,0
35,81,66,0,0,1268,0,0,0
35,81,67,0,0,1268,0,0,0
35,81,68,0,0,1268,0,0,0
35,81,69,0,0,1268,0,0,0
35,81,70,0,0,1268,0,0,0
35,81,71,0,0,1268,0,0,0
35,81,72,0,0,1268,0,0,0
35,81,73,0,0,1268,0,0,0
35,81,74,1,0,1268,0,0,0
35,81,75,2,0,1267,0,0,0
35,81,76,0,0,1265,0,0,0
35,81,77,0,0,1265,0,0,0
35,81,78,1,0,1265,0,0,0
35,81,79,1,0,1264,0,0,0
35,81,80,1,0,1263,0,0,0
35,81,81,0,0,1262,0,0,0
36,154,0,1,0,1500,1,0,1
36,154,1,10,0,1499,1,0,1
36,154,2,5,0,1489,1,0,1
36,154,3,2,0,1484,0,0,0
36,154,4,5,0,1482,0,0,0
36,154,5,2,0,1477,1,0,1
36,154,6,3,0,1475,1,0,1
36,154,7,2,0,1472,1,0,1
36,154,8,3,0,1470,0,0,0
36,154,9,1,0,1467,0,0,0
36,154,10,2,0,1466,0,0,0
36,154,11,3,0,1464,0,0,0
36,154,12,0,0,1461,0,0,0
36,154,13,0,0,1461,0,0,0
36,154,14,1,0,1461,0,0,0
36,154,15,3,0,1460,0,0,0
36,154,16,5,0,1457,0,0,0
36,154,17,2,0,1452,0,0,0
36,154,18,3,0,1450,0,0,0
36,154,19,0,0,1447,0,0,0
36,154,20,0,0,1447,0,0,0
36,154,21,0,0,1447,0,0,0
36,154,22,0,0,1447,0,0,0
36,154,23,0,0,1447,0,0,0
36,154,24,0,0,1447,0,0,0
36,154,25,1,0,1447,0,0,0
36,154,26,0,0,1446,0,0,0
36,154,27,0,0,1446,0,0,0
36,154,28,0,0,1446,0,0,0
36,154,29,0,0,1446,0,0,0
36,154,30,0,100,1446,0,0,0
36,154,31,0,0,1346,0,0,0
36,154,32,0,0,1346,0,0,0
36,154,33,0,0,1346,0,0,0
36,154,34,0,0,1346,0,0,0
36,154,35,0,0,1346,0,0,0
36,154,36,0,0,1346,0,0,0
36,154,37,0,0,1346,0,0,0
36,154,38,0,0,1346,0,0,0
36,154,39,0,0,1346,0,0,0
36,154,40,0,0,1346,0,0,0
36,154,41,1,0,1346,0,0,0
36,154,42,0,0,1345,0,0,0
36,154,43,0,0,1345,0,0,0
36,154,44,0,0,1345,0,0,0
36,154,45,0,0,1345,0,0,0
36,154,46,0,0,1345,0,0,0
36,154,47,0,0,1345,0,0,0
36,154,48,0,0,1345,0,0,0
36,154,49,0,0,1345,0,0,0
36,154,50,0,0,1345,0,0,0
36,154,51,0,0,1345,0,0,0
36,154,52,0,0,1345,0,0,0
36,154,53,0,0,1345,0,0,0
36,154,54,0,0,1345,1,1,0
36,154,55,0,0,1345,1,1,0
36,154,56,0,0,1345,1,1,0
36,154,57,1,0,1345,1,1,0
36,154,58,0,0,1344,0,0,0
36,154,59,0,0,1344,0,0,0
36,154,60,0,0,1344,0,0,0
36,154,61,0,0,1344,0,0,0
36,154,62,0,0,1344,0,0,0
36,154,63,0,0,1344,0,0,0
36,154,64,0,0,1344,0,0,0
36,154,65,0,0,1344,0,0,0
36,154,66,0,0,1344,0,0,0
36,154,67,0,0,1344,0,0,0
36,154,68,0,0,1344,0,0,0
36,154,69,0,0,1344,0,0,0
36,154,70,0,0,1344,0,0,0
36,154,71,1,0,1344,0,0,0
36,154,72,0,0,1343,0,0,0
36,154,73,0,0,1343,0,0,0
36,154,74,0,0,1343,1,0,1
36,154,75,0,0,1343,1,1,1
36,154,76,0,0,1343,1,1,1
36,154,77,0,0,1343,1,1,1
36,154,78,0,0,1343,1,0,1
36,154,79,0,0,1343,0,0,0
36,154,80,0,0,1343,0,0,0
36,154,81,0,0,1343,0,0,0
36,154,82,0,0,1343,0,0,0
36,154,83,0,0,1343,0,0,0
36,154,84,0,0,1343,0,0,0
36,154,85,0,0,1343,0,0,0
36,154,86,0,0,1343,0,0,0
36,154,87,0,0,1343,0,0,0
36,154,88,0,0,1343,0,0,0
36,154,89,0,0,1343,0,0,0
36,154,90,0,0,1343,0,0,0
36,154,91,0,0,1343,0,0,0
36,154,92,0,0,1343,0,0,0
36,154,93,0,0,1343,0,0,0
36,154,94,0,0,1343,0,0,0
36,154,95,0,0,1343,0,0,0
36,154,96,0,0,1343,0,0,0
36,154,97,0,0,1343,0,0,0
36,154,98,0,0,1343,0,0,0
36,154,99,0,0,1343,0,0,0
36,154,100,0,0,1343,0,0,0
36,154,101,0,0,1343,0,0,0
36,154,102,0,0,1343,0,0,0
36,154,103,0,0,1343,0,0,0
36,154,104,0,0,1343,0,0,0
36,154,105,0,0,1343,0,0,0
36,154,106,0,0,1343,0,0,0
36,154,107,0,0,1343,0,0,0
36,154,108,1,0,1343,0,0,0
36,154,109,0,0,1342,0,0,0
36,154,110,0,0,1342,0,0,0
36,154,111,0,0,1342,0,0,0
36,154,112,0,0,1342,0,0,0
36,154,113,0,0,1342,0,0,0
36,154,114,0,0,1342,0,0,0
36,154,115,0,0,1342,0,0,0
36,154,116,0,0,1342,0,0,0
36,154,117,0,0,1342,0,0,0
36,154,118,0,0,1342,0,0,0
36,154,119,0,0,1342,0,0,0
36,154,120,0,0,1342,0,0,0
36,154,121,0,0,1342,0,0,0
36,154,122,0,0,1342,0,0,0
36,154,123,0,0,1342,0,0,0
36,154,124,0,0,1342,0,0,0
36,154,125,0,0,1342,0,0,0
36,154,126,0,0,1342,0,0,0
36,154,127,0,0,1342,0,0,0
36,154,128,0,0,1342,0,0,0
36,154,129,0,250,1342,0,0,0
36,154,130,0,0,1092,0,0,0
36,154,131,0,0,1092,0,0,0
36,154,132,0,195,1092,0,0,0
36,154,133,0,0,897,0,0,0
36,154,134,0,0,897,0,0,0
36,154,135,0,230,897,0,0,0
36,154,136,1,0,667,0,0,0
36,154,137,0,0,666,0,0,0
36,154,138,0,255,666,0,0,0
36,154,139,0,0,411,0,0,0
36,154,140,0,0,411,0,0,0
36,154,141,0,105,411,0,0,0
36,154,142,0,0,306,0,0,0
36,154,143,0,140,306,0,0,0
36,154,144,0,32,166,0,0,0
36,154,145,0,0,134,0,0,0
36,154,146,0,0,134,0,0,0
36,154,147,0,37,134,0,0,0
36,154,148,0,0,97,0,0,0
36,154,149,1,0,97,0,0,0
36,154,150,0,0,96,0,0,0
36,154,151,0,0,96,0,0,0
36,154,152,0,89,96,0,0,0
36,154,153,0,0,7,0,0,0
36,154,154,0,0,7,0,0,0
37,149,0,1,0,1050,1,0,1
37,149,1,1,0,1049,1,0,1
37,149,2,1,0,1048,1,0,1
37,149,3,1,0,1047,1,0,1
37,149,4,1,0,1046,0,0,0
37,149,5,0,200,1045,0,0,0
37,149,6,0,0,845,0,0,0
37,149,7,0,0,845,0,0,0
37,149,8,0,0,845,0,0,0
37,149,9,0,0,845,0,0,0
37,149,10,0,0,845,0,0,0
37,149,11,0,0,845,0,0,0
37,149,12,0,0,845,0,0,0
37,149,13,0,0,845,0,0,0
37,149,14,0,0,845,0,0,0
37,149,15,0,0,845,0,0,0
37,149,16,0,0,845,0,0,0
37,149,17,1,0,845,0,0,0
37,149,18,0,0,844,0,0,0
37,149,19,0,0,844,0,0,0
37,149,20,1,0,844,1,1,0
37,149,21,0,0,843,1,1,0
37,149,22,0,0,843,0,0,0
37,149,23,0,0,843,0,0,0
37,149,24,0,0,843,0,0,0
37,149,25,1,0,843,0,0,0
37,149,26,0,0,842,1,1,0
37,149,27,0,0,842,1,1,0
37,149,28,0,0,842,0,0,0
37,149,29,0,0,842,0,0,0
37,149,30,5,0,842,0,0,0
37,149,31,0,0,837,0,0,0
37,149,32,0,0,837,0,0,0
37,149,33,0,0,837,0,0,0
37,149,34,10,0,837,1,1,0
37,149,35,30,0,827,1,1,0
37,149,36,26,0,797,1,1,0
37,149,37,8,0,771,1,1,0
37,149,38,25,0,763,1,1,0
37,149,39,10,0,738,1,1,0
37,149,40,15,0,728,1,1,0
37,149,41,31,0,713,0,0,0
37,149,42,2,0,682,0,0,0
37,149,43,3,0,680,1,1,0
37,149,44,1,0,677,1,1,0
37,149,45,1,0,676,1,1,0
37,149,46,2,0,675,1,1,0
37,149,47,1,0,673,1,1,0
37,149,48,1,0,672,1,1,0
37,149,49,2,0,671,0,0,0
37,149,50,1,0,669,0,0,0
37,149,51,1,0,668,0,0,0
37,149,52,3,0,667,0,0,0
37,149,53,1,0,664,0,0,0
37,149,54,2,0,663,0,0,0
37,149,55,1,0,661,0,0,0
37,149,56,1,0,660,0,0,0
37,149,57,1,0,659,0,0,0
37,149,58,0,0,658,0,0,0
37,149,59,0,0,658,0,0,0
37,149,60,0,0,658,0,0,0
37,149,61,0,0,658,0,0,0
37,149,62,0,0,658,0,0,0
37,149,63,0,0,658,0,0,0
37,149,64,0,0,658,0,0,0
37,149,65,0,0,658,0,0,0
37,149,66,0,0,658,0,0,0
37,149,67,0,0,658,0,0,0
37,149,68,0,0,658,0,0,0
37,149,69,0,0,658,0,0,0
37,149,70,0,0,658,0,0,0
37,149,71,1,0,658,0,0,0
37,149,72,0,0,657,0,0,0
37,149,73,0,0,657,0,0,0
37,149,74,0,0,657,0,0,0
37,149,75,0,0,657,0,0,0
37,149,76,0,0,657,0,0,0
37,149,77,0,0,657,0,0,0
37,149,78,0,0,657,0,0,0
37,149,79,0,0,657,0,0,0
37,149,80,0,0,657,0,0,0
37,149,81,0,0,657,0,0,0
37,149,82,1,0,657,0,0,0
37,149,83,1,0,656,0,0,0
37,149,84,0,0,655,0,0,0
37,149,85,0,0,655,0,0,0
37,149,86,0,0,655,0,0,0
37,149,87,0,0,655,0,0,0
37,149,88,0,0,655,0,0,0
37,149,89,0,0,655,0,0,0
37,149,90,0,0,655,0,0,0
37,149,91,0,0,655,0,0,0
37,149,92,0,0,655,0,0,0
37,149,93,0,0,655,0,0,0
37,149,94,0,0,655,0,0,0
37,149,95,0,0,655,0,0,0
37,149,96,0,0,655,0,0,0
37,149,97,0,0,655,0,0,0
37,149,98,0,0,655,0,0,0
37,149,99,0,0,655,0,0,0
37,149,100,0,0,655,0,0,0
37,149,101,0,0,655,0,0,0
37,149,102,0,0,655,0,0,0
37,149,103,0,0,655,0,0,0
37,149,104,0,0,655,0,0,0
37,149,105,0,0,655,0,0,0
37,149,106,1,0,655,0,0,0
37,149,107,0,0,654,0,0,0
37,149,108,0,0,654,0,0,0
37,149,109,1,0,654,0,0,0
37,149,110,0,0,653,0,0,0
37,149,111,0,0,653,0,0,0
37,149,112,0,0,653,0,0,0
37,149,113,0,0,653,0,0,0
37,149,114,0,0,653,0,0,0
37,149,115,0,238,653,0,0,0
37,149,116,0,0,415,0,0,0
37,149,117,1,0,415,0,0,0
37,149,118,0,0,414,0,0,0
37,149,119,1,0,414,0,0,0
37,149,120,0,0,413,0,0,0
37,149,121,0,0,413,0,0,0
37,149,122,0,146,413,0,0,0
37,149,123,0,0,267,0,0,0
37,149,124,0,0,267,0,0,0
37,149,125,0,0,267,0,0,0
37,149,126,0,146,267,0,0,0
37,149,127,0,0,121,0,0,0
37,149,128,1,0,121,0,0,0
37,149,129,0,0,120,0,0,0
37,149,130,0,0,120,0,0,0
37,149,131,0,0,120,0,0,0
37,149,132,0,0,120,0,0,0
37,149,133,0,0,120,0,0,0
37,149,134,0,0,120,0,0,0
37,149,135,0,0,120,0,0,0
37,149,136,0,0,120,0,0,0
37,149,137,0,0,120,0,0,0
37,149,138,0,100,120,0,0,0
37,149,139,0,0,20,0,0,0
37,149,140,0,0,20,0,0,0
37,149,141,0,0,20,0,0,0
37,149,142,0,0,20,0,0,0
37,149,143,0,0,20,0,0,0
37,149,144,0,0,20,0,0,0
37,149,145,0,0,20,0,0,0
37,149,146,0,0,20,0,0,0
37,149,147,0,0,20,0,0,0
37,149,148,0,0,20,0,0,0
38,148,0,0,0,2400,0,0,0
38,148,1,0,0,2400,0,0,0
38,148,2,0,0,2400,0,0,0
38,148,3,0,0,2400,0,0,0
38,148,4,3,0,2400,0,0,0
38,148,5,2,0,2397,0,0,0
38,148,6,2,0,2395,0,0,0
38,148,7,3,0,2393,0,0,0
38,148,8,0,0,2390,0,0,0
38,148,9,0,0,2390,0,0,0
38,148,10,0,0,2390,0,0,0
38,148,11,0,0,2390,0,0,0
38,148,12,1,0,2390,0,0,0
38,148,13,1,0,2389,0,0,0
38,148,14,2,0,2388,0,0,0
38,148,15,0,0,2386,0,0,0
38,148,16,0,0,2386,0,0,0
38,148,17,0,0,2386,0,0,0
38,148,18,0,0,2386,0,0,0
38,148,19,0,0,2386,0,0,0
38,148,20,0,0,2386,1,0,1
38,148,21,0,0,2386,1,0,1
38,148,22,1,0,2386,1,0,1
38,148,23,0,0,2385,0,0,0
38,148,24,0,0,2385,0,0,0
38,148,25,0,0,2385,0,0,0
38,148,26,2,0,2385,0,0,0
38,148,27,0,0,2383,0,0,0
38,148,28,0,0,2383,0,0,0
38,148,29,0,0,2383,0,0,0
38,148,30,0,0,2383,0,0,0
38,148,31,0,0,2383,0,0,0
38,148,32,0,0,2383,1,0,1
38,148,33,1,0,2383,1,0,1
38,148,34,1,0,2382,1,0,1
38,148,35,0,0,2381,0,0,0
38,148,36,0,0,2381,0,0,0
38,148,37,0,0,2381,0,0,0
38,148,38,0,0,2381,0,0,0
38,148,39,0,0,2381,0,0,0
38,148,40,0,0,2381,0,0,0
38,148,41,0,0,2381,0,0,0
38,148,42,0,0,2381,0,0,0
38,148,43,0,0,2381,0,0,0
38,148,44,0,0,2381,0,0,0
38,148,45,0,0,2381,0,0,0
38,148,46,0,0,2381,0,0,0
38,148,47,0,0,2381,0,0,0
38,148,48,1,0,2381,0,0,0
38,148,49,0,0,2380,0,0,0
38,148,50,0,0,2380,0,0,0
38,148,51,0,0,2380,0,0,0
38,148,52,2,0,2380,0,0,0
38,148,53,2,0,2378,0,0,0
38,148,54,1,0,2376,0,0,0
38,148,55,0,0,2375,0,0,0
38,148,56,2,0,2375,0,0,0
38,148,57,2,0,2373,0,0,0
38,148,58,1,0,2371,0,0,0
38,148,59,1,0,2370,0,0,0
38,148,60,1,0,2369,0,0,0
38,148,61,1,0,2368,0,0,0
38,148,62,0,0,2367,0,0,0
38,148,63,1,0,2367,0,0,0
38,148,64,1,0,2366,0,0,0
38,148,65,2,0,2365,0,0,0
38,148,66,2,0,2363,0,0,0
38,148,67,1,0,2361,0,0,0
38,148,68,1,0,2360,0,0,0
38,148,69,1,0,2359,0,0,0
38,148,70,1,0,2358,1,0,1
38,148,71,1,0,2357,1,0,1
38,148,72,1,0,2356,1,0,1
38,148,73,2,0,2355,1,0,1
38,148,74,0,0,2353,0,0,0
38,148,75,2,0,2353,0,0,0
38,148,76,2,0,2351,0,0,0
38,148,77,3,0,2349,0,0,0
38,148,78,1,0,2346,0,0,0
38,148,79,1,0,2345,0,0,0
38,148,80,1,0,2344,1,0,1
38,148,81,1,0,2343,1,0,1
38,148,82,0,0,2342,1,0,1
38,148,83,0,0,2342,1,0,1
38,148,84,0,0,2342,1,0,1
38,148,85,1,0,2342,0,0,0
38,148,86,1,0,2341,0,0,0
38,148,87,1,0,2340,0,0,0
38,148,88,1,0,2339,0,0,0
38,148,89,2,0,2338,0,0,0
38,148,90,2,0,2336,1,0,1
38,148,91,0,0,2334,1,0,1
38,148,92,0,0,2334,1,0,1
38,148,93,1,0,2334,1,0,1
38,148,94,1,0,2333,0,0,0
38,148,95,2,0,2332,0,0,0
38,148,96,1,0,2330,0,0,0
38,148,97,1,0,2329,0,0,0
38,148,98,0,0,2328,0,0,0
38,148,99,0,0,2328,0,0,0
38,148,100,0,0,2328,0,0,0
38,148,101,1,0,2328,0,0,0
38,148,102,0,0,2327,0,0,0
38,148,103,0,0,2327,0,0,0
38,148,104,0,0,2327,0,0,0
38,148,105,0,0,2327,0,0,0
38,148,106,0,0,2327,0,0,0
38,148,107,0,0,2327,0,0,0
38,148,108,0,0,2327,0,0,0
38,148,109,0,0,2327,0,0,0
38,148,110,2,0,2327,0,0,0
38,148,111,1,0,2325,0,0,0
38,148,112,1,0,2324,0,0,0
38,148,113,0,0,2323,0,0,0
38,148,114,0,0,2323,0,0,0
38,148,115,0,0,2323,0,0,0
38,148,116,0,0,2323,0,0,0
38,148,117,1,0,2323,0,0,0
38,148,118,1,0,2322,0,0,0
38,148,119,2,0,2321,0,0,0
38,148,120,0,0,2319,0,0,0
38,148,121,0,0,2319,0,0,0
38,148,122,0,0,2319,0,0,0
38,148,123,0,0,2319,0,0,0
38,148,124,0,0,2319,0,0,0
38,148,125,0,0,2319,0,0,0
38,148,126,2,0,2319,0,0,0
38,148,127,0,0,2317,0,0,0
38,148,128,0,0,2317,0,0,0
38,148,129,0,0,2317,0,0,0
38,148,130,0,0,2317,0,0,0
38,148,131,0,0,2317,0,0,0
38,148,132,0,0,2317,0,0,0
38,148,133,0,0,2317,0,0,0
38,148,134,0,400,2317,0,0,0
38,148,135,0,400,1917,0,0,0
38,148,136,0,400,1517,0,0,0
38,148,137,0,0,1117,0,0,0
38,148,138,0,400,1117,0,0,0
38,148,139,0,400,717,0,0,0
38,148,140,0,317,317,0,0,0
38,148,141,0,0,0,0,0,0
38,148,142,0,0,0,0,0,0
38,148,143,0,0,0,0,0,0
38,148,144,0,0,0,0,0,0
38,148,145,0,0,0,0,0,0
38,148,146,0,0,0,0,0,0
38,148,147,0,0,0,0,0,0
39,147,0,5,0,3000,1,0,1
39,147,1,3,0,2995,1,0,1
39,147,2,2,0,2992,1,0,1
39,147,3,0,0,2990,0,0,0
39,147,4,0,0,2990,0,0,0
39,147,5,10,0,2990,0,0,0
39,147,6,0,0,2980,1,0,1
39,147,7,10,0,2980,1,0,1
39,147,8,0,0,2970,1,0,1
39,147,9,0,0,2970,0,0,0
39,147,10,0,0,2970,0,0,0
39,147,11,0,0,2970,0,0,0
39,147,12,5,0,2970,0,0,0
39,147,13,1,0,2965,0,0,0
39,147,14,2,0,2964,0,0,0
39,147,15,2,0,2962,0,0,0
39,147,16,0,0,2960,0,0,0
39,147,17,0,0,2960,0,0,0
39,147,18,0,0,2960,0,0,0
39,147,19,2,0,2960,0,0,0
39,147,20,1,0,2958,0,0,0
39,147,21,2,0,2957,0,0,0
39,147,22,1,0,2955,0,0,0
39,147,23,3,0,2954,1,1,0
39,147,24,0,0,2951,1,1,0
39,147,25,0,0,2951,1,1,0
39,147,26,0,0,2951,1,1,0
39,147,27,0,0,2951,0,0,0
39,147,28,0,0,2951,0,0,0
39,147,29,1,0,2951,0,0,0
39,147,30,0,0,2950,0,0,0
39,147,31,0,0,2950,0,0,0
39,147,32,0,0,2950,0,0,0
39,147,33,0,0,2950,0,0,0
39,147,34,0,0,2950,0,0,0
39,147,35,10,0,2950,0,0,0
39,147,36,20,0,2940,0,0,0
39,147,37,9,0,2920,0,0,0
39,147,38,15,0,2911,0,0,0
39,147,39,21,0,2896,0,0,0
39,147,40,7,0,2875,1,1,0
39,147,41,10,0,2868,1,1,0
39,147,42,5,0,2858,1,1,0
39,147,43,6,0,2853,1,1,0
39,147,44,2,0,2847,0,0,0
39,147,45,1,0,2845,0,0,0
39,147,46,3,0,2844,0,0,0
39,147,47,1,0,2841,0,0,0
39,147,48,1,0,2840,0,0,0
39,147,49,0,0,2839,0,0,0
39,147,50,0,0,2839,0,0,0
39,147,51,1,0,2839,0,0,0
39,147,52,0,0,2838,0,0,0
39,147,53,0,0,2838,0,0,0
39,147,54,1,0,2838,0,0,0
39,147,55,3,0,2837,0,0,0
39,147,56,1,0,2834,0,0,0
39,147,57,2,0,2833,0,0,0
39,147,58,0,0,2831,0,0,0
39,147,59,0,0,2831,0,0,0
39,147,60,1,0,2831,0,0,0
39,147,61,5,0,2830,0,0,0
39,147,62,0,0,2825,0,0,0
39,147,63,0,0,2825,0,0,0
39,147,64,0,0,2825,0,0,0
39,147,65,1,0,2825,0,0,0
39,147,66,0,0,2824,0,0,0
39,147,67,0,0,2824,0,0,0
39,147,68,10,0,2824,0,0,0
39,147,69,17,0,2814,0,0,0
39,147,70,16,0,2797,0,0,0
39,147,71,10,0,2781,0,0,0
39,147,72,9,0,2771,1,1,0
39,147,73,22,0,2762,1,1,0
39,147,74,4,0,2740,1,1,0
39,147,75,3,0,2736,1,1,0
39,147,76,2,0,2733,1,1,0
39,147,77,1,0,2731,1,1,0
39,147,78,3,0,2730,1,1,0
39,147,79,1,0,2727,1,1,0
39,147,80,0,0,2726,0,0,0
39,147,81,0,0,2726,0,0,0
39,147,82,3,0,2726,0,0,0
39,147,83,0,0,2723,0,0,0
39,147,84,1,0,2723,0,0,0
39,147,85,0,0,2722,0,0,0
39,147,86,0,0,2722,0,0,0
39,147,87,0,0,2722,0,0,0
39,147,88,0,0,2722,0,0,0
39,147,89,0,0,2722,0,0,0
39,147,90,0,0,2722,0,0,0
39,147,91,0,0,2722,0,0,0
39,147,92,0,0,2722,0,0,0
39,147,93,2,0,2722,0,0,0
39,147,94,1,0,2720,0,0,0
39,147,95,0,0,2719,0,0,0
39,147,96,0,0,2719,0,0,0
39,147,97,0,0,2719,0,0,0
39,147,98,0,0,2719,0,0,0
39,147,99,0,0,2719,0,0,0
39,147,100,0,0,2719,0,0,0
39,147,101,0,0,2719,0,0,0
39,147,102,0,0,2719,0,0,0
39,147,103,0,0,2719,0,0,0
39,147,104,0,0,2719,0,0,0
39,147,105,0,0,2719,0,0,0
39,147,106,0,0,2719,0,0,0
39,147,107,0,0,2719,0,0,0
39,147,108,1,0,2719,0,0,0
39,147,109,0,0,2718,0,0,0
39,147,110,0,0,2718,0,0,0
39,147,111,0,0,2718,0,0,0
39,147,112,1,0,2718,0,0,0
39,147,113,0,0,2717,0,0,0
39,147,114,0,0,2717,0,0,0
39,147,115,0,0,2717,0,0,0
39,147,116,0,0,2717,0,0,0
39,147,117,2,0,2717,0,0,0
39,147,118,0,0,2715,0,0,0
39,147,119,0,0,2715,0,0,0
39,147,120,0,0,2715,0,0,0
39,147,121,0,0,2715,0,0,0
39,147,122,1,0,2715,0,0,0
39,147,123,0,0,2714,0,0,0
39,147,124,0,0,2714,0,0,0
39,147,125,0,0,2714,0,0,0
39,147,126,0,0,2714,0,0,0
39,147,127,0,418,2714,0,0,0
39,147,128,1,438,2296,0,0,0
39,147,129,0,250,1857,0,0,0
39,147,130,0,1141,1607,0,0,0
39,147,131,0,250,466,0,0,0
39,147,132,0,188,216,0,0,0
39,147,133,1,0,28,0,0,0
39,147,134,0,0,27,0,0,0
39,147,135,0,0,27,0,0,0
39,147,136,0,0,27,0,0,0
39,147,137,0,0,27,0,0,0
39,147,138,0,0,27,0,0,0
39,147,139,0,0,27,0,0,0
39,147,140,0,0,27,0,0,0
39,147,141,0,0,27,0,0,0
39,147,142,0,0,27,0,0,0
39,147,143,0,0,27,0,0,0
39,147,144,0,0,27,0,0,0
39,147,145,0,0,27,0,0,0
39,147,146,0,0,27,0,0,0
40,144,0,0,0,1000,0,0,0
40,144,1,1,0,1000,1,1,0
40,144,2,1,0,999,1,1,0
40,144,3,1,0,998,1,1,0
40,144,4,1,0,997,0,0,0
40,144,5,1,0,996,0,0,0
40,144,6,0,0,995,0,0,0
40,144,7,0,0,995,0,0,0
40,144,8,0,0,995,0,0,0
40,144,9,0,0,995,0,0,0
40,144,10,0,0,995,0,0,0
40,144,11,0,0,995,0,0,0
40,144,12,1,0,995,0,0,0
40,144,13,0,0,994,0,0,0
40,144,14,0,0,994,0,0,0
40,144,15,0,0,994,0,0,0
40,144,16,0,0,994,0,0,0
40,144,17,0,0,994,0,0,0
40,144,18,0,0,994,0,0,0
40,144,19,1,0,994,0,0,0
40,144,20,0,0,993,0,0,0
40,144,21,0,0,993,0,0,0
40,144,22,0,0,993,0,0,0
40,144,23,0,0,993,1,0,1
40,144,24,2,0,993,1,0,1
40,144,25,0,0,991,1,0,1
40,144,26,0,0,991,1,0,1
40,144,27,0,0,991,0,0,0
40,144,28,0,0,991,1,0,1
40,144,29,0,0,991,1,0,1
40,144,30,0,0,991,1,0,1
40,144,31,1,0,991,0,0,0
40,144,32,1,0,990,0,0,0
40,144,33,2,0,989,0,0,0
40,144,34,1,0,987,0,0,0
40,144,35,1,0,986,0,0,0
40,144,36,0,0,985,0,0,0
40,144,37,1,0,985,0,0,0
40,144,38,1,0,984,0,0,0
40,144,39,0,0,983,1,0,1
40,144,40,1,0,983,1,0,1
40,144,41,1,0,982,1,0,1
40,144,42,1,0,981,1,0,1
40,144,43,0,0,980,1,0,1
40,144,44,2,0,980,0,0,0
40,144,45,0,0,978,0,0,0
40,144,46,1,0,978,0,0,0
40,144,47,0,0,977,1,0,1
40,144,48,1,0,977,1,0,1
40,144,49,0,0,976,1,0,1
40,144,50,1,0,976,1,0,1
40,144,51,0,0,975,0,0,0
40,144,52,1,0,975,0,0,0
40,144,53,1,0,974,0,0,0
40,144,54,2,0,973,0,0,0
40,144,55,0,0,971,0,0,0
40,144,56,1,0,971,0,0,0
40,144,57,0,0,970,0,0,0
40,144,58,2,0,970,0,0,0
40,144,59,0,0,968,0,0,0
40,144,60,1,0,968,0,0,0
40,144,61,1,0,967,0,0,0
40,144,62,0,0,966,0,0,0
40,144,63,2,0,966,0,0,0
40,144,64,1,0,964,0,0,0
40,144,65,0,0,963,0,0,0
40,144,66,1,0,963,0,0,0
40,144,67,1,0,962,0,0,0
40,144,68,1,0,961,0,0,0
40,144,69,0,0,960,0,0,0
40,144,70,0,0,960,0,0,0
40,144,71,1,0,960,0,0,0
40,144,72,0,0,959,0,0,0
40,144,73,2,0,959,0,0,0
40,144,74,1,0,957,1,1,0
40,144,75,0,0,956,1,1,0
40,144,76,0,0,956,1,1,0
40,144,77,1,0,956,0,0,0
40,144,78,0,0,955,0,0,0
40,144,79,1,0,955,0,0,0
40,144,80,0,0,954,0,0,0
40,144,81,0,0,954,0,0,0
40,144,82,0,0,954,0,0,0
40,144,83,1,0,954,0,0,0
40,144,84,0,0,953,0,0,0
40,144,85,1,0,953,0,0,0
40,144,86,1,0,952,0,0,0
40,144,87,0,0,951,0,0,0
40,144,88,0,0,951,0,0,0
40,144,89,2,0,951,1,0,1
40,144,90,0,0,949,1,0,1
40,144,91,0,0,949,1,0,1
40,144,92,1,0,949,0,0,0
40,144,93,1,0,948,0,0,0
40,144,94,1,0,947,1,1,0
40,144,95,1,0,946,0,0,0
40,144,96,1,0,945,1,1,0
40,144,97,0,0,944,0,0,0
40,144,98,0,0,944,0,0,0
40,144,99,0,0,944,0,0,0
40,144,100,0,0,944,0,0,0
40,144,101,0,0,944,0,0,0
40,144,102,0,0,944,0,0,0
40,144,103,0,0,944,0,0,0
40,144,104,1,0,944,0,0,0
40,144,105,0,0,943,0,0,0
40,144,106,0,0,943,0,0,0
40,144,107,0,0,943,0,0,0
40,144,108,0,0,943,0,0,0
40,144,109,0,0,943,0,0,0
40,144,110,2,0,943,0,0,0
40,144,111,0,0,941,0,0,0
40,144,112,0,0,941,0,0,0
40,144,113,0,0,941,0,0,0
40,144,114,0,0,941,0,0,0
40,144,115,0,0,941,0,0,0
40,144,116,1,0,941,0,0,0
40,144,117,0,0,940,0,0,0
40,144,118,0,0,940,0,0,0
40,144,119,0,0,940,0,0,0
40,144,120,0,0,940,0,0,0
40,144,121,0,0,940,0,0,0
40,144,122,0,0,940,0,0,0
40,144,123,0,0,940,0,0,0
40,144,124,0,0,940,0,0,0
40,144,125,0,0,940,0,0,0
40,144,126,0,0,940,0,0,0
40,144,127,1,0,940,0,0,0
40,144,128,0,0,939,0,0,0
40,144,129,0,0,939,0,0,0
40,144,130,0,0,939,0,0,0
40,144,131,0,0,939,0,0,0
40,144,132,0,0,939,0,0,0
40,144,133,0,0,939,0,0,0
40,144,134,0,209,939,0,0,0
40,144,135,0,0,730,0,0,0
40,144,136,0,430,730,0,0,0
40,144,137,0,0,300,0,0,0
40,144,138,0,0,300,0,0,0
40,144,139,0,260,300,0,0,0
40,144,140,0,0,40,0,0,0
40,144,141,0,0,40,0,0,0
40,144,142,0,0,40,0,0,0
40,144,143,0,0,40,0,0,0
41,146,0,0,0,1800,1,0,1
41,146,1,0,0,1800,1,0,1
41,146,2,3,0,1800,1,0,1
41,146,3,3,0,1797,1,0,1
41,146,4,3,0,1794,1,0,1
41,146,5,3,0,1791,0,0,0
41,146,6,0,0,1788,1,0,1
41,146,7,0,0,1788,1,0,1
41,146,8,2,0,1788,1,0,1
41,146,9,0,0,1786,0,0,0
41,146,10,0,0,1786,0,0,0
41,146,11,0,0,1786,0,0,0
41,146,12,1,0,1786,0,0,0
41,146,13,1,0,1785,0,0,0
41,146,14,1,0,1784,0,0,0
41,146,15,2,0,1783,0,0,0
41,146,16,1,0,1781,0,0,0
41,146,17,0,0,1780,0,0,0
41,146,18,1,0,1780,0,0,0
41,146,19,0,0,1779,0,0,0
41,146,20,1,0,1779,1,0,1
41,146,21,0,0,1778,1,0,1
41,146,22,2,0,1778,1,0,1
41,146,23,1,0,1776,1,0,1
41,146,24,0,0,1775,0,0,0
41,146,25,0,0,1775,0,0,0
41,146,26,0,0,1775,0,0,0
41,146,27,0,0,1775,0,0,0
41,146,28,0,0,1775,0,0,0
41,146,29,1,0,1775,0,0,0
41,146,30,0,0,1774,0,0,0
41,146,31,0,0,1774,0,0,0
41,146,32,0,0,1774,0,0,0
41,146,33,0,0,1774,0,0,0
41,146,34,1,0,1774,1,0,1
41,146,35,0,0,1773,1,0,1
41,146,36,0,0,1773,1,0,1
41,146,37,0,0,1773,0,0,0
41,146,38,0,0,1773,0,0,0
41,146,39,0,0,1773,0,0,0
41,146,40,2,0,1773,0,0,0
41,146,41,0,0,1771,0,0,0
41,146,42,1,0,1771,0,0,0
41,146,43,0,0,1770,0,0,0
41,146,44,1,0,1770,1,0,1
41,146,45,1,0,1769,1,0,1
41,146,46,2,0,1768,1,0,1
41,146,47,0,0,1766,1,0,1
41,146,48,0,0,1766,0,0,0
41,146,49,0,0,1766,0,0,0
41,146,50,1,0,1766,0,0,0
41,146,51,0,0,1765,0,0,0
41,146,52,0,0,1765,0,0,0
41,146,53,0,0,1765,0,0,0
41,146,54,1,0,1765,0,0,0
41,146,55,2,0,1764,0,0,0
41,146,56,1,0,1762,0,0,0
41,146,57,1,0,1761,0,0,0
41,146,58,1,0,1760,1,0,1
41,146,59,1,0,1759,1,0,1
41,146,60,0,0,1758,1,0,1
41,146,61,0,0,1758,1,0,1
41,146,62,1,0,1758,0,0,0
41,146,63,0,0,1757,1,0,1
41,146,64,1,0,1757,1,0,1
41,146,65,0,0,1756,1,0,1
41,146,66,0,0,1756,1,0,1
41,146,67,0,0,1756,0,0,0
41,146,68,1,0,1756,0,0,0
41,146,69,1,0,1755,0,0,0
41,146,70,2,0,1754,0,0,0
41,146,71,1,0,1752,0,0,0
41,146,72,0,0,1751,0,0,0
41,146,73,1,0,1751,1,0,1
41,146,74,0,0,1750,1,0,1
41,146,75,0,0,1750,1,0,1
41,146,76,3,0,1750,1,0,1
41,146,77,1,0,1747,1,0,1
41,146,78,0,0,1746,1,0,1
41,146,79,1,0,1746,0,0,0
41,146,80,0,0,1745,0,0,0
41,146,81,0,0,1745,0,0,0
41,146,82,0,0,1745,0,0,0
41,146,83,0,0,1745,1,0,1
41,146,84,3,0,1745,1,0,1
41,146,85,2,0,1742,1,0,1
41,146,86,1,0,1740,1,0,1
41,146,87,1,0,1739,1,0,1
41,146,88,1,0,1738,1,0,1
41,146,89,2,0,1737,1,0,1
41,146,90,0,0,1735,0,0,0
41,146,91,0,0,1735,0,0,0
41,146,92,0,0,1735,0,0,0
41,146,93,0,0,1735,0,0,0
41,146,94,0,0,1735,0,0,0
41,146,95,0,0,1735,0,0,0
41,146,96,0,0,1735,0,0,0
41,146,97,0,0,1735,0,0,0
41,146,98,0,0,1735,0,0,0
41,146,99,0,0,1735,0,0,0
41,146,100,0,0,1735,0,0,0
41,146,101,0,200,1735,0,0,0
41,146,102,0,200,1535,0,0,0
41,146,103,0,0,1335,0,0,0
41,146,104,0,0,1335,0,0,0
41,146,105,0,0,1335,0,0,0
41,146,106,0,0,1335,0,0,0
41,146,107,1,0,1335,0,0,0
41,146,108,1,0,1334,0,0,0
41,146,109,0,0,1333,0,0,0
41,146,110,0,0,1333,0,0,0
41,146,111,1,0,1333,0,0,0
41,146,112,0,0,1332,0,0,0
41,146,113,1,0,1332,0,0,0
41,146,114,1,0,1331,0,0,0
41,146,115,1,0,1330,0,0,0
41,146,116,0,0,1329,0,0,0
41,146,117,0,0,1329,0,0,0
41,146,118,0,0,1329,0,0,0
41,146,119,0,0,1329,0,0,0
41,146,120,0,0,1329,0,0,0
41,146,121,0,0,1329,0,0,0
41,146,122,0,0,1329,0,0,0
41,146,123,1,0,1329,0,0,0
41,146,124,0,0,1328,0,0,0
41,146,125,0,0,1328,0,0,0
41,146,126,0,0,1328,0,0,0
41,146,127,0,0,1328,0,0,0
41,146,128,0,0,1328,0,0,0
41,146,129,0,0,1328,0,0,0
41,146,130,0,0,1328,0,0,0
41,146,131,0,0,1328,0,0,0
41,146,132,0,0,1328,0,0,0
41,146,133,0,500,1328,0,0,0
41,146,134,0,388,828,0,0,0
41,146,135,0,388,440,0,0,0
41,146,136,0,0,52,0,0,0
41,146,137,0,0,52,0,0,0
41,146,138,0,0,52,0,0,0
41,146,139,0,0,52,0,0,0
41,146,140,0,0,52,0,0,0
41,146,141,0,0,52,0,0,0
41,146,142,0,0,52,0,0,0
41,146,143,0,0,52,0,0,0
41,146,144,0,0,52,0,0,0
41,146,145,0,0,52,0,0,0
42,152,0,0,0,1550,0,0,0
42,152,1,0,0,1550,0,0,0
42,152,2,3,0,1550,0,0,0
42,152,3,0,0,1547,0,0,0
42,152,4,0,0,1547,0,0,0
42,152,5,0,0,1547,0,0,0
42,152,6,0,0,1547,0,0,0
42,152,7,0,0,1547,0,0,0
42,152,8,0,0,1547,0,0,0
42,152,9,0,0,1547,0,0,0
42,152,10,0,0,1547,0,0,0
42,152,11,0,0,1547,0,0,0
42,152,12,0,0,1547,0,0,0
42,152,13,0,0,1547,0,0,0
42,152,14,5,0,1547,0,0,0
42,152,15,3,0,1542,0,0,0
42,152,16,5,0,1539,0,0,0
42,152,17,2,0,1534,0,0,0
42,152,18,0,0,1532,0,0,0
42,152,19,0,0,1532,0,0,0
42,152,20,0,0,1532,0,0,0
42,152,21,0,0,1532,0,0,0
42,152,22,0,0,1532,0,0,0
42,152,23,5,0,1532,0,0,0
42,152,24,0,0,1527,0,0,0
42,152,25,0,0,1527,0,0,0
42,152,26,0,0,1527,0,0,0
42,152,27,0,0,1527,0,0,0
42,152,28,0,0,1527,0,0,0
42,152,29,0,0,1527,0,0,0
42,152,30,0,0,1527,0,0,0
42,152,31,0,0,1527,0,0,0
42,152,32,0,0,1527,0,0,0
42,152,33,0,0,1527,0,0,0
42,152,34,0,0,1527,0,0,0
42,152,35,0,0,1527,0,0,0
42,152,36,0,0,1527,0,0,0
42,152,37,5,0,1527,0,0,0
42,152,38,0,0,1522,0,0,0
42,152,39,0,0,1522,0,0,0
42,152,40,3,0,1522,0,0,0
42,152,41,0,0,1519,0,0,0
42,152,42,2,0,1519,0,0,0
42,152,43,0,0,1517,0,0,0
42,152,44,0,0,1517,0,0,0
42,152,45,0,0,1517,0,0,0
42,152,46,0,0,1517,0,0,0
42,152,47,0,0,1517,0,0,0
42,152,48,5,0,1517,0,0,0
42,152,49,0,0,1512,0,0,0
42,152,50,0,0,1512,0,0,0
42,152,51,0,0,1512,0,0,0
42,152,52,0,0,1512,0,0,0
42,152,53,0,0,1512,0,0,0
42,152,54,0,0,1512,0,0,0
42,152,55,0,0,1512,0,0,0
42,152,56,0,0,1512,0,0,0
42,152,57,0,0,1512,0,0,0
42,152,58,0,0,1512,0,0,0
42,152,59,0,0,1512,0,0,0
42,152,60,0,0,1512,0,0,0
42,152,61,0,0,1512,1,1,0
42,152,62,0,0,1512,1,1,0
42,152,63,5,0,1512,1,1,0
42,152,64,0,0,1507,1,1,0
42,152,65,0,0,1507,1,1,0
42,152,66,0,0,1507,0,0,0
42,152,67,0,0,1507,0,0,0
42,152,68,0,0,1507,0,0,0
42,152,69,10,0,1507,0,0,0
42,152,70,0,0,1497,0,0,0
42,152,71,0,0,1497,0,0,0
42,152,72,0,0,1497,0,0,0
42,152,73,0,0,1497,0,0,0
42,152,74,0,0,1497,0,0,0
42,152,75,0,0,1497,0,0,0
42,152,76,0,100,1497,0,0,0
42,152,77,0,0,1397,0,0,0
42,152,78,0,0,1397,0,0,0
42,152,79,0,0,1397,0,0,0
42,152,80,0,0,1397,0,0,0
42,152,81,0,0,1397,0,0,0
42,152,82,0,0,1397,0,0,0
42,152,83,0,0,1397,0,0,0
42,152,84,0,0,1397,0,0,0
42,152,85,0,0,1397,0,0,0
42,152,86,0,0,1397,0,0,0
42,152,87,0,0,1397,0,0,0
42,152,88,0,0,1397,0,0,0
42,152,89,0,0,1397,0,0,0
42,152,90,0,0,1397,0,0,0
42,152,91,0,0,1397,0,0,0
42,152,92,0,0,1397,0,0,0
42,152,93,0,0,1397,0,0,0
42,152,94,0,0,1397,0,0,0
42,152,95,0,0,1397,0,0,0
42,152,96,10,0,1397,0,0,0
42,152,97,0,0,1387,0,0,0
42,152,98,0,0,1387,0,0,0
42,152,99,0,0,1387,0,0,0
42,152,100,0,0,1387,0,0,0
42,152,101,0,0,1387,0,0,0
42,152,102,0,0,1387,0,0,0
42,152,103,1,0,1387,0,0,0
42,152,104,0,0,1386,0,0,0
42,152,105,0,0,1386,0,0,0
42,152,106,0,0,1386,0,0,0
42,152,107,1,0,1386,0,0,0
42,152,108,1,0,1385,0,0,0
42,152,109,1,0,1384,0,0,0
42,152,110,0,0,1383,0,0,0
42,152,111,0,0,1383,0,0,0
42,152,112,1,0,1383,0,0,0
42,152,113,0,0,1382,0,0,0
42,152,114,1,0,1382,0,0,0
42,152,115,1,0,1381,0,0,0
42,152,116,1,0,1380,0,0,0
42,152,117,1,0,1379,0,0,0
42,152,118,0,0,1378,0,0,0
42,152,119,0,0,1378,0,0,0
42,152,120,0,0,1378,0,0,0
42,152,121,1,0,1378,0,0,0
42,152,122,1,0,1377,0,0,0
42,152,123,0,0,1376,0,0,0
42,152,124,0,0,1376,0,0,0
42,152,125,0,0,1376,0,0,0
42,152,126,1,0,1376,0,0,0
42,152,127,1,0,1375,0,0,0
42,152,128,1,0,1374,0,0,0
42,152,129,1,0,1373,0,0,0
42,152,130,1,0,1372,0,0,0
42,152,131,1,0,1371,0,0,0
42,152,132,1,220,1370,0,0,0
42,152,133,1,0,1149,0,0,0
42,152,134,0,0,1148,0,0,0
42,152,135,0,0,1148,0,0,0
42,152,136,0,0,1148,0,0,0
42,152,137,0,50,1148,0,0,0
42,152,138,0,0,1098,0,0,0
42,152,139,0,0,1098,0,0,0
42,152,140,0,0,1098,0,0,0
42,152,141,0,0,1098,0,0,0
42,152,142,0,0,1098,0,0,0
42,152,143,0,0,1098,0,0,0
42,152,144,0,148,1098,0,0,0
42,152,145,0,0,950,0,0,0
42,152,146,0,0,950,0,0,0
42,152,147,0,0,950,0,0,0
42,152,148,0,232,950,0,0,0
42,152,149,0,619,718,0,0,0
42,152,150,0,80,99,0,0,0
42,152,151,0,0,19,0,0,0
43,147,0,1,0,1020,1,0,1
43,147,1,0,0,1019,1,0,1
43,147,2,0,0,1019,1,0,1
43,147,3,0,0,1019,0,0,0
43,147,4,12,0,1019,0,0,0
43,147,5,0,0,1007,0,0,0
43,147,6,0,0,1007,0,0,0
43,147,7,0,0,1007,1,0,1
43,147,8,0,0,1007,1,0,1
43,147,9,5,0,1007,1,0,1
43,147,10,1,0,1002,0,0,0
43,147,11,0,0,1001,0,0,0
43,147,12,0,0,1001,0,0,0
43,147,13,4,0,1001,0,0,0
43,147,14,0,0,997,0,0,0
43,147,15,0,0,997,0,0,0
43,147,16,0,0,997,0,0,0
43,147,17,7,0,997,0,0,0
43,147,18,1,0,990,0,0,0
43,147,19,2,0,989,0,0,0
43,147,20,0,0,987,0,0,0
43,147,21,0,0,987,0,0,0
43,147,22,0,0,987,0,0,0
43,147,23,2,0,987,0,0,0
43,147,24,2,0,985,0,0,0
43,147,25,2,0,983,0,0,0
43,147,26,1,0,981,0,0,0
43,147,27,1,0,980,0,0,0
43,147,28,1,0,979,1,0,1
43,147,29,0,0,978,1,0,1
43,147,30,0,0,978,0,0,0
43,147,31,0,0,978,0,0,0
43,147,32,1,0,978,0,0,0
43,147,33,2,0,977,0,0,0
43,147,34,0,0,975,0,0,0
43,147,35,0,0,975,0,0,0
43,147,36,0,0,975,0,0,0
43,147,37,0,0,975,0,0,0
43,147,38,0,0,975,0,0,0
43,147,39,0,0,975,0,0,0
43,147,40,1,0,975,0,0,0
43,147,41,2,0,974,0,0,0
43,147,42,1,0,972,0,0,0
43,147,43,2,0,971,0,0,0
43,147,44,3,0,969,0,0,0
43,147,45,1,0,966,0,0,0
43,147,46,1,0,965,0,0,0
43,147,47,0,0,964,0,0,0
43,147,48,0,0,964,0,0,0
43,147,49,1,0,964,0,0,0
43,147,50,2,0,963,0,0,0
43,147,51,2,0,961,0,0,0
43,147,52,1,0,959,0,0,0
43,147,53,1,0,958,0,0,0
43,147,54,2,0,957,0,0,0
43,147,55,0,0,955,0,0,0
43,147,56,1,0,955,0,0,0
43,147,57,0,0,954,0,0,0
43,147,58,1,0,954,0,0,0
43,147,59,1,0,953,0,0,0
43,147,60,0,0,952,0,0,0
43,147,61,0,0,952,0,0,0
43,147,62,1,0,952,0,0,0
43,147,63,1,0,951,0,0,0
43,147,64,2,0,950,0,0,0
43,147,65,2,0,948,0,0,0
43,147,66,1,0,946,0,0,0
43,147,67,0,0,945,0,0,0
43,147,68,3,0,945,0,0,0
43,147,69,2,0,942,0,0,0
43,147,70,2,0,940,0,0,0
43,147,71,2,0,938,0,0,0
43,147,72,1,0,936,0,0,0
43,147,73,1,0,935,0,0,0
43,147,74,1,0,934,0,0,0
43,147,75,0,0,933,0,0,0
43,147,76,0,0,933,0,0,0
43,147,77,0,0,933,0,0,0
43,147,78,2,0,933,0,0,0
43,147,79,1,0,931,1,1,0
43,147,80,1,0,930,1,1,0
43,147,81,1,0,929,1,1,0
43,147,82,3,0,928,1,1,0
43,147,83,1,0,925,1,1,0
43,147,84,2,0,924,0,0,0
43,147,85,0,0,922,0,0,0
43,147,86,0,0,922,0,0,0
43,147,87,0,0,922,0,0,0
43,147,88,1,0,922,0,0,0
43,147,89,0,0,921,1,0,1
43,147,90,1,0,921,1,0,1
43,147,91,0,0,920,1,0,1
43,147,92,1,0,920,1,0,1
43,147,93,1,0,919,0,0,0
43,147,94,1,0,918,1,0,1
43,147,95,1,0,917,1,0,1
43,147,96,2,0,916,1,0,1
43,147,97,1,0,914,1,0,1
43,147,98,0,0,913,0,0,0
43,147,99,0,0,913,0,0,0
43,147,100,1,0,913,0,0,0
43,147,101,2,0,912,0,0,0
43,147,102,1,0,910,0,0,0
43,147,103,0,0,909,0,0,0
43,147,104,2,0,909,0,0,0
43,147,105,2,0,907,0,0,0
43,147,106,0,0,905,0,0,0
43,147,107,0,0,905,0,0,0
43,147,108,0,0,905,0,0,0
43,147,109,1,0,905,0,0,0
43,147,110,0,0,904,0,0,0
43,147,111,0,0,904,0,0,0
43,147,112,0,0,904,0,0,0
43,147,113,0,0,904,0,0,0
43,147,114,0,0,904,0,0,0
43,147,115,0,0,904,0,0,0
43,147,116,0,0,904,0,0,0
43,147,117,0,0,904,0,0,0
43,147,118,0,0,904,0,0,0
43,147,119,0,0,904,0,0,0
43,147,120,0,0,904,0,0,0
43,147,121,0,0,904,0,0,0
43,147,122,0,0,904,0,0,0
43,147,123,0,0,904,0,0,0
43,147,124,0,0,904,0,0,0
43,147,125,0,0,904,0,0,0
43,147,126,0,300,904,0,0,0
43,147,127,0,100,604,0,0,0
43,147,128,0,50,504,0,0,0
43,147,129,0,150,454,0,0,0
43,147,130,0,0,304,0,0,0
43,147,131,0,0,304,0,0,0
43,147,132,0,0,304,0,0,0
43,147,133,0,0,304,0,0,0
43,147,134,0,0,304,0,0,0
43,147,135,0,0,304,0,0,0
43,147,136,0,60,304,0,0,0
43,147,137,0,77,244,0,0,0
43,147,138,0,80,167,0,0,0
43,147,139,0,0,87,0,0,0
43,147,140,0,30,87,0,0,0
43,147,141,0,30,57,0,0,0
43,147,142,0,0,27,0,0,0
43,147,143,0,0,27,0,0,0
43,147,144,0,0,27,0,0,0
43,147,145,0,20,27,0,0,0
43,147,146,0,0,7,0,0,0
44,153,0,12,0,2020,1,0,1
44,153,1,10,0,2008,1,0,1
44,153,2,25,0,1998,1,0,1
44,153,3,0,0,1973,0,0,0
44,153,4,0,0,1973,0,0,0
44,153,5,0,0,1973,0,0,0
44,153,6,0,0,1973,0,0,0
44,153,7,0,0,1973,0,0,0
44,153,8,0,0,1973,0,0,0
44,153,9,0,0,1973,0,0,0
44,153,10,0,0,1973,0,0,0
44,153,11,0,0,1973,0,0,0
44,153,12,0,0,1973,0,0,0
44,153,13,0,0,1973,0,0,0
44,153,14,0,0,1973,0,0,0
44,153,15,0,0,1973,0,0,0
44,153,16,0,0,1973,0,0,0
44,153,17,2,0,1973,1,0,1
44,153,18,0,0,1971,1,0,1
44,153,19,0,0,1971,1,0,1
44,153,20,10,0,1971,0,0,0
44,153,21,2,0,1961,0,0,0
44,153,22,3,0,1959,1,0,1
44,153,23,2,0,1956,1,0,1
44,153,24,0,0,1954,1,0,1
44,153,25,0,0,1954,0,0,0
44,153,26,0,0,1954,0,0,0
44,153,27,0,0,1954,0,0,0
44,153,28,0,0,1954,0,0,0
44,153,29,0,0,1954,0,0,0
44,153,30,0,0,1954,0,0,0
44,153,31,0,0,1954,0,0,0
44,153,32,0,0,1954,0,0,0
44,153,33,1,0,1954,0,0,0
44,153,34,2,0,1953,0,0,0
44,153,35,1,0,1951,0,0,0
44,153,36,1,0,1950,0,0,0
44,153,37,0,0,1949,0,0,0
44,153,38,0,0,1949,0,0,0
44,153,39,5,0,1949,0,0,0
44,153,40,1,0,1944,0,0,0
44,153,41,1,0,1943,0,0,0
44,153,42,0,0,1942,0,0,0
44,153,43,0,0,1942,0,0,0
44,153,44,0,0,1942,0,0,0
44,153,45,0,0,1942,0,0,0
44,153,46,0,0,1942,0,0,0
44,153,47,0,0,1942,0,0,0
44,153,48,0,0,1942,0,0,0
44,153,49,1,0,1942,0,0,0
44,153,50,1,0,1941,0,0,0
44,153,51,0,0,1940,0,0,0
44,153,52,0,0,1940,0,0,0
44,153,53,0,0,1940,0,0,0
44,153,54,4,0,1940,0,0,0
44,153,55,3,0,1936,0,0,0
44,153,56,0,0,1933,0,0,0
44,153,57,0,0,1933,0,0,0
44,153,58,0,0,1933,0,0,0
44,153,59,0,0,1933,0,0,0
44,153,60,5,0,1933,0,0,0
44,153,61,1,0,1928,1,0,1
44,153,62,0,0,1927,1,0,1
44,153,63,0,0,1927,1,0,1
44,153,64,0,0,1927,1,0,1
44,153,65,1,0,1927,0,0,0
44,153,66,1,0,1926,0,0,0
44,153,67,3,0,1925,0,0,0
44,153,68,0,0,1922,0,0,0
44,153,69,1,0,1922,0,0,0
44,153,70,0,0,1921,0,0,0
44,153,71,0,0,1921,0,0,0
44,153,72,0,0,1921,0,0,0
44,153,73,0,0,1921,0,0,0
44,153,74,0,0,1921,0,0,0
44,153,75,0,0,1921,0,0,0
44,153,76,0,0,1921,0,0,0
44,153,77,3,0,1921,0,0,0
44,153,78,1,0,1918,0,0,0
44,153,79,1,0,1917,0,0,0
44,153,80,0,0,1916,0,0,0
44,153,81,0,0,1916,0,0,0
44,153,82,0,0,1916,0,0,0
44,153,83,0,0,1916,0,0,0
44,153,84,2,0,1916,0,0,0
44,153,85,1,0,1914,0,0,0
44,153,86,2,0,1913,0,0,0
44,153,87,1,0,1911,0,0,0
44,153,88,0,0,1910,0,0,0
44,153,89,0,0,1910,0,0,0
44,153,90,0,0,1910,0,0,0
44,153,91,0,0,1910,0,0,0
44,153,92,4,0,1910,0,0,0
44,153,93,1,0,1906,0,0,0
44,153,94,0,0,1905,0,0,0
44,153,95,1,0,1905,0,0,0
44,153,96,1,0,1904,0,0,0
44,153,97,1,0,1903,0,0,0
44,153,98,1,0,1902,0,0,0
44,153,99,0,0,1901,0,0,0
44,153,100,2,0,1901,0,0,0
44,153,101,0,0,1899,0,0,0
44,153,102,0,0,1899,0,0,0
44,153,103,0,0,1899,0,0,0
44,153,104,0,0,1899,1,1,0
44,153,105,0,0,1899,1,1,0
44,153,106,0,0,1899,1,1,0
44,153,107,0,0,1899,1,1,0
44,153,108,0,0,1899,1,1,0
44,153,109,1,0,1899,1,1,0
44,153,110,0,0,1898,0,0,0
44,153,111,0,0,1898,0,0,0
44,153,112,1,0,1898,0,0,0
44,153,113,0,0,1897,0,0,0
44,153,114,0,0,1897,0,0,0
44,153,115,0,0,1897,0,0,0
44,153,116,0,0,1897,0,0,0
44,153,117,0,0,1897,0,0,0
44,153,118,0,0,1897,0,0,0
44,153,119,1,0,1897,0,0,0
44,153,120,2,0,1896,0,0,0
44,153,121,0,0,1894,0,0,0
44,153,122,0,0,1894,0,0,0
44,153,123,0,0,1894,0,0,0
44,153,124,1,0,1894,0,0,0
44,153,125,3,0,1893,0,0,0
44,153,126,1,0,1890,0,0,0
44,153,127,1,0,1889,0,0,0
44,153,128,0,0,1888,0,0,0
44,153,129,0,0,1888,0,0,0
44,153,130,0,0,1888,0,0,0
44,153,131,0,0,1888,0,0,0
44,153,132,0,0,1888,0,0,0
44,153,133,0,0,1888,0,0,0
44,153,134,0,0,1888,0,0,0
44,153,135,0,0,1888,0,0,0
44,153,136,0,0,1888,0,0,0
44,153,137,1,0,1888,0,0,0
44,153,138,0,0,1887,0,0,0
44,153,139,0,0,1887,0,0,0
44,153,140,0,0,1887,0,0,0
44,153,141,0,0,1887,0,0,0
44,153,142,0,0,1887,0,0,0
44,153,143,0,0,1887,0,0,0
44,153,144,0,0,1887,0,0,0
44,153,145,0,0,1887,0,0,0
44,153,146,0,0,1887,0,0,0
44,153,147,0,0,1887,0,0,0
44,153,148,0,0,1887,0,0,0
44,153,149,0,0,1887,0,0,0
44,153,150,0,0,1887,0,0,0
44,153,151,0,0,1887,0,0,0
44,153,152,0,0,1887,0,0,0
44,153,153,0,0,1887,0,0,0
45,147,0,0,0,1000,0,0,0
45,147,1,3,0,1000,1,0,1
45,147,2,13,0,997,1,0,1
45,147,3,0,0,984,0,0,0
45,147,4,0,0,984,0,0,0
45,147,5,2,0,984,0,0,0
45,147,6,0,0,982,0,0,0
45,147,7,0,0,982,0,0,0
45,147,8,0,0,982,0,0,0
45,147,9,0,0,982,0,0,0
45,147,10,1,0,982,0,0,0
45,147,11,2,0,981,0,0,0
45,147,12,4,0,979,0,0,0
45,147,13,0,0,975,0,0,0
45,147,14,3,0,975,0,0,0
45,147,15,1,0,972,0,0,0
45,147,16,2,0,971,0,0,0
45,147,17,0,0,969,1,0,1
45,147,18,1,0,969,1,0,1
45,147,19,1,0,968,0,0,0
45,147,20,1,0,967,0,0,0
45,147,21,2,0,966,0,0,0
45,147,22,2,0,964,0,0,0
45,147,23,0,0,962,0,0,0
45,147,24,0,0,962,0,0,0
45,147,25,0,0,962,0,0,0
45,147,26,0,0,962,0,0,0
45,147,27,0,0,962,0,0,0
45,147,28,0,0,962,0,0,0
45,147,29,0,0,962,0,0,0
45,147,30,1,0,962,0,0,0
45,147,31,1,0,961,0,0,0
45,147,32,0,0,960,0,0,0
45,147,33,0,0,960,0,0,0
45,147,34,0,0,960,1,0,1
45,147,35,0,0,960,1,0,1
45,147,36,0,0,960,1,0,1
45,147,37,0,0,960,1,0,1
45,147,38,0,0,960,1,0,1
45,147,39,0,0,960,1,0,1
45,147,40,0,0,960,0,0,0
45,147,41,0,0,960,0,0,0
45,147,42,0,0,960,0,0,0
45,147,43,0,0,960,0,0,0
45,147,44,0,0,960,0,0,0
45,147,45,0,0,960,0,0,0
45,147,46,0,0,960,0,0,0
45,147,47,0,0,960,0,0,0
45,147,48,0,0,960,0,0,0
45,147,49,0,0,960,0,0,0
45,147,50,0,0,960,0,0,0
45,147,51,0,0,960,1,0,1
45,147,52,0,0,960,1,0,1
45,147,53,0,0,960,1,0,1
45,147,54,0,0,960,0,0,0
45,147,55,0,0,960,0,0,0
45,147,56,0,0,960,0,0,0
45,147,57,1,0,960,0,0,0
45,147,58,0,0,959,0,0,0
45,147,59,0,0,959,0,0,0
45,147,60,0,0,959,1,0,1
45,147,61,0,0,959,1,0,1
45,147,62,0,0,959,1,0,1
45,147,63,0,0,959,0,0,0
45,147,64,0,0,959,0,0,0
45,147,65,0,0,959,0,0,0
45,147,66,0,0,959,0,0,0
45,147,67,0,0,959,0,0,0
45,147,68,0,0,959,0,0,0
45,147,69,0,0,959,1,1,0
45,147,70,0,0,959,1,1,0
45,147,71,0,0,959,1,1,0
45,147,72,0,0,959,1,1,0
45,147,73,0,0,959,1,1,0
45,147,74,0,0,959,0,0,0
45,147,75,0,0,959,0,0,0
45,147,76,0,0,959,1,1,0
45,147,77,0,0,959,1,1,0
45,147,78,0,0,959,1,1,0
45,147,79,0,0,959,1,1,0
45,147,80,0,0,959,1,1,0
45,147,81,0,0,959,1,1,0
45,147,82,0,0,959,0,0,0
45,147,83,0,0,959,0,0,0
45,147,84,0,0,959,0,0,0
45,147,85,0,0,959,0,0,0
45,147,86,0,0,959,0,0,0
45,147,87,0,0,959,0,0,0
45,147,88,0,0,959,0,0,0
45,147,89,1,0,959,0,0,0
45,147,90,1,0,958,0,0,0
45,147,91,0,0,957,0,0,0
45,147,92,0,0,957,0,0,0
45,147,93,0,0,957,0,0,0
45,147,94,0,0,957,0,0,0
45,147,95,0,0,957,0,0,0
45,147,96,0,0,957,0,0,0
45,147,97,0,0,957,0,0,0
45,147,98,0,0,957,0,0,0
45,147,99,0,0,957,0,0,0
45,147,100,0,0,957,0,0,0
45,147,101,0,0,957,0,0,0
45,147,102,0,0,957,0,0,0
45,147,103,0,0,957,0,0,0
45,147,104,0,0,957,0,0,0
45,147,105,0,0,957,0,0,0
45,147,106,0,0,957,0,0,0
45,147,107,0,0,957,0,0,0
45,147,108,0,0,957,0,0,0
45,147,109,0,0,957,0,0,0
45,147,110,0,0,957,0,0,0
45,147,111,0,0,957,0,0,0
45,147,112,0,0,957,0,0,0
45,147,113,0,0,957,0,0,0
45,147,114,0,0,957,0,0,0
45,147,115,1,0,957,0,0,0
45,147,116,0,0,956,0,0,0
45,147,117,0,0,956,0,0,0
45,147,118,0,0,956,0,0,0
45,147,119,0,0,956,0,0,0
45,147,120,0,0,956,0,0,0
45,147,121,0,0,956,0,0,0
45,147,122,0,0,956,0,0,0
45,147,123,0,0,956,0,0,0
45,147,124,0,0,956,0,0,0
45,147,125,0,0,956,0,0,0
45,147,126,0,0,956,0,0,0
45,147,127,0,0,956,0,0,0
45,147,128,0,0,956,0,0,0
45,147,129,0,0,956,0,0,0
45,147,130,0,0,956,0,0,0
45,147,131,0,0,956,0,0,0
45,147,132,1,0,956,0,0,0
45,147,133,0,0,955,0,0,0
45,147,134,0,0,955,0,0,0
45,147,135,0,0,955,0,0,0
45,147,136,0,0,955,0,0,0
45,147,137,0,440,955,0,0,0
45,147,138,0,63,515,0,0,0
45,147,139,0,143,452,0,0,0
45,147,140,0,0,309,0,0,0
45,147,141,0,0,309,0,0,0
45,147,142,0,36,309,0,0,0
45,147,143,0,83,273,0,0,0
45,147,144,0,134,190,0,0,0
45,147,145,0,25,56,0,0,0
45,147,146,0,0,31,0,0,0
46,149,0,0,0,2020,0,0,0
46,149,1,6,0,2020,0,0,0
46,149,2,6,0,2014,1,0,1
46,149,3,6,0,2008,1,0,1
46,149,4,2,0,2002,1,0,1
46,149,5,3,0,2000,0,0,0
46,149,6,2,0,1997,0,0,0
46,149,7,2,0,1995,0,0,0
46,149,8,2,0,1993,0,0,0
46,149,9,2,0,1991,1,0,1
46,149,10,1,0,1989,1,0,1
46,149,11,0,0,1988,1,0,1
46,149,12,0,0,1988,0,0,0
46,149,13,2,0,1988,0,0,0
46,149,14,3,0,1986,0,0,0
46,149,15,1,0,1983,0,0,0
46,149,16,1,0,1982,0,0,0
46,149,17,1,0,1981,0,0,0
46,149,18,0,0,1980,0,0,0
46,149,19,0,0,1980,0,0,0
46,149,20,1,0,1980,0,0,0
46,149,21,0,0,1979,0,0,0
46,149,22,2,0,1979,0,0,0
46,149,23,0,0,1977,0,0,0
46,149,24,0,0,1977,0,0,0
46,149,25,3,0,1977,0,0,0
46,149,26,0,0,1974,0,0,0
46,149,27,0,0,1974,0,0,0
46,149,28,1,0,1974,0,0,0
46,149,29,0,0,1973,0,0,0
46,149,30,0,0,1973,0,0,0
46,149,31,1,0,1973,0,0,0
46,149,32,5,0,1972,0,0,0
46,149,33,4,0,1967,0,0,0
46,149,34,0,0,1963,0,0,0
46,149,35,70,0,1963,0,0,0
46,149,37,65,0,1573,0,0,0
46,149,38,30,0,1508,0,0,0
46,149,39,20,0,1478,0,0,0
46,149,40,10,0,1458,0,0,0
46,149,41,3,0,1448,0,0,0
46,149,42,1,0,1445,0,0,0
46,149,43,1,0,1444,0,0,0
46,149,44,1,0,1443,0,0,0
46,149,45,0,0,1442,0,0,0
46,149,46,0,0,1442,0,0,0
46,149,47,0,0,1442,0,0,0
46,149,48,0,0,1442,0,0,0
46,149,49,0,0,1442,0,0,0
46,149,50,0,0,1442,0,0,0
46,149,51,0,0,1442,0,0,0
46,149,52,1,0,1442,0,0,0
46,149,53,0,0,1441,0,0,0
46,149,54,1,0,1441,0,0,0
46,149,55,0,0,1440,0,0,0
46,149,56,1,0,1440,0,0,0
46,149,57,0,0,1439,0,0,0
46,149,58,0,0,1439,0,0,0
46,149,59,1,0,1439,0,0,0
46,149,60,0,0,1438,0,0,0
46,149,61,0,0,1438,0,0,0
46,149,62,1,0,1438,0,0,0
46,149,63,0,0,1437,0,0,0
46,149,64,1,0,1437,0,0,0
46,149,65,0,0,1436,0,0,0
46,149,66,0,0,1436,0,0,0
46,149,67,1,0,1436,0,0,0
46,149,68,0,0,1435,0,0,0
46,149,69,0,0,1435,0,0,0
46,149,70,0,0,1435,1,1,0
46,149,71,1,0,1435,1,1,0
46,149,72,0,0,1434,0,0,0
46,149,73,0,0,1434,0,0,0
46,149,74,1,0,1434,0,0,0
46,149,75,1,0,1433,0,0,0
46,149,76,0,0,1432,0,0,0
46,149,77,0,0,1432,0,0,0
46,149,99,0,0,1432,0,0,0
46,149,100,0,0,1432,0,0,0
46,149,101,0,0,1432,0,0,0
46,149,102,0,0,1432,0,0,0
46,149,103,0,0,1432,0,0,0
46,149,104,1,0,1432,0,0,0
46,149,105,0,0,1431,0,0,0
46,149,106,0,0,1431,0,0,0
46,149,107,0,0,1431,0,0,0
46,149,108,0,0,1431,0,0,0
46,149,109,0,0,1431,0,0,0
46,149,110,1,0,1431,0,0,0
46,149,111,1,0,1430,0,0,0
46,149,112,0,0,1429,0,0,0
46,149,113,0,0,1429,0,0,0
46,149,114,0,0,1429,0,0,0
46,149,115,0,0,1429,0,0,0
46,149,116,0,0,1429,0,0,0
46,149,117,0,0,1429,0,0,0
46,149,118,0,0,1429,0,0,0
46,149,119,0,0,1429,0,0,0
46,149,120,0,0,1429,0,0,0
46,149,121,0,0,1429,0,0,0
46,149,122,0,0,1429,0,0,0
46,149,123,0,0,1429,0,0,0
46,149,124,1,0,1429,0,0,0
46,149,125,0,0,1428,0,0,0
46,149,126,0,0,1428,0,0,0
46,149,127,0,0,1428,0,0,0
46,149,128,0,0,1428,0,0,0
46,149,129,0,0,1428,0,0,0
46,149,130,0,0,1428,0,0,0
46,149,131,0,0,1428,0,0,0
46,149,132,1,0,1428,0,0,0
46,149,133,0,0,1427,0,0,0
46,149,134,0,0,1427,0,0,0
46,149,135,0,0,1427,0,0,0
46,149,136,0,0,1427,0,0,0
46,149,137,0,0,1427,0,0,0
46,149,138,0,0,1427,0,0,0
46,149,139,0,0,1427,1,1,0
46,149,140,0,0,1427,1,1,0
46,149,141,0,0,1427,1,1,0
46,149,142,0,273,1427,0,0,0
46,149,143,0,367,1154,0,0,0
46,149,144,0,218,787,0,0,0
46,149,145,0,260,569,0,0,0
46,149,146,0,272,309,0,0,0
46,149,147,0,0,37,0,0,0
46,149,148,0,0,37,0,0,0
47,145,0,3,0,1500,0,0,0
47,145,1,1,0,1497,0,0,0
47,145,2,1,0,1496,1,0,1
47,145,3,2,0,1495,1,0,1
47,145,4,1,0,1493,1,0,1
47,145,5,2,0,1492,1,0,1
47,145,6,0,0,1490,0,0,0
47,145,7,0,0,1490,0,0,0
47,145,8,0,0,1490,0,0,0
47,145,9,0,0,1490,0,0,0
47,145,10,0,0,1490,0,0,0
47,145,11,0,0,1490,0,0,0
47,145,12,0,0,1490,0,0,0
47,145,13,0,0,1490,0,0,0
47,145,14,0,0,1490,0,0,0
47,145,15,0,0,1490,0,0,0
47,145,16,0,0,1490,0,0,0
47,145,17,0,0,1490,0,0,0
47,145,18,0,0,1490,0,0,0
47,145,19,0,0,1490,0,0,0
47,145,20,0,0,1490,0,0,0
47,145,21,0,0,1490,0,0,0
47,145,22,0,0,1490,0,0,0
47,145,23,0,0,1490,0,0,0
47,145,24,0,0,1490,0,0,0
47,145,25,1,0,1490,0,0,0
47,145,26,1,0,1489,0,0,0
47,145,27,1,0,1488,0,0,0
47,145,28,1,0,1487,0,0,0
47,145,29,0,0,1486,0,0,0
47,145,30,0,0,1486,0,0,0
47,145,31,0,0,1486,0,0,0
47,145,32,0,0,1486,1,1,0
47,145,33,0,0,1486,1,1,0
47,145,34,0,0,1486,1,1,0
47,145,35,0,0,1486,1,1,0
47,145,36,0,0,1486,0,0,0
47,145,37,0,0,1486,0,0,0
47,145,38,0,0,1486,0,0,0
47,145,39,1,0,1486,0,0,0
47,145,40,1,0,1485,0,0,0
47,145,41,0,0,1484,0,0,0
47,145,42,0,0,1484,0,0,0
47,145,43,0,0,1484,0,0,0
47,145,44,0,0,1484,0,0,0
47,145,45,0,0,1484,0,0,0
47,145,46,0,0,1484,0,0,0
47,145,47,2,0,1484,0,0,0
47,145,48,0,0,1482,0,0,0
47,145,49,0,0,1482,0,0,0
47,145,50,0,0,1482,0,0,0
47,145,51,0,0,1482,0,0,0
47,145,52,0,0,1482,0,0,0
47,145,53,0,0,1482,0,0,0
47,145,54,0,0,1482,0,0,0
47,145,55,0,0,1482,0,0,0
47,145,56,0,0,1482,0,0,0
47,145,57,0,0,1482,0,0,0
47,145,58,0,0,1482,0,0,0
47,145,59,0,0,1482,0,0,0
47,145,60,1,0,1482,0,0,0
47,145,61,0,0,1481,0,0,0
47,145,62,0,0,1481,0,0,0
47,145,63,0,0,1481,0,0,0
47,145,64,0,0,1481,0,0,0
47,145,65,0,0,1481,0,0,0
47,145,66,0,0,1481,0,0,0
47,145,67,0,0,1481,0,0,0
47,145,68,0,0,1481,0,0,0
47,145,69,0,0,1481,0,0,0
47,145,70,0,0,1481,0,0,0
47,145,71,0,0,1481,0,0,0
47,145,72,0,0,1481,0,0,0
47,145,73,0,0,1481,0,0,0
47,145,74,0,0,1481,0,0,0
47,145,75,0,0,1481,0,0,0
47,145,76,0,0,1481,0,0,0
47,145,77,0,0,1481,0,0,0
47,145,78,0,0,1481,0,0,0
47,145,79,0,0,1481,0,0,0
47,145,80,1,0,1481,0,0,0
47,145,81,0,0,1480,0,0,0
47,145,82,0,0,1480,0,0,0
47,145,83,0,0,1480,0,0,0
47,145,84,0,0,1480,0,0,0
47,145,85,0,0,1480,0,0,0
47,145,86,0,0,1480,0,0,0
47,145,87,0,0,1480,0,0,0
47,145,88,0,0,1480,0,0,0
47,145,89,0,0,1480,0,0,0
47,145,90,0,0,1480,0,0,0
47,145,91,0,0,1480,0,0,0
47,145,92,0,0,1480,0,0,0
47,145,93,0,0,1480,1,1,0
47,145,94,0,0,1480,1,1,0
47,145,95,0,0,1480,1,1,0
47,145,96,0,0,1480,1,1,0
47,145,97,0,0,1480,0,0,0
47,145,98,0,0,1480,0,0,0
47,145,99,0,0,1480,0,0,0
47,145,100,0,0,1480,0,0,0
47,145,101,0,0,1480,0,0,0
47,145,102,62,0,1480,0,0,0
47,145,103,30,0,1418,0,0,0
47,145,104,8,0,1388,0,0,0
47,145,105,3,0,1380,0,0,0
47,145,106,1,0,1377,0,0,0
47,145,107,1,0,1376,1,1,0
47,145,108,0,0,1375,1,1,0
47,145,109,0,0,1375,1,1,0
47,145,110,0,0,1375,1,1,0
47,145,111,0,0,1375,1,1,0
47,145,112,0,0,1375,0,0,0
47,145,113,0,0,1375,0,0,0
47,145,114,0,0,1375,0,0,0
47,145,115,0,0,1375,0,0,0
47,145,116,0,0,1375,0,0,0
47,145,117,0,135,1375,0,0,0
47,145,118,0,250,1240,0,0,0
47,145,119,0,0,990,0,0,0
47,145,120,0,0,990,0,0,0
47,145,121,0,0,990,0,0,0
47,145,122,0,0,990,0,0,0
47,145,123,0,0,990,0,0,0
47,145,124,0,220,990,0,0,0
47,145,125,0,0,770,0,0,0
47,145,126,0,0,770,0,0,0
47,145,127,0,0,770,0,0,0
47,145,128,0,0,770,0,0,0
47,145,129,0,0,770,0,0,0
47,145,130,0,0,770,0,0,0
47,145,131,0,210,770,0,0,0
47,145,132,0,0,560,0,0,0
47,145,133,0,0,560,0,0,0
47,145,134,0,0,560,0,0,0
47,145,135,0,0,560,0,0,0
47,145,136,0,0,560,0,0,0
47,145,137,0,0,560,0,0,0
47,145,138,0,0,560,0,0,0
47,145,139,0,0,560,0,0,0
47,145,140,0,0,560,0,0,0
47,145,141,0,170,560,0,0,0
47,145,142,0,339,390,0,0,0
47,145,143,0,0,51,0,0,0
47,145,144,0,0,51,0,0,0
48,148,0,0,0,1015,1,0,1
48,148,1,6,0,1015,1,0,1
48,148,2,10,0,1009,1,0,1
48,148,3,5,0,999,0,0,0
48,148,4,9,0,994,0,0,0
48,148,5,0,0,985,0,0,0
48,148,6,0,0,985,1,1,1
48,148,7,0,0,985,1,1,1
48,148,8,0,0,985,1,1,1
48,148,9,1,0,985,0,0,0
48,148,10,2,0,984,0,0,0
48,148,11,0,0,982,0,0,0
48,148,12,0,0,982,0,0,0
48,148,13,0,0,982,0,0,0
48,148,14,0,0,982,0,0,0
48,148,15,0,0,982,0,0,0
48,148,16,0,0,982,0,0,0
48,148,17,0,0,982,0,0,0
48,148,18,0,0,982,0,0,0
48,148,19,0,0,982,0,0,0
48,148,20,0,0,982,0,0,0
48,148,21,0,0,982,0,0,0
48,148,22,0,0,982,0,0,0
48,148,23,0,0,982,0,0,0
48,148,24,0,0,982,0,0,0
48,148,25,0,0,982,0,0,0
48,148,26,0,0,982,0,0,0
48,148,27,0,0,982,0,0,0
48,148,28,0,0,982,0,0,0
48,148,29,0,0,982,0,0,0
48,148,30,0,0,982,0,0,0
48,148,31,0,0,982,0,0,0
48,148,32,0,0,982,0,0,0
48,148,33,0,0,982,0,0,0
48,148,34,0,0,982,0,0,0
48,148,35,0,0,982,0,0,0
48,148,36,0,0,982,0,0,0
48,148,37,0,0,982,0,0,0
48,148,38,0,0,982,0,0,0
48,148,39,0,0,982,0,0,0
48,148,40,1,0,982,0,0,0
48,148,41,1,0,981,0,0,0
48,148,42,0,0,980,0,0,0
48,148,43,0,0,980,0,0,0
48,148,44,0,0,980,0,0,0
48,148,45,0,0,980,0,0,0
48,148,46,0,0,980,0,0,0
48,148,47,0,0,980,0,0,0
48,148,48,0,0,980,0,0,0
48,148,49,0,0,980,0,0,0
48,148,50,0,0,980,0,0,0
48,148,51,0,0,980,0,0,0
48,148,52,0,0,980,0,0,0
48,148,53,0,0,980,0,0,0
48,148,54,0,0,980,0,0,0
48,148,55,0,0,980,0,0,0
48,148,56,0,0,980,0,0,0
48,148,57,0,0,980,0,0,0
48,148,58,0,0,980,0,0,0
48,148,59,0,0,980,0,0,0
48,148,60,0,0,980,0,0,0
48,148,61,0,0,980,0,0,0
48,148,62,2,0,980,0,0,0
48,148,63,0,0,978,0,0,0
48,148,64,0,0,978,0,0,0
48,148,65,0,0,978,0,0,0
48,148,66,0,0,978,0,0,0
48,148,67,0,0,978,0,0,0
48,148,68,0,0,978,0,0,0
48,148,69,0,0,978,0,0,0
48,148,70,0,0,978,0,0,0
48,148,71,0,0,978,0,0,0
48,148,72,0,0,978,0,0,0
48,148,73,0,0,978,0,0,0
48,148,74,0,0,978,0,0,0
48,148,75,0,0,978,0,0,0
48,148,76,1,0,978,0,0,0
48,148,77,0,0,977,0,0,0
48,148,78,0,0,977,0,0,0
48,148,79,0,0,977,0,0,0
48,148,80,0,0,977,0,0,0
48,148,81,0,0,977,0,0,0
48,148,82,0,0,977,0,0,0
48,148,83,0,0,977,0,0,0
48,148,84,0,0,977,0,0,0
48,148,85,0,0,977,0,0,0
48,148,86,0,0,977,0,0,0
48,148,87,0,0,977,0,0,0
48,148,88,0,0,977,0,0,0
48,148,89,0,0,977,0,0,0
48,148,90,0,0,977,0,0,0
48,148,91,0,0,977,0,0,0
48,148,92,0,0,977,1,1,0
48,148,93,0,0,977,1,1,0
48,148,94,0,0,977,1,1,0
48,148,95,0,0,977,1,0,1
48,148,96,0,0,977,1,1,0
48,148,97,0,0,977,1,1,0
48,148,98,0,0,977,0,0,0
48,148,99,0,0,977,0,0,0
48,148,100,0,0,977,0,0,0
48,148,101,0,0,977,0,0,0
48,148,102,0,0,977,0,0,0
48,148,103,0,0,977,0,0,0
48,148,104,0,0,977,0,0,0
48,148,105,0,0,977,0,0,0
48,148,106,0,0,977,0,0,0
48,148,107,0,0,977,0,0,0
48,148,108,0,0,977,0,0,0
48,148,109,0,0,977,0,0,0
48,148,110,0,0,977,0,0,0
48,148,111,0,0,977,0,0,0
48,148,112,0,0,977,0,0,0
48,148,113,0,0,977,0,0,0
48,148,114,0,0,977,0,0,0
48,148,115,0,0,977,0,0,0
48,148,116,0,0,977,0,0,0
48,148,117,0,0,977,0,0,0
48,148,118,0,0,977,0,0,0
48,148,119,0,0,977,0,0,0
48,148,120,0,37,977,0,0,0
48,148,121,0,0,940,0,0,0
48,148,122,0,0,940,0,0,0
48,148,123,0,0,940,0,0,0
48,148,124,0,0,940,0,0,0
48,148,125,0,0,940,0,0,0
48,148,126,0,209,940,0,0,0
48,148,127,0,0,731,0,0,0
48,148,128,1,0,731,0,0,0
48,148,129,0,0,730,0,0,0
48,148,130,0,0,730,0,0,0
48,148,131,0,0,730,0,0,0
48,148,132,0,173,730,0,0,0
48,148,133,0,191,557,0,0,0
48,148,134,0,0,366,0,0,0
48,148,135,0,0,366,0,0,0
48,148,136,0,0,366,0,0,0
48,148,137,0,198,366,0,0,0
48,148,138,0,0,168,0,0,0
48,148,139,0,0,168,0,0,0
48,148,140,0,128,168,0,0,0
48,148,141,0,0,40,0,0,0
48,148,142,0,0,40,0,0,0
48,148,143,0,0,40,0,0,0
48,148,144,0,0,40,0,0,0
48,148,145,0,0,40,0,0,0
48,148,146,0,0,40,0,0,0
48,148,147,0,0,40,0,0,0
49,87,0,6,0,3700,0,0,0
49,87,1,10,0,3694,0,0,0
49,87,2,12,0,3684,0,0,0
49,87,3,14,0,3672,0,0,0
49,87,4,10,0,3658,0,0,0
49,87,5,10,0,3648,0,0,0
49,87,6,13,0,3638,0,0,0
49,87,7,12,0,3625,0,0,0
49,87,8,10,0,3613,0,0,0
49,87,9,0,0,3603,0,0,0
49,87,10,0,0,3603,0,0,0
49,87,11,0,0,3603,0,0,0
49,87,12,5,0,3603,0,0,0
49,87,13,1,0,3598,0,0,0
49,87,14,0,0,3597,0,0,0
49,87,15,0,0,3597,0,0,0
49,87,16,0,0,3597,0,0,0
49,87,17,0,0,3597,0,0,0
49,87,18,0,0,3597,0,0,0
49,87,19,0,0,3597,0,0,0
49,87,20,0,0,3597,0,0,0
49,87,21,0,0,3597,0,0,0
49,87,22,0,0,3597,0,0,0
49,87,23,1,0,3597,0,0,0
49,87,24,1,0,3596,1,0,1
49,87,25,1,0,3595,1,0,1
49,87,26,2,0,3594,0,0,0
49,87,27,0,0,3592,0,0,0
49,87,28,0,0,3592,0,0,0
49,87,29,0,0,3592,0,0,0
49,87,30,0,0,3592,0,0,0
49,87,31,0,0,3592,0,0,0
49,87,32,0,0,3592,0,0,0
49,87,33,0,0,3592,0,0,0
49,87,34,0,0,3592,0,0,0
49,87,35,0,0,3592,0,0,0
49,87,36,0,0,3592,1,1,0
49,87,37,0,0,3592,1,1,0
49,87,38,1,0,3592,0,0,0
49,87,39,2,0,3591,0,0,0
49,87,40,0,0,3589,0,0,0
49,87,41,0,0,3589,0,0,0
49,87,42,0,0,3589,0,0,0
49,87,43,0,0,3589,0,0,0
49,87,44,0,0,3589,0,0,0
49,87,45,0,0,3589,0,0,0
49,87,46,0,0,3589,0,0,0
49,87,47,0,0,3589,0,0,0
49,87,48,0,0,3589,0,0,0
49,87,49,0,0,3589,0,0,0
49,87,50,0,0,3589,0,0,0
49,87,51,0,0,3589,0,0,0
49,87,52,0,0,3589,0,0,0
49,87,53,0,0,3589,0,0,0
49,87,54,0,0,3589,0,0,0
49,87,55,0,0,3589,0,0,0
49,87,56,0,0,3589,0,0,0
49,87,57,0,0,3589,0,0,0
49,87,58,0,0,3589,0,0,0
49,87,59,0,0,3589,0,0,0
49,87,60,0,0,3589,0,0,0
49,87,61,0,0,3589,0,0,0
49,87,62,0,0,3589,0,0,0
49,87,63,0,0,3589,0,0,0
49,87,64,1,0,3589,0,0,0
49,87,65,0,0,3588,0,0,0
49,87,66,0,0,3588,0,0,0
49,87,67,0,0,3588,0,0,0
49,87,68,0,0,3588,0,0,0
49,87,69,0,0,3588,0,0,0
49,87,70,0,0,3588,0,0,0
49,87,71,0,0,3588,0,0,0
49,87,72,0,0,3588,0,0,0
49,87,73,0,0,3588,0,0,0
49,87,74,0,0,3588,0,0,0
49,87,75,0,0,3588,0,0,0
49,87,76,0,0,3588,0,0,0
49,87,77,0,0,3588,0,0,0
49,87,78,0,0,3588,0,0,0
49,87,79,0,0,3588,0,0,0
49,87,80,0,0,3588,0,0,0
49,87,81,0,0,3588,0,0,0
49,87,82,0,0,3588,0,0,0
49,87,83,0,0,3588,0,0,0
49,87,84,0,0,3588,0,0,0
49,87,85,0,0,3588,0,0,0
49,87,86,0,0,3588,0,0,0
49,87,87,0,0,3588,0,0,0
50,130,0,0,0,2000,0,0,0
50,130,1,2,0,2000,0,0,0
50,130,2,10,0,1998,0,0,0
50,130,3,3,0,1988,0,0,0
50,130,4,5,0,1985,1,0,1
50,130,5,1,0,1980,1,0,1
50,130,6,1,0,1979,1,0,1
50,130,7,0,0,1978,0,0,0
50,130,8,0,0,1978,0,0,0
50,130,9,0,0,1978,0,0,0
50,130,10,0,0,1978,0,0,0
50,130,11,2,0,1978,0,0,0
50,130,12,1,0,1976,0,0,0
50,130,13,0,0,1975,0,0,0
50,130,14,0,0,1975,0,0,0
50,130,15,3,0,1975,0,0,0
50,130,16,0,0,1972,0,0,0
50,130,17,0,0,1972,0,0,0
50,130,18,0,0,1972,0,0,0
50,130,19,1,0,1972,1,0,1
50,130,20,1,0,1971,1,0,1
50,130,21,1,0,1970,1,0,1
50,130,22,0,0,1969,1,0,1
50,130,23,0,0,1969,0,0,0
50,130,24,0,0,1969,0,0,0
50,130,25,0,0,1969,0,0,0
50,130,26,1,0,1969,0,0,0
50,130,27,0,0,1968,0,0,0
50,130,28,0,0,1968,0,0,0
50,130,29,0,0,1968,0,0,0
50,130,30,0,0,1968,0,0,0
50,130,31,0,0,1968,0,0,0
50,130,32,7,0,1968,0,0,0
50,130,33,5,0,1961,0,0,0
50,130,34,0,0,1956,0,0,0
50,130,35,0,0,1956,0,0,0
50,130,36,2,0,1956,0,0,0
50,130,37,1,0,1954,0,0,0
50,130,38,1,0,1953,0,0,0
50,130,39,0,0,1952,0,0,0
50,130,40,0,0,1952,0,0,0
50,130,41,1,0,1952,0,0,0
50,130,42,0,0,1951,0,0,0
50,130,43,1,0,1951,0,0,0
50,130,44,0,0,1950,0,0,0
50,130,45,0,0,1950,0,0,0
50,130,46,1,0,1950,0,0,0
50,130,47,1,0,1949,0,0,0
50,130,48,2,0,1948,0,0,0
50,130,49,1,0,1946,0,0,0
50,130,50,0,0,1945,1,0,1
50,130,51,0,0,1945,1,0,1
50,130,52,0,0,1945,1,0,1
50,130,53,2,0,1945,0,0,0
50,130,54,1,0,1943,0,0,0
50,130,55,0,0,1942,0,0,0
50,130,56,1,0,1942,0,0,0
50,130,57,0,0,1941,0,0,0
50,130,58,1,0,1941,0,0,0
50,130,59,0,0,1940,0,0,0
50,130,60,1,0,1940,0,0,0
50,130,61,1,0,1939,0,0,0
50,130,62,1,0,1938,0,0,0
50,130,63,0,0,1937,1,1,0
50,130,64,1,0,1937,1,1,0
50,130,65,0,0,1936,1,1,0
50,130,66,0,0,1936,1,1,0
50,130,67,2,0,1936,0,0,0
50,130,68,1,0,1934,0,0,0
50,130,69,2,0,1933,0,0,0
50,130,70,2,0,1931,0,0,0
50,130,71,1,0,1929,0,0,0
50,130,72,1,0,1928,0,0,0
50,130,73,0,0,1927,0,0,0
50,130,74,0,0,1927,0,0,0
50,130,75,1,0,1927,0,0,0
50,130,76,1,0,1926,0,0,0
50,130,77,2,0,1925,0,0,0
50,130,78,0,0,1923,0,0,0
50,130,79,0,0,1923,0,0,0
50,130,80,0,0,1923,0,0,0
50,130,81,0,0,1923,0,0,0
50,130,82,1,0,1923,0,0,0
50,130,83,1,0,1922,0,0,0
50,130,84,2,0,1921,0,0,0
50,130,85,2,0,1919,0,0,0
50,130,86,0,0,1917,0,0,0
50,130,87,1,0,1917,0,0,0
50,130,88,0,0,1916,0,0,0
50,130,89,1,0,1916,0,0,0
50,130,90,0,0,1915,1,1,0
50,130,91,0,0,1915,1,1,0
50,130,92,0,0,1915,1,1,0
50,130,93,1,0,1915,0,0,0
50,130,94,0,0,1914,0,0,0
50,130,95,0,0,1914,0,0,0
50,130,96,1,0,1914,0,0,0
50,130,97,0,0,1913,0,0,0
50,130,98,0,0,1913,0,0,0
50,130,99,0,0,1913,0,0,0
50,130,100,0,0,1913,0,0,0
50,130,101,0,0,1913,0,0,0
50,130,102,0,0,1913,0,0,0
50,130,103,0,0,1913,0,0,0
50,130,104,0,0,1913,0,0,0
50,130,105,0,0,1913,0,0,0
50,130,106,0,0,1913,0,0,0
50,130,107,0,0,1913,0,0,0
50,130,108,0,0,1913,0,0,0
50,130,109,1,0,1913,0,0,0
50,130,110,0,0,1912,0,0,0
50,130,111,0,0,1912,0,0,0
50,130,112,0,0,1912,0,0,0
50,130,113,0,0,1912,0,0,0
50,130,114,0,0,1912,0,0,0
50,130,115,0,0,1912,0,0,0
50,130,116,0,0,1912,0,0,0
50,130,117,0,0,1912,0,0,0
50,130,118,0,0,1912,0,0,0
50,130,119,0,90,1912,0,0,0
50,130,120,1,0,1822,0,0,0
50,130,121,0,0,1821,0,0,0
50,130,122,0,186,1821,0,0,0
50,130,123,0,58,1635,0,0,0
50,130,124,0,422,1577,0,0,0
50,130,125,0,405,1155,0,0,0
50,130,126,0,492,750,0,0,0
50,130,127,0,72,258,0,0,0
50,130,128,0,165,186,0,0,0
50,130,129,0,0,21,0,0,0
51,130,0,10,0,2000,0,0,0
51,130,1,5,0,1990,1,0,1
51,130,2,2,0,1985,1,0,1
51,130,3,1,0,1983,0,0,0
51,130,4,2,0,1982,0,0,0
51,130,5,3,0,1980,0,0,0
51,130,6,3,0,1977,0,0,0
51,130,7,0,0,1974,0,0,0
51,130,8,0,0,1974,0,0,0
51,130,9,0,0,1974,0,0,0
51,130,10,0,0,1974,0,0,0
51,130,11,1,0,1974,0,0,0
51,130,12,2,0,1973,0,0,0
51,130,13,0,0,1971,0,0,0
51,130,14,0,0,1971,0,0,0
51,130,15,0,0,1971,0,0,0
51,130,16,0,0,1971,0,0,0
51,130,17,0,0,1971,0,0,0
51,130,18,0,0,1971,0,0,0
51,130,19,0,0,1971,0,0,0
51,130,20,0,0,1971,0,0,0
51,130,21,0,0,1971,0,0,0
51,130,22,1,0,1971,0,0,0
51,130,23,0,0,1970,0,0,0
51,130,24,0,0,1970,0,0,0
51,130,25,0,0,1970,0,0,0
51,130,26,0,0,1970,0,0,0
51,130,27,0,0,1970,0,0,0
51,130,28,0,0,1970,0,0,0
51,130,29,0,0,1970,0,0,0
51,130,30,0,0,1970,0,0,0
51,130,31,0,0,1970,0,0,0
51,130,32,0,0,1970,0,0,0
51,130,33,0,0,1970,0,0,0
51,130,34,0,0,1970,0,0,0
51,130,35,0,0,1970,0,0,0
51,130,36,0,0,1970,0,0,0
51,130,37,0,0,1970,0,0,0
51,130,38,0,0,1970,0,0,0
51,130,39,0,0,1970,0,0,0
51,130,40,0,0,1970,0,0,0
51,130,41,0,0,1970,0,0,0
51,130,42,0,0,1970,0,0,0
51,130,43,0,0,1970,0,0,0
51,130,44,0,0,1970,0,0,0
51,130,45,0,0,1970,0,0,0
51,130,46,0,0,1970,0,0,0
51,130,47,0,0,1970,0,0,0
51,130,48,0,0,1970,0,0,0
51,130,49,0,0,1970,0,0,0
51,130,50,0,0,1970,0,0,0
51,130,51,0,0,1970,0,0,0
51,130,52,0,0,1970,0,0,0
51,130,53,0,0,1970,0,0,0
51,130,54,0,0,1970,0,0,0
51,130,55,0,0,1970,0,0,0
51,130,56,0,0,1970,0,0,0
51,130,57,0,0,1970,0,0,0
51,130,58,0,0,1970,0,0,0
51,130,59,1,0,1970,0,0,0
51,130,60,0,0,1969,0,0,0
51,130,61,0,0,1969,0,0,0
51,130,62,0,0,1969,0,0,0
51,130,63,0,0,1969,0,0,0
51,130,64,0,0,1969,0,0,0
51,130,65,0,0,1969,0,0,0
51,130,66,0,0,1969,0,0,0
51,130,67,0,0,1969,0,0,0
51,130,68,0,0,1969,0,0,0
51,130,69,0,0,1969,0,0,0
51,130,70,0,0,1969,0,0,0
51,130,71,0,0,1969,0,0,0
51,130,72,0,0,1969,0,0,0
51,130,73,0,0,1969,0,0,0
51,130,74,0,0,1969,0,0,0
51,130,75,0,0,1969,0,0,0
51,130,76,0,0,1969,0,0,0
51,130,77,0,0,1969,0,0,0
51,130,78,0,0,1969,0,0,0
51,130,79,0,0,1969,0,0,0
51,130,80,2,0,1969,1,1,0
51,130,81,0,0,1967,1,1,0
51,130,82,0,0,1967,1,1,0
51,130,83,0,0,1967,1,1,0
51,130,84,0,0,1967,0,0,0
51,130,85,0,0,1967,0,0,0
51,130,86,0,0,1967,0,0,0
51,130,87,0,0,1967,0,0,0
51,130,88,0,0,1967,0,0,0
51,130,89,0,0,1967,0,0,0
51,130,90,0,0,1967,0,0,0
51,130,91,0,0,1967,0,0,0
51,130,92,0,0,1967,0,0,0
51,130,93,0,0,1967,0,0,0
51,130,94,0,0,1967,0,0,0
51,130,95,0,0,1967,0,0,0
51,130,96,0,0,1967,0,0,0
51,130,97,0,0,1967,0,0,0
51,130,98,0,0,1967,0,0,0
51,130,99,0,0,1967,1,1,0
51,130,100,0,0,1967,1,1,0
51,130,101,0,0,1967,1,1,0
51,130,102,0,0,1967,0,0,0
51,130,103,0,0,1967,0,0,0
51,130,104,0,0,1967,0,0,0
51,130,106,0,0,1967,0,0,0
51,130,107,0,0,1967,0,0,0
51,130,108,0,0,1967,0,0,0
51,130,109,0,0,1967,0,0,0
51,130,110,0,0,1967,0,0,0
51,130,111,1,0,1967,0,0,0
51,130,112,0,0,1966,0,0,0
51,130,113,0,0,1966,0,0,0
51,130,114,0,0,1966,0,0,0
51,130,115,0,0,1966,0,0,0
51,130,116,0,0,1966,0,0,0
51,130,117,1,0,1966,0,0,0
51,130,118,0,0,1965,0,0,0
51,130,119,0,0,1965,0,0,0
51,130,120,0,0,1965,0,0,0
51,130,121,0,228,1965,0,0,0
51,130,122,0,0,1737,0,0,0
51,130,123,0,166,1737,0,0,0
51,130,124,0,295,1571,0,0,0
51,130,125,0,20,1276,0,0,0
51,130,126,0,250,1256,0,0,0
51,130,127,0,55,1006,0,0,0
51,130,128,0,0,951,0,0,0
51,130,129,0,0,951,0,0,0
52,135,0,1,0,1000,0,0,0
52,135,1,100,0,999,0,0,0
52,135,2,0,0,899,1,0,1
52,135,3,0,0,899,1,0,1
52,135,4,1,0,899,1,0,1
52,135,5,0,0,898,1,0,1
52,135,6,0,0,898,0,0,0
52,135,7,0,0,898,0,0,0
52,135,8,1,0,898,0,0,0
52,135,9,1,0,897,0,0,0
52,135,10,0,0,896,0,0,0
52,135,11,0,0,896,0,0,0
52,135,12,0,0,896,0,0,0
52,135,13,0,0,896,0,0,0
52,135,14,0,0,896,0,0,0
52,135,15,0,0,896,0,0,0
52,135,16,0,0,896,0,0,0
52,135,17,0,0,896,0,0,0
52,135,18,0,0,896,0,0,0
52,135,19,2,0,896,0,0,0
52,135,20,1,0,894,0,0,0
52,135,21,0,0,893,0,0,0
52,135,22,0,0,893,0,0,0
52,135,23,0,0,893,0,0,0
52,135,24,0,0,893,0,0,0
52,135,25,0,0,893,0,0,0
52,135,26,1,0,893,0,0,0
52,135,27,1,0,892,0,0,0
52,135,28,0,0,891,0,0,0
52,135,29,0,0,891,1,1,0
52,135,30,0,0,891,1,1,0
52,135,31,0,0,891,1,1,0
52,135,32,0,0,891,1,1,0
52,135,33,0,0,891,0,0,0
52,135,34,0,0,891,0,0,0
52,135,35,0,0,891,0,0,0
52,135,36,0,0,891,0,0,0
52,135,37,0,0,891,0,0,0
52,135,38,1,0,891,0,0,0
52,135,39,0,0,890,0,0,0
52,135,40,0,0,890,0,0,0
52,135,41,0,0,890,0,0,0
52,135,42,0,0,890,0,0,0
52,135,43,1,0,890,0,0,0
52,135,44,0,0,889,0,0,0
52,135,45,0,0,889,0,0,0
52,135,46,0,0,889,0,0,0
52,135,47,0,0,889,0,0,0
52,135,48,0,0,889,0,0,0
52,135,49,1,0,889,0,0,0
52,135,50,1,0,888,0,0,0
52,135,51,0,0,887,0,0,0
52,135,52,0,0,887,0,0,0
52,135,53,0,0,887,0,0,0
52,135,54,0,0,887,0,0,0
52,135,55,0,0,887,0,0,0
52,135,56,0,0,887,0,0,0
52,135,57,1,0,887,0,0,0
52,135,58,1,0,886,0,0,0
52,135,59,2,0,885,0,0,0
52,135,60,0,0,883,0,0,0
52,135,61,0,0,883,0,0,0
52,135,62,0,0,883,0,0,0
52,135,63,0,0,883,0,0,0
52,135,64,0,0,883,0,0,0
52,135,65,0,0,883,0,0,0
52,135,66,0,0,883,0,0,0
52,135,67,0,0,883,0,0,0
52,135,68,0,0,883,0,0,0
52,135,69,0,0,883,0,0,0
52,135,70,1,0,883,0,0,0
52,135,71,0,0,882,0,0,0
52,135,72,0,0,882,0,0,0
52,135,73,0,0,882,0,0,0
52,135,74,0,0,882,0,0,0
52,135,75,0,0,882,0,0,0
52,135,76,0,0,882,0,0,0
52,135,77,0,0,882,1,0,1
52,135,78,0,0,882,1,0,1
52,135,79,0,0,882,1,0,1
52,135,80,0,0,882,1,0,1
52,135,81,0,0,882,0,0,0
52,135,82,0,0,882,1,1,0
52,135,83,0,0,882,1,1,0
52,135,84,1,0,882,1,1,0
52,135,85,0,0,881,1,1,0
52,135,86,0,0,881,1,1,0
52,135,87,0,0,881,0,0,0
52,135,88,0,0,881,0,0,0
52,135,89,0,0,881,0,0,0
52,135,90,0,0,881,0,0,0
52,135,91,0,0,881,0,0,0
52,135,92,0,0,881,1,0,1
52,135,93,0,0,881,1,0,1
52,135,94,0,0,881,1,0,1
52,135,95,0,0,881,1,0,1
52,135,96,0,0,881,0,0,0
52,135,97,0,0,881,0,0,0
52,135,98,1,0,881,0,0,0
52,135,99,0,0,880,0,0,0
52,135,100,0,0,880,0,0,0
52,135,101,0,0,880,0,0,0
52,135,102,0,0,880,0,0,0
52,135,103,0,0,880,0,0,0
52,135,104,1,0,880,0,0,0
52,135,105,0,0,879,0,0,0
52,135,106,1,0,879,0,0,0
52,135,107,0,0,878,0,0,0
52,135,108,0,0,878,0,0,0
52,135,109,0,280,878,0,0,0
52,135,110,0,0,598,0,0,0
52,135,111,0,0,598,0,0,0
52,135,112,0,0,598,0,0,0
52,135,113,0,173,598,0,0,0
52,135,114,0,0,425,0,0,0
52,135,115,0,0,425,0,0,0
52,135,116,0,0,425,0,0,0
52,135,117,0,228,425,0,0,0
52,135,118,0,0,197,0,0,0
52,135,119,0,0,197,0,0,0
52,135,120,0,0,197,0,0,0
52,135,121,0,0,197,0,0,0
52,135,122,0,70,197,0,0,0
52,135,123,0,0,127,0,0,0
52,135,124,0,0,127,0,0,0
52,135,125,0,0,127,0,0,0
52,135,126,0,0,127,0,0,0
52,135,127,0,0,127,0,0,0
52,135,128,0,0,127,0,0,0
52,135,129,0,0,127,0,0,0
52,135,130,0,0,127,0,0,0
52,135,131,0,0,127,0,0,0
52,135,132,0,0,127,0,0,0
52,135,133,0,127,127,0,0,0
52,135,134,0,0,0,0,0,0
53,110,0,12,0,3000,0,0,0
53,110,1,6,0,2988,1,0,1
53,110,2,6,0,2982,1,0,1
53,110,3,2,0,2976,1,0,1
53,110,4,2,0,2974,0,0,0
53,110,5,2,0,2972,0,0,0
53,110,6,0,0,2970,0,0,0
53,110,7,0,0,2970,0,0,0
53,110,8,0,0,2970,0,0,0
53,110,9,0,0,2970,0,0,0
53,110,10,0,0,2970,0,0,0
53,110,11,0,0,2970,0,0,0
53,110,12,1,0,2970,0,0,0
53,110,13,0,0,2969,0,0,0
53,110,14,0,0,2969,0,0,0
53,110,15,0,0,2969,0,0,0
53,110,16,0,0,2969,0,0,0
53,110,17,0,0,2969,0,0,0
53,110,18,0,0,2969,0,0,0
53,110,19,0,0,2969,0,0,0
53,110,20,0,0,2969,0,0,0
53,110,21,0,0,2969,1,1,0
53,110,22,2,0,2969,1,1,0
53,110,23,0,0,2967,1,1,0
53,110,24,0,0,2967,0,0,0
53,110,25,0,0,2967,0,0,0
53,110,26,0,0,2967,0,0,0
53,110,27,0,0,2967,0,0,0
53,110,28,0,0,2967,1,1,0
53,110,29,0,0,2967,1,1,0
53,110,30,0,0,2967,1,1,0
53,110,31,0,0,2967,0,0,0
53,110,32,0,0,2967,0,0,0
53,110,33,0,0,2967,0,0,0
53,110,34,0,0,2967,0,0,0
53,110,35,0,0,2967,0,0,0
53,110,36,0,0,2967,0,0,0
53,110,37,0,0,2967,0,0,0
53,110,38,0,0,2967,0,0,0
53,110,39,3,0,2967,0,0,0
53,110,40,1,0,2964,0,0,0
53,110,41,1,0,2963,0,0,0
53,110,42,0,0,2962,0,0,0
53,110,43,0,0,2962,0,0,0
53,110,44,0,0,2962,0,0,0
53,110,45,0,0,2962,0,0,0
53,110,46,0,0,2962,0,0,0
53,110,47,0,0,2962,0,0,0
53,110,48,0,0,2962,0,0,0
53,110,49,2,0,2962,0,0,0
53,110,50,0,0,2960,0,0,0
53,110,51,0,0,2960,0,0,0
53,110,52,0,0,2960,0,0,0
53,110,53,0,0,2960,0,0,0
53,110,54,0,0,2960,0,0,0
53,110,55,0,0,2960,0,0,0
53,110,56,0,0,2960,0,0,0
53,110,57,0,0,2960,0,0,0
53,110,58,0,0,2960,0,0,0
53,110,59,0,0,2960,0,0,0
53,110,60,0,0,2960,0,0,0
53,110,61,0,0,2960,0,0,0
53,110,62,0,0,2960,0,0,0
53,110,63,0,0,2960,0,0,0
53,110,64,0,0,2960,0,0,0
53,110,65,0,0,2960,1,0,1
53,110,66,0,0,2960,1,0,1
53,110,67,0,0,2960,1,0,1
53,110,68,0,0,2960,0,0,0
53,110,69,0,0,2960,0,0,0
53,110,70,0,0,2960,0,0,0
53,110,71,0,0,2960,0,0,0
53,110,72,0,0,2960,0,0,0
53,110,73,0,0,2960,0,0,0
53,110,74,0,0,2960,0,0,0
53,110,75,0,0,2960,0,0,0
53,110,76,0,0,2960,0,0,0
53,110,77,0,0,2960,0,0,0
53,110,78,0,0,2960,0,0,0
53,110,79,0,0,2960,0,0,0
53,110,80,0,0,2960,0,0,0
53,110,81,0,0,2960,0,0,0
53,110,82,0,0,2960,0,0,0
53,110,83,0,0,2960,0,0,0
53,110,84,0,0,2960,0,0,0
53,110,85,0,0,2960,0,0,0
53,110,86,0,0,2960,0,0,0
53,110,87,0,0,2960,0,0,0
53,110,88,0,0,2960,0,0,0
53,110,89,0,0,2960,1,1,0
53,110,90,0,0,2960,1,1,0
53,110,91,0,0,2960,1,1,0
53,110,92,0,0,2960,1,1,0
53,110,93,0,0,2960,1,1,0
53,110,94,0,0,2960,0,0,0
53,110,95,0,0,2960,0,0,0
53,110,96,0,0,2960,0,0,0
53,110,97,0,0,2960,0,0,0
53,110,98,0,400,2960,0,0,0
53,110,99,0,0,2560,0,0,0
53,110,100,1,0,2560,0,0,0
53,110,101,0,0,2559,0,0,0
53,110,102,0,0,2559,0,0,0
53,110,103,0,0,2559,0,0,0
53,110,104,0,0,2559,0,0,0
53,110,105,0,0,2559,0,0,0
53,110,106,3,0,2559,0,0,0
53,110,107,0,0,2556,0,0,0
53,110,108,0,0,2556,0,0,0
53,110,109,0,0,2556,0,0,0
54,134,0,0,0,1000,0,0,0
54,134,1,6,0,1000,0,0,0
54,134,2,10,0,994,1,0,1
54,134,3,5,0,984,1,0,1
54,134,4,9,0,979,1,0,1
54,134,5,0,0,970,0,0,0
54,134,6,0,0,970,0,0,0
54,134,7,0,0,970,0,0,0
54,134,8,0,0,970,0,0,0
54,134,9,0,0,970,0,0,0
54,134,10,1,0,970,0,0,0
54,134,11,2,0,969,0,0,0
54,134,12,0,0,967,0,0,0
54,134,13,0,0,967,0,0,0
54,134,14,0,0,967,0,0,0
54,134,15,0,0,967,0,0,0
54,134,16,0,0,967,0,0,0
54,134,17,3,0,967,0,0,0
54,134,18,0,0,964,0,0,0
54,134,19,0,0,964,1,1,0
54,134,20,0,0,964,1,1,0
54,134,21,0,0,964,1,1,0
54,134,22,1,0,964,0,0,0
54,134,23,1,0,963,0,0,0
54,134,24,2,0,962,1,0,1
54,134,25,0,0,960,1,0,1
54,134,26,0,0,960,1,0,1
54,134,27,0,0,960,1,0,1
54,134,28,0,0,960,0,0,0
54,134,29,0,0,960,0,0,0
54,134,30,0,0,960,0,0,0
54,134,31,0,0,960,0,0,0
54,134,32,0,0,960,0,0,0
54,134,33,0,0,960,0,0,0
54,134,34,0,0,960,0,0,0
54,134,35,0,0,960,0,0,0
54,134,36,0,0,960,1,1,0
54,134,37,0,0,960,1,1,0
54,134,38,1,0,960,1,1,0
54,134,39,1,0,959,0,0,0
54,134,40,2,0,958,0,0,0
54,134,41,1,0,956,0,0,0
54,134,42,0,0,955,0,0,0
54,134,43,0,0,955,0,0,0
54,134,44,0,0,955,0,0,0
54,134,45,0,0,955,0,0,0
54,134,46,0,0,955,0,0,0
54,134,47,0,0,955,0,0,0
54,134,48,0,0,955,0,0,0
54,134,49,0,0,955,0,0,0
54,134,50,0,0,955,0,0,0
54,134,51,0,0,955,0,0,0
54,134,52,0,0,955,0,0,0
54,134,53,0,0,955,0,0,0
54,134,54,0,0,955,0,0,0
54,134,55,0,0,955,0,0,0
54,134,56,0,0,955,0,0,0
54,134,57,0,0,955,0,0,0
54,134,58,0,0,955,0,0,0
54,134,59,0,0,955,0,0,0
54,134,60,0,0,955,0,0,0
54,134,61,0,0,955,0,0,0
54,134,62,0,0,955,0,0,0
54,134,63,1,0,955,0,0,0
54,134,64,0,0,954,0,0,0
54,134,65,0,0,954,0,0,0
54,134,66,0,0,954,0,0,0
54,134,67,0,0,954,0,0,0
54,134,68,0,0,954,0,0,0
54,134,69,1,0,954,0,0,0
54,134,70,2,0,953,0,0,0
54,134,71,0,0,951,0,0,0
54,134,72,0,0,951,0,0,0
54,134,73,0,0,951,0,0,0
54,134,74,0,0,951,0,0,0
54,134,75,0,0,951,0,0,0
54,134,76,0,0,951,0,0,0
54,134,77,0,0,951,0,0,0
54,134,78,0,0,951,0,0,0
54,134,79,0,0,951,0,0,0
54,134,80,1,0,951,0,0,0
54,134,81,0,0,950,0,0,0
54,134,82,0,0,950,0,0,0
54,134,83,0,0,950,0,0,0
54,134,84,0,0,950,0,0,0
54,134,85,0,0,950,0,0,0
54,134,86,0,0,950,0,0,0
54,134,87,0,0,950,0,0,0
54,134,88,0,0,950,0,0,0
54,134,89,0,0,950,0,0,0
54,134,90,0,0,950,0,0,0
54,134,91,0,0,950,0,0,0
54,134,92,0,0,950,0,0,0
54,134,93,0,0,950,0,0,0
54,134,94,0,0,950,0,0,0
54,134,95,0,0,950,1,0,1
54,134,96,0,0,950,1,0,1
54,134,97,0,0,950,1,0,1
54,134,98,0,0,950,1,0,1
54,134,99,0,0,950,1,0,1
54,134,100,0,0,950,1,0,1
54,134,101,0,0,950,1,0,1
54,134,102,0,0,950,0,0,0
54,134,103,0,0,950,0,0,0
54,134,104,0,0,950,0,0,0
54,134,105,0,0,950,0,0,0
54,134,106,0,0,950,0,0,0
54,134,107,0,0,950,0,0,0
54,134,108,0,0,950,0,0,0
54,134,109,0,0,950,0,0,0
54,134,110,0,0,950,0,0,0
54,134,111,0,0,950,0,0,0
54,134,112,0,0,950,0,0,0
54,134,113,0,0,950,0,0,0
54,134,114,0,0,950,0,0,0
54,134,115,0,0,950,0,0,0
54,134,116,0,0,950,0,0,0
54,134,117,0,0,950,0,0,0
54,134,118,0,0,950,0,0,0
54,134,119,0,0,950,0,0,0
54,134,120,0,120,950,0,0,0
54,134,121,0,0,830,0,0,0
54,134,122,0,150,830,0,0,0
54,134,123,0,0,680,0,0,0
54,134,124,0,0,680,0,0,0
54,134,125,0,0,680,0,0,0
54,134,126,0,680,680,0,0,0
54,134,127,0,0,0,0,0,0
54,134,128,0,0,0,0,0,0
54,134,129,0,0,0,0,0,0
54,134,130,0,0,0,0,0,0
54,134,131,0,0,0,0,0,0
54,134,132,0,0,0,0,0,0
54,134,133,0,0,0,0,0,0
55,153,0,0,0,3000,0,0,0
55,153,1,0,0,3000,1,0,1
55,153,2,0,0,3000,1,0,1
55,153,3,10,0,3000,1,0,1
55,153,4,15,0,2990,0,0,0
55,153,5,10,0,2975,0,0,0
55,153,6,0,0,2965,0,0,0
55,153,7,0,0,2965,0,0,0
55,153,8,5,0,2965,0,0,0
55,153,9,4,0,2960,0,0,0
55,153,10,3,0,2956,0,0,0
55,153,11,1,0,2953,0,0,0
55,153,12,1,0,2952,1,0,1
55,153,13,2,0,2951,1,0,1
55,153,14,0,0,2949,1,0,1
55,153,15,1,0,2949,0,0,0
55,153,16,1,0,2948,0,0,0
55,153,17,1,0,2947,0,0,0
55,153,18,1,0,2946,0,0,0
55,153,19,0,0,2945,0,0,0
55,153,20,0,0,2945,0,0,0
55,153,21,1,0,2945,0,0,0
55,153,22,1,0,2944,0,0,0
55,153,23,2,0,2943,0,0,0
55,153,24,3,0,2941,0,0,0
55,153,25,0,0,2938,0,0,0
55,153,26,0,0,2938,1,0,1
55,153,27,1,0,2938,1,0,1
55,153,28,0,0,2937,1,0,1
55,153,29,2,0,2937,0,0,0
55,153,30,0,0,2935,0,0,0
55,153,31,1,0,2935,0,0,0
55,153,32,0,0,2934,0,0,0
55,153,33,0,0,2934,0,0,0
55,153,34,0,0,2934,0,0,0
55,153,35,0,0,2934,0,0,0
55,153,36,1,0,2934,0,0,0
55,153,37,1,0,2933,0,0,0
55,153,38,1,0,2932,0,0,0
55,153,39,1,0,2931,0,0,0
55,153,40,2,0,2930,0,0,0
55,153,41,0,0,2928,1,1,0
55,153,42,0,0,2928,1,1,0
55,153,43,1,0,2928,1,1,0
55,153,44,3,0,2927,1,1,0
55,153,45,1,0,2924,1,1,0
55,153,46,1,0,2923,1,1,0
55,153,47,2,0,2922,0,0,0
55,153,48,1,0,2920,0,0,0
55,153,49,1,0,2919,0,0,0
55,153,50,1,0,2918,0,0,0
55,153,51,0,0,2917,0,0,0
55,153,52,1,0,2917,0,0,0
55,153,53,1,0,2916,0,0,0
55,153,54,0,0,2915,0,0,0
55,153,55,0,0,2915,0,0,0
55,153,56,0,0,2915,0,0,0
55,153,57,0,0,2915,0,0,0
55,153,58,1,0,2915,0,0,0
55,153,59,2,0,2914,0,0,0
55,153,60,1,0,2912,0,0,0
55,153,61,1,0,2911,0,0,0
55,153,62,0,0,2910,0,0,0
55,153,63,1,0,2910,1,1,0
55,153,64,0,0,2909,1,1,0
55,153,65,1,0,2909,1,1,0
55,153,66,0,0,2908,1,1,0
55,153,67,1,0,2908,1,1,0
55,153,68,1,0,2907,1,1,0
55,153,69,1,0,2906,0,0,0
55,153,70,0,0,2905,0,0,0
55,153,71,0,0,2905,0,0,0
55,153,72,0,0,2905,0,0,0
55,153,73,2,0,2905,0,0,0
55,153,74,2,0,2903,0,0,0
55,153,75,1,0,2901,0,0,0
55,153,76,1,0,2900,0,0,0
55,153,77,2,0,2899,0,0,0
55,153,78,1,0,2897,0,0,0
55,153,79,0,0,2896,0,0,0
55,153,80,1,0,2896,0,0,0
55,153,81,0,0,2895,0,0,0
55,153,82,2,0,2895,0,0,0
55,153,83,2,0,2893,0,0,0
55,153,84,0,0,2891,0,0,0
55,153,85,0,0,2891,0,0,0
55,153,86,1,0,2891,0,0,0
55,153,87,1,0,2890,0,0,0
55,153,88,1,0,2889,0,0,0
55,153,89,0,0,2888,0,0,0
55,153,90,0,0,2888,0,0,0
55,153,91,2,0,2888,0,0,0
55,153,92,1,0,2886,0,0,0
55,153,93,1,0,2885,0,0,0
55,153,94,1,0,2884,0,0,0
55,153,95,0,0,2883,0,0,0
55,153,96,0,0,2883,0,0,0
55,153,97,0,0,2883,0,0,0
55,153,98,1,0,2883,1,1,0
55,153,99,0,0,2882,0,0,0
55,153,100,0,0,2882,0,0,0
55,153,101,0,0,2882,0,0,0
55,153,102,0,0,2882,0,0,0
55,153,103,0,0,2882,0,0,0
55,153,104,0,0,2882,0,0,0
55,153,105,0,0,2882,0,0,0
55,153,106,0,0,2882,0,0,0
55,153,107,0,0,2882,0,0,0
55,153,108,0,0,2882,0,0,0
55,153,109,1,0,2882,0,0,0
55,153,110,0,0,2881,0,0,0
55,153,111,0,0,2881,0,0,0
55,153,112,0,0,2881,0,0,0
55,153,113,0,0,2881,0,0,0
55,153,114,0,0,2881,0,0,0
55,153,115,0,0,2881,0,0,0
55,153,116,0,0,2881,0,0,0
55,153,117,0,0,2881,0,0,0
55,153,118,0,0,2881,0,0,0
55,153,119,0,0,2881,0,0,0
55,153,120,1,0,2881,0,0,0
55,153,121,1,0,2880,0,0,0
55,153,122,0,0,2879,0,0,0
55,153,123,0,0,2879,0,0,0
55,153,124,0,0,2879,0,0,0
55,153,125,0,0,2879,0,0,0
55,153,126,0,0,2879,0,0,0
55,153,127,0,0,2879,0,0,0
55,153,128,0,0,2879,0,0,0
55,153,129,0,0,2879,0,0,0
55,153,130,0,0,2879,0,0,0
55,153,131,1,0,2879,0,0,0
55,153,132,0,0,2878,0,0,0
55,153,133,0,0,2878,0,0,0
55,153,134,0,0,2878,0,0,0
55,153,135,0,0,2878,0,0,0
55,153,136,0,470,2878,0,0,0
55,153,137,0,0,2408,0,0,0
55,153,138,0,0,2408,0,0,0
55,153,139,0,0,2408,0,0,0
55,153,140,0,380,2408,0,0,0
55,153,141,0,190,2028,0,0,0
55,153,142,0,100,1838,0,0,0
55,153,143,0,240,1738,0,0,0
55,153,144,0,150,1498,0,0,0
55,153,145,0,202,1348,0,0,0
55,153,146,0,370,1146,0,0,0
55,153,147,0,726,776,0,0,0
55,153,148,0,0,50,0,0,0
55,153,149,0,0,50,0,0,0
55,153,150,0,0,50,0,0,0
55,153,151,0,0,50,0,0,0
55,153,152,0,0,50,0,0,0
56,141,0,1,0,3000,0,0,0
56,141,1,1,0,2999,0,0,0
56,141,2,2,0,2998,0,0,0
56,141,3,1,0,2996,0,0,0
56,141,4,2,0,2995,0,0,0
56,141,5,2,0,2993,0,0,0
56,141,6,1,0,2991,0,0,0
56,141,7,0,0,2990,0,0,0
56,141,8,0,0,2990,0,0,0
56,141,9,5,0,2990,0,0,0
56,141,10,1,0,2985,0,0,0
56,141,11,2,0,2984,0,0,0
56,141,12,1,0,2982,0,0,0
56,141,13,1,0,2981,0,0,0
56,141,14,0,0,2980,0,0,0
56,141,15,0,0,2980,0,0,0
56,141,16,1,0,2980,0,0,0
56,141,17,2,0,2979,0,0,0
56,141,18,1,0,2977,0,0,0
56,141,19,1,0,2976,0,0,0
56,141,20,3,0,2975,0,0,0
56,141,21,2,0,2972,0,0,0
56,141,22,0,0,2970,0,0,0
56,141,23,0,0,2970,0,0,0
56,141,24,0,0,2970,0,0,0
56,141,25,0,0,2970,0,0,0
56,141,26,0,0,2970,0,0,0
56,141,27,0,0,2970,0,0,0
56,141,28,3,0,2970,0,0,0
56,141,29,4,0,2967,0,0,0
56,141,30,1,0,2963,0,0,0
56,141,31,1,0,2962,0,0,0
56,141,32,0,0,2961,0,0,0
56,141,33,0,0,2961,0,0,0
56,141,34,0,0,2961,0,0,0
56,141,35,1,0,2961,0,0,0
56,141,36,0,0,2960,0,0,0
56,141,37,0,0,2960,0,0,0
56,141,38,0,0,2960,0,0,0
56,141,39,0,0,2960,0,0,0
56,141,40,0,0,2960,0,0,0
56,141,41,0,0,2960,0,0,0
56,141,42,0,0,2960,0,0,0
56,141,43,0,0,2960,0,0,0
56,141,44,0,0,2960,0,0,0
56,141,45,0,0,2960,0,0,0
56,141,46,0,0,2960,0,0,0
56,141,47,1,0,2960,0,0,0
56,141,48,2,0,2959,0,0,0
56,141,49,0,0,2957,0,0,0
56,141,50,0,0,2957,0,0,0
56,141,51,0,0,2957,0,0,0
56,141,52,0,0,2957,0,0,0
56,141,53,0,0,2957,0,0,0
56,141,54,0,0,2957,0,0,0
56,141,55,0,0,2957,0,0,0
56,141,56,0,0,2957,0,0,0
56,141,57,1,0,2957,0,0,0
56,141,58,1,0,2956,0,0,0
56,141,59,0,0,2955,0,0,0
56,141,60,0,0,2955,0,0,0
56,141,61,0,0,2955,0,0,0
56,141,62,0,0,2955,0,0,0
56,141,63,0,0,2955,0,0,0
56,141,64,0,0,2955,0,0,0
56,141,65,0,0,2955,0,0,0
56,141,66,0,0,2955,0,0,0
56,141,67,0,0,2955,0,0,0
56,141,68,0,0,2955,0,0,0
56,141,69,0,0,2955,0,0,0
56,141,70,0,0,2955,0,0,0
56,141,71,0,0,2955,0,0,0
56,141,72,0,0,2955,0,0,0
56,141,73,0,0,2955,0,0,0
56,141,74,25,0,2955,0,0,0
56,141,75,10,0,2930,0,0,0
56,141,76,13,0,2920,0,0,0
56,141,77,2,0,2907,0,0,0
56,141,78,1,0,2905,0,0,0
56,141,79,0,0,2904,0,0,0
56,141,80,0,0,2904,0,0,0
56,141,81,0,0,2904,0,0,0
56,141,82,0,0,2904,0,0,0
56,141,83,0,0,2904,0,0,0
56,141,84,1,0,2904,0,0,0
56,141,85,0,0,2903,0,0,0
56,141,86,0,0,2903,0,0,0
56,141,87,0,0,2903,0,0,0
56,141,88,0,0,2903,0,0,0
56,141,89,0,0,2903,0,0,0
56,141,90,0,0,2903,0,0,0
56,141,91,0,0,2903,0,0,0
56,141,92,0,0,2903,0,0,0
56,141,93,0,0,2903,0,0,0
56,141,94,0,0,2903,0,0,0
56,141,95,0,0,2903,0,0,0
56,141,96,0,0,2903,0,0,0
56,141,97,0,0,2903,0,0,0
56,141,98,0,0,2903,0,0,0
56,141,99,0,0,2903,0,0,0
56,141,100,0,0,2903,0,0,0
56,141,101,0,0,2903,0,0,0
56,141,102,0,0,2903,1,1,0
56,141,103,0,0,2903,1,1,0
56,141,104,0,0,2903,1,1,0
56,141,105,0,0,2903,1,1,0
56,141,106,0,0,2903,1,1,0
56,141,107,0,0,2903,1,1,0
56,141,108,0,0,2903,0,0,0
56,141,109,0,0,2903,0,0,0
56,141,110,0,0,2903,0,0,0
56,141,111,0,0,2903,0,0,0
56,141,112,0,0,2903,0,0,0
56,141,113,1,0,2903,0,0,0
56,141,114,0,0,2902,0,0,0
56,141,115,0,0,2902,0,0,0
56,141,116,0,0,2902,0,0,0
56,141,117,0,0,2902,0,0,0
56,141,118,0,0,2902,0,0,0
56,141,119,0,0,2902,0,0,0
56,141,120,0,0,2902,0,0,0
56,141,121,0,0,2902,0,0,0
56,141,122,0,0,2902,0,0,0
56,141,123,1,0,2902,0,0,0
56,141,124,0,0,2901,0,0,0
56,141,125,0,0,2901,0,0,0
56,141,126,0,0,2901,0,0,0
56,141,127,0,0,2901,0,0,0
56,141,128,0,606,2901,0,0,0
56,141,129,0,740,2295,0,0,0
56,141,130,0,228,1555,0,0,0
56,141,131,0,0,1327,0,0,0
56,141,132,0,137,1327,0,0,0
56,141,133,0,455,1190,0,0,0
56,141,134,0,190,735,0,0,0
56,141,135,0,334,545,0,0,0
56,141,136,0,190,211,0,0,0
56,141,137,0,0,21,0,0,0
56,141,138,0,0,21,0,0,0
56,141,139,0,0,21,0,0,0
56,141,140,0,0,21,0,0,0
57,141,0,0,0,2000,1,0,1
57,141,1,1,0,2000,1,0,1
57,141,2,2,0,1999,1,0,1
57,141,3,1,0,1997,1,0,1
57,141,4,2,0,1996,1,0,1
57,141,5,2,0,1994,1,0,1
57,141,6,1,0,1992,1,0,1
57,141,7,0,0,1991,0,0,0
57,141,8,0,0,1991,0,0,0
57,141,9,1,0,1991,0,0,0
57,141,10,1,0,1990,0,0,0
57,141,11,2,0,1989,0,0,0
57,141,12,0,0,1987,0,0,0
57,141,13,0,0,1987,0,0,0
57,141,14,0,0,1987,0,0,0
57,141,15,1,0,1987,0,0,0
57,141,16,3,0,1986,0,0,0
57,141,17,0,0,1983,0,0,0
57,141,18,0,0,1983,0,0,0
57,141,19,0,0,1983,0,0,0
57,141,20,1,0,1983,0,0,0
57,141,21,0,0,1982,1,0,1
57,141,22,0,0,1982,1,0,1
57,141,23,1,0,1982,1,0,1
57,141,24,0,0,1981,0,0,0
57,141,25,0,0,1981,0,0,0
57,141,26,0,0,1981,0,0,0
57,141,27,0,0,1981,0,0,0
57,141,28,0,0,1981,0,0,0
57,141,29,0,0,1981,0,0,0
57,141,30,0,0,1981,0,0,0
57,141,31,1,0,1981,0,0,0
57,141,32,0,0,1980,0,0,0
57,141,33,0,0,1980,0,0,0
57,141,34,0,0,1980,1,0,1
57,141,35,0,0,1980,1,0,1
57,141,36,0,0,1980,1,0,1
57,141,37,0,0,1980,0,0,0
57,141,38,0,0,1980,0,0,0
57,141,39,0,0,1980,0,0,0
57,141,40,0,0,1980,0,0,0
57,141,41,1,0,1980,0,0,0
57,141,42,0,0,1979,0,0,0
57,141,43,0,0,1979,0,0,0
57,141,44,0,0,1979,0,0,0
57,141,45,0,0,1979,0,0,0
57,141,46,0,0,1979,0,0,0
57,141,47,0,0,1979,0,0,0
57,141,48,0,0,1979,0,0,0
57,141,49,0,0,1979,0,0,0
57,141,50,0,0,1979,0,0,0
57,141,51,0,0,1979,0,0,0
57,141,52,0,0,1979,0,0,0
57,141,53,0,0,1979,0,0,0
57,141,54,0,0,1979,0,0,0
57,141,55,0,0,1979,0,0,0
57,141,56,0,0,1979,0,0,0
57,141,57,0,0,1979,0,0,0
57,141,58,0,0,1979,0,0,0
57,141,59,0,0,1979,0,0,0
57,141,60,0,0,1979,0,0,0
57,141,61,0,0,1979,0,0,0
57,141,62,0,0,1979,0,0,0
57,141,63,1,0,1979,0,0,0
57,141,64,0,0,1978,0,0,0
57,141,65,0,0,1978,0,0,0
57,141,66,0,0,1978,0,0,0
57,141,67,0,0,1978,0,0,0
57,141,68,0,0,1978,0,0,0
57,141,69,0,0,1978,0,0,0
57,141,70,0,0,1978,0,0,0
57,141,71,0,0,1978,0,0,0
57,141,72,0,0,1978,0,0,0
57,141,73,0,0,1978,0,0,0
57,141,74,0,0,1978,0,0,0
57,141,75,0,0,1978,0,0,0
57,141,76,0,0,1978,0,0,0
57,141,77,0,0,1978,0,0,0
57,141,78,0,0,1978,0,0,0
57,141,79,0,0,1978,0,0,0
57,141,80,0,0,1978,0,0,0
57,141,81,0,0,1978,0,0,0
57,141,82,0,0,1978,1,1,0
57,141,83,0,0,1978,1,1,0
57,141,84,0,0,1978,1,1,0
57,141,85,0,0,1978,0,0,0
57,141,86,0,0,1978,0,0,0
57,141,87,0,0,1978,0,0,0
57,141,88,0,0,1978,0,0,0
57,141,89,0,0,1978,0,0,0
57,141,90,0,0,1978,0,0,0
57,141,91,0,0,1978,0,0,0
57,141,92,1,0,1978,0,0,0
57,141,93,0,0,1977,0,0,0
57,141,94,0,0,1977,0,0,0
57,141,95,1,0,1977,0,0,0
57,141,96,0,0,1976,0,0,0
57,141,97,0,0,1976,0,0,0
57,141,98,0,0,1976,0,0,0
57,141,99,0,0,1976,0,0,0
57,141,100,0,0,1976,0,0,0
57,141,101,0,0,1976,0,0,0
57,141,102,0,0,1976,0,0,0
57,141,103,0,0,1976,0,0,0
57,141,104,0,0,1976,0,0,0
57,141,105,0,0,1976,0,0,0
57,141,106,0,0,1976,0,0,0
57,141,107,0,0,1976,0,0,0
57,141,108,1,0,1976,0,0,0
57,141,109,0,0,1975,0,0,0
57,141,110,0,0,1975,0,0,0
57,141,111,0,0,1975,0,0,0
57,141,112,0,0,1975,0,0,0
57,141,113,0,0,1975,0,0,0
57,141,114,0,0,1975,0,0,0
57,141,115,1,0,1975,0,0,0
57,141,116,0,0,1974,0,0,0
57,141,117,0,0,1974,0,0,0
57,141,118,0,0,1974,0,0,0
57,141,119,0,0,1974,0,0,0
57,141,120,0,318,1974,0,0,0
57,141,121,0,0,1656,0,0,0
57,141,122,0,0,1656,0,0,0
57,141,123,0,0,1656,0,0,0
57,141,124,0,228,1656,0,0,0
57,141,125,0,0,1428,0,0,0
57,141,126,0,0,1428,0,0,0
57,141,127,0,500,1428,0,0,0
57,141,128,0,0,928,0,0,0
57,141,129,0,0,928,0,0,0
57,141,130,0,0,928,0,0,0
57,141,131,0,233,928,0,0,0
57,141,132,0,238,695,0,0,0
57,141,133,0,0,457,0,0,0
57,141,134,0,0,457,0,0,0
57,141,135,0,0,457,0,0,0
57,141,136,0,243,457,0,0,0
57,141,137,0,170,214,0,0,0
57,141,138,0,0,44,0,0,0
57,141,139,0,0,44,0,0,0
57,141,140,0,0,44,0,0,0
58,107,0,3,0,1000,1,0,1
58,107,1,1,0,997,1,0,1
58,107,2,3,0,996,1,0,1
58,107,3,1,0,993,0,0,0
58,107,4,2,0,992,0,0,0
58,107,5,2,0,990,0,0,0
58,107,6,1,0,988,0,0,0
58,107,7,2,0,987,0,0,0
58,107,8,0,0,985,0,0,0
58,107,9,0,0,985,0,0,0
58,107,10,0,0,985,1,0,1
58,107,11,0,0,985,1,0,1
58,107,12,0,0,985,0,0,0
58,107,13,1,0,985,0,0,0
58,107,14,2,0,984,0,0,0
58,107,15,1,0,982,0,0,0
58,107,16,0,0,981,0,0,0
58,107,17,0,0,981,0,0,0
58,107,18,0,0,981,0,0,0
58,107,19,0,0,981,1,1,0
58,107,20,0,0,981,1,1,0
58,107,21,3,0,981,1,1,0
58,107,22,0,0,978,0,0,0
58,107,23,0,0,978,0,0,0
58,107,24,0,0,978,0,0,0
58,107,25,1,0,978,0,0,0
58,107,26,2,0,977,0,0,0
58,107,27,0,0,975,0,0,0
58,107,28,0,0,975,0,0,0
58,107,29,0,0,975,0,0,0
58,107,30,0,0,975,1,1,0
58,107,31,0,0,975,1,1,0
58,107,32,0,0,975,1,1,0
58,107,33,0,0,975,1,1,0
58,107,34,0,0,975,0,0,0
58,107,35,0,0,975,0,0,0
58,107,36,0,0,975,1,1,0
58,107,37,0,0,975,1,1,0
58,107,38,0,0,975,1,1,0
58,107,39,0,0,975,1,1,0
58,107,40,1,0,975,0,0,0
58,107,41,0,0,974,0,0,0
58,107,42,0,0,974,0,0,0
58,107,43,0,0,974,0,0,0
58,107,44,0,0,974,0,0,0
58,107,45,0,0,974,0,0,0
58,107,46,0,0,974,0,0,0
58,107,47,0,0,974,0,0,0
58,107,48,0,0,974,0,0,0
58,107,49,0,0,974,0,0,0
58,107,50,0,0,974,0,0,0
58,107,51,0,0,974,0,0,0
58,107,52,0,0,974,0,0,0
58,107,53,0,0,974,0,0,0
58,107,54,0,0,974,0,0,0
58,107,55,0,0,974,0,0,0
58,107,56,0,0,974,0,0,0
58,107,57,0,0,974,0,0,0
58,107,58,0,0,974,0,0,0
58,107,59,0,0,974,0,0,0
58,107,60,0,0,974,0,0,0
58,107,61,0,0,974,0,0,0
58,107,62,0,0,974,0,0,0
58,107,63,0,0,974,0,0,0
58,107,64,0,0,974,0,0,0
58,107,65,0,0,974,0,0,0
58,107,66,0,0,974,0,0,0
58,107,67,0,0,974,0,0,0
58,107,68,0,0,974,0,0,0
58,107,69,0,0,974,0,0,0
58,107,70,0,0,974,0,0,0
58,107,71,0,0,974,0,0,0
58,107,72,0,0,974,0,0,0
58,107,73,0,0,974,0,0,0
58,107,74,0,0,974,0,0,0
58,107,75,0,0,974,0,0,0
58,107,76,0,0,974,0,0,0
58,107,77,0,0,974,0,0,0
58,107,78,0,0,974,0,0,0
58,107,79,0,0,974,0,0,0
58,107,80,1,0,974,0,0,0
58,107,81,0,0,973,0,0,0
58,107,82,0,0,973,0,0,0
58,107,83,0,0,973,0,0,0
58,107,84,0,0,973,0,0,0
58,107,85,0,0,973,0,0,0
58,107,86,0,0,973,0,0,0
58,107,87,0,0,973,0,0,0
58,107,88,0,0,973,0,0,0
58,107,89,0,0,973,0,0,0
58,107,90,0,0,973,0,0,0
58,107,91,0,0,973,0,0,0
58,107,92,0,0,973,0,0,0
58,107,93,0,0,973,0,0,0
58,107,94,0,0,973,0,0,0
58,107,95,0,0,973,0,0,0
58,107,96,0,0,973,0,0,0
58,107,97,1,0,973,0,0,0
58,107,98,0,0,972,0,0,0
58,107,99,0,0,972,0,0,0
58,107,100,0,0,972,0,0,0
58,107,101,0,0,972,0,0,0
58,107,102,0,0,972,1,0,1
58,107,103,0,0,972,1,0,1
58,107,104,0,0,972,1,0,1
58,107,105,0,0,972,0,0,0
58,107,106,0,0,972,0,0,0
58,107,107,1,0,972,0,0,0
59,152,0,1,0,1000,0,0,0
59,152,1,1,0,999,1,0,1
59,152,2,0,0,998,1,0,1
59,152,3,1,0,998,1,0,1
59,152,4,0,0,997,1,0,1
59,152,5,1,0,997,0,0,0
59,152,6,1,0,996,0,0,0
59,152,7,1,0,995,0,0,0
59,152,8,1,0,994,0,0,0
59,152,9,1,0,993,0,0,0
59,152,10,1,0,992,0,0,0
59,152,11,1,0,991,0,0,0
59,152,12,0,0,990,0,0,0
59,152,13,0,0,990,0,0,0
59,152,14,1,0,990,0,0,0
59,152,15,0,0,989,0,0,0
59,152,16,1,0,989,0,0,0
59,152,17,0,0,988,0,0,0
59,152,18,0,0,988,0,0,0
59,152,19,1,0,988,0,0,0
59,152,20,1,0,987,0,0,0
59,152,21,0,0,986,1,1,0
59,152,22,0,0,986,1,1,0
59,152,23,0,0,986,1,1,0
59,152,24,1,0,986,1,1,0
59,152,25,0,0,985,1,1,0
59,152,26,0,0,985,0,0,0
59,152,27,1,0,985,0,0,0
59,152,28,0,0,984,0,0,0
59,152,29,0,0,984,0,0,0
59,152,30,0,0,984,0,0,0
59,152,31,1,0,984,0,0,0
59,152,32,1,0,983,0,0,0
59,152,33,0,0,982,0,0,0
59,152,34,0,0,982,0,0,0
59,152,35,1,0,982,0,0,0
59,152,36,0,0,981,0,0,0
59,152,37,1,0,981,0,0,0
59,152,38,0,0,980,0,0,0
59,152,39,0,0,980,1,0,1
59,152,40,0,0,980,1,0,1
59,152,41,0,0,980,1,0,1
59,152,42,1,0,980,0,0,0
59,152,43,2,0,979,0,0,0
59,152,44,1,0,977,0,0,0
59,152,45,0,0,976,0,0,0
59,152,46,0,0,976,0,0,0
59,152,47,0,0,976,0,0,0
59,152,48,0,0,976,0,0,0
59,152,49,0,0,976,0,0,0
59,152,50,0,0,976,0,0,0
59,152,51,0,0,976,0,0,0
59,152,52,0,0,976,0,0,0
59,152,53,0,0,976,0,0,0
59,152,54,0,0,976,0,0,0
59,152,55,0,0,976,0,0,0
59,152,56,1,0,976,0,0,0
59,152,57,0,0,975,0,0,0
59,152,58,0,0,975,0,0,0
59,152,59,1,0,975,0,0,0
59,152,60,0,0,974,0,0,0
59,152,61,0,0,974,0,0,0
59,152,62,1,0,974,0,0,0
59,152,63,1,0,973,0,0,0
59,152,64,1,0,972,0,0,0
59,152,65,0,0,971,1,0,1
59,152,66,0,0,971,1,0,1
59,152,67,0,0,971,1,0,1
59,152,68,0,0,971,0,0,0
59,152,69,0,0,971,0,0,0
59,152,70,0,0,971,0,0,0
59,152,71,0,0,971,0,0,0
59,152,72,0,0,971,0,0,0
59,152,73,0,0,971,0,0,0
59,152,74,0,0,971,0,0,0
59,152,75,0,0,971,0,0,0
59,152,76,0,0,971,0,0,0
59,152,77,0,0,971,0,0,0
59,152,78,1,0,971,0,0,0
59,152,79,1,0,970,0,0,0
59,152,80,0,0,969,0,0,0
59,152,81,0,0,969,0,0,0
59,152,82,0,0,969,0,0,0
59,152,83,0,0,969,0,0,0
59,152,84,0,0,969,0,0,0
59,152,85,0,0,969,0,0,0
59,152,86,0,0,969,0,0,0
59,152,87,0,0,969,0,0,0
59,152,88,0,0,969,0,0,0
59,152,89,0,0,969,0,0,0
59,152,90,0,0,969,0,0,0
59,152,91,0,0,969,0,0,0
59,152,92,0,0,969,1,0,1
59,152,93,0,0,969,1,0,1
59,152,94,0,0,969,0,0,0
59,152,95,0,0,969,0,0,0
59,152,96,0,0,969,0,0,0
59,152,97,0,0,969,0,0,0
59,152,98,0,0,969,0,0,0
59,152,99,0,0,969,0,0,0
59,152,100,0,0,969,1,0,1
59,152,101,0,0,969,1,0,1
59,152,102,0,0,969,1,0,1
59,152,103,0,0,969,0,0,0
59,152,104,0,0,969,0,0,0
59,152,105,0,0,969,0,0,0
59,152,106,0,0,969,0,0,0
59,152,107,0,0,969,0,0,0
59,152,108,0,0,969,0,0,0
59,152,109,0,0,969,0,0,0
59,152,110,0,0,969,0,0,0
59,152,111,0,0,969,0,0,0
59,152,112,0,0,969,0,0,0
59,152,113,0,0,969,0,0,0
59,152,114,1,0,969,0,0,0
59,152,115,0,0,968,0,0,0
59,152,116,0,0,968,0,0,0
59,152,117,0,0,968,0,0,0
59,152,118,0,0,968,0,0,0
59,152,119,0,0,968,0,0,0
59,152,120,0,0,968,0,0,0
59,152,121,1,0,968,0,0,0
59,152,122,0,0,967,0,0,0
59,152,123,0,0,967,0,0,0
59,152,124,0,0,967,0,0,0
59,152,125,0,0,967,0,0,0
59,152,126,0,0,967,0,0,0
59,152,127,0,0,967,0,0,0
59,152,128,0,0,967,0,0,0
59,152,129,0,0,967,0,0,0
59,152,130,0,0,967,0,0,0
59,152,131,0,0,967,0,0,0
59,152,132,0,0,967,0,0,0
59,152,133,0,0,967,0,0,0
59,152,134,0,0,967,0,0,0
59,152,135,0,0,967,0,0,0
59,152,136,0,0,967,0,0,0
59,152,137,0,0,967,0,0,0
59,152,138,0,0,967,0,0,0
59,152,139,0,0,967,0,0,0
59,152,140,0,0,967,0,0,0
59,152,141,0,0,967,0,0,0
59,152,142,0,0,967,0,0,0
59,152,143,0,0,967,0,0,0
59,152,144,0,0,967,0,0,0
59,152,145,0,0,967,0,0,0
59,152,146,0,292,967,0,0,0
59,152,147,0,0,675,0,0,0
59,152,148,0,173,675,0,0,0
59,152,149,0,0,502,0,0,0
59,152,150,0,218,502,0,0,0
59,152,151,0,0,284,0,0,0
59,152,152,0,0,284,0,0,0
60,154,0,2,0,1500,0,0,0
60,154,1,1,0,1498,1,0,1
60,154,2,0,0,1497,1,0,1
60,154,3,1,0,1497,1,0,1
60,154,4,0,0,1496,0,0,0
60,154,5,0,0,1496,0,0,0
60,154,6,0,0,1496,0,0,0
60,154,7,0,0,1496,0,0,0
60,154,8,7,0,1496,0,0,0
60,154,9,5,0,1489,0,0,0
60,154,10,1,0,1484,0,0,0
60,154,11,1,0,1483,0,0,0
60,154,12,0,0,1482,0,0,0
60,154,13,0,0,1482,0,0,0
60,154,14,0,0,1482,0,0,0
60,154,15,4,0,1482,0,0,0
60,154,16,1,0,1478,0,0,0
60,154,17,2,0,1477,0,0,0
60,154,18,1,0,1475,0,0,0
60,154,19,0,0,1474,1,1,0
60,154,20,0,0,1474,0,0,0
60,154,21,3,0,1475,1,1,0
60,154,22,1,0,1472,0,0,0
60,154,23,1,0,1471,0,0,0
60,154,24,1,0,1470,0,0,0
60,154,25,2,0,1469,0,0,0
60,154,26,1,0,1467,0,0,0
60,154,27,2,0,1466,0,0,0
60,154,28,0,0,1464,0,0,0
60,154,29,0,0,1464,0,0,0
60,154,30,0,0,1464,0,0,0
60,154,31,2,0,1464,1,1,0
60,154,32,3,0,1462,1,1,0
60,154,33,1,0,1459,1,1,0
60,154,34,1,0,1458,0,0,0
60,154,35,0,0,1457,0,0,0
60,154,36,0,0,1457,0,0,0
60,154,37,0,0,1457,0,0,0
60,154,38,0,0,1457,0,0,0
60,154,39,0,0,1457,0,0,0
60,154,40,50,0,1458,0,0,0
60,154,41,57,0,1408,0,0,0
60,154,42,61,0,1351,0,0,0
60,154,43,54,0,1290,0,0,0
60,154,44,66,0,1236,0,0,0
60,154,45,49,0,1170,0,0,0
60,154,46,53,0,1121,0,0,0
60,154,47,57,0,1068,0,0,0
60,154,48,61,0,1011,0,0,0
60,154,49,53,0,950,0,0,0
60,154,50,50,0,897,0,0,0
60,154,51,79,0,847,0,0,0
60,154,52,65,0,768,0,0,0
60,154,53,59,0,703,0,0,0
60,154,54,5,0,644,0,0,0
60,154,55,1,0,639,0,0,0
60,154,56,2,0,638,0,0,0
60,154,57,1,0,636,0,0,0
60,154,58,0,0,635,0,0,0
60,154,59,0,0,635,0,0,0
60,154,60,0,0,635,0,0,0
60,154,61,0,0,635,0,0,0
60,154,62,0,0,635,0,0,0
60,154,63,3,0,635,0,0,0
60,154,64,1,0,632,0,0,0
60,154,65,1,0,631,0,0,0
60,154,66,0,0,630,0,0,0
60,154,67,0,0,630,0,0,0
60,154,68,0,0,630,0,0,0
60,154,69,0,0,630,0,0,0
60,154,70,0,0,630,0,0,0
60,154,71,0,0,630,0,0,0
60,154,72,0,0,630,0,0,0
60,154,73,0,0,630,0,0,0
60,154,74,0,0,630,0,0,0
60,154,75,1,0,630,0,0,0
60,154,76,0,0,629,0,0,0
60,154,77,0,0,629,0,0,0
60,154,78,0,0,629,0,0,0
60,154,79,1,0,629,0,0,0
60,154,80,0,0,628,0,0,0
60,154,81,0,0,628,0,0,0
60,154,82,0,0,628,0,0,0
60,154,83,0,0,628,0,0,0
60,154,84,0,0,628,0,0,0
60,154,85,0,0,628,0,0,0
60,154,86,0,0,628,0,0,0
60,154,87,0,0,628,0,0,0
60,154,88,0,0,628,0,0,0
60,154,89,0,0,628,0,0,0
60,154,90,1,0,628,0,0,0
60,154,91,0,0,627,0,0,0
60,154,92,0,0,627,0,0,0
60,154,93,0,0,627,0,0,0
60,154,94,0,0,627,0,0,0
60,154,95,0,0,627,0,0,0
60,154,96,0,0,627,0,0,0
60,154,97,0,0,627,0,0,0
60,154,98,0,0,627,0,0,0
60,154,99,0,0,627,0,0,0
60,154,100,0,0,627,0,0,0
60,154,101,0,0,627,0,0,0
60,154,102,0,0,627,0,0,0
60,154,103,0,0,627,0,0,0
60,154,104,0,0,627,0,0,0
60,154,105,0,0,627,0,0,0
60,154,106,0,0,627,0,0,0
60,154,107,0,0,627,0,0,0
60,154,108,0,0,627,0,0,0
60,154,109,0,0,627,0,0,0
60,154,110,0,0,627,0,0,0
60,154,111,0,0,627,0,0,0
60,154,112,0,0,627,0,0,0
60,154,113,0,0,627,0,0,0
60,154,114,0,0,627,0,0,0
60,154,115,0,0,627,0,0,0
60,154,116,0,0,627,0,0,0
60,154,117,0,0,627,0,0,0
60,154,118,0,0,627,0,0,0
60,154,119,0,0,627,0,0,0
60,154,120,0,0,627,0,0,0
60,154,121,0,0,627,0,0,0
60,154,122,0,0,627,0,0,0
60,154,123,0,0,627,0,0,0
60,154,124,0,0,627,0,0,0
60,154,125,0,0,627,0,0,0
60,154,126,0,0,627,0,0,0
60,154,127,0,0,627,0,0,0
60,154,128,0,0,627,0,0,0
60,154,129,0,0,627,0,0,0
60,154,130,0,0,627,0,0,0
60,154,131,0,0,627,0,0,0
60,154,132,0,0,627,0,0,0
60,154,133,0,0,627,0,0,0
60,154,134,0,0,627,0,0,0
60,154,135,0,0,627,0,0,0
60,154,136,0,0,627,0,0,0
60,154,137,0,0,627,0,0,0
60,154,138,0,135,627,0,0,0
60,154,139,0,0,492,0,0,0
60,154,140,0,112,492,0,0,0
60,154,141,0,112,380,0,0,0
60,154,142,0,0,380,0,0,0
60,154,143,0,0,380,0,0,0
60,154,144,0,93,380,0,0,0
60,154,145,0,0,287,0,0,0
60,154,146,0,0,287,0,0,0
60,154,147,0,115,172,0,0,0
60,154,148,0,0,172,0,0,0
60,154,149,0,0,172,0,0,0
60,154,150,0,60,172,0,0,0
60,154,151,0,0,0,0,0,0
60,154,152,0,0,0,0,0,0
60,154,153,0,0,0,0,0,0